<?xml version="1.0" encoding="utf-8"?>
<COLLADA xmlns="http://www.collada.org/2005/11/COLLADASchema" version="1.4.1">
  <asset>
    <contributor>
      <authoring_tool>Game Engine Standard Assets — StarterCharacter</authoring_tool>
    </contributor>
    <unit name="meter" meter="1"/>
    <up_axis>Y_UP</up_axis>
  </asset>
  <library_images>
    <image id="StarterCharacter_albedo-img" name="StarterCharacter_albedo">
      <init_from>textures/StarterCharacter_albedo.png</init_from>
    </image>
  </library_images>
  <library_effects>
    <effect id="StarterCharacter-fx">
      <profile_COMMON>
        <newparam sid="albedo-surface">
          <surface type="2D"><init_from>StarterCharacter_albedo-img</init_from></surface>
        </newparam>
        <newparam sid="albedo-sampler">
          <sampler2D><source>albedo-surface</source></sampler2D>
        </newparam>
        <technique sid="common">
          <lambert>
            <diffuse>
              <texture texture="albedo-sampler" texcoord="UVSET0"/>
            </diffuse>
          </lambert>
        </technique>
      </profile_COMMON>
    </effect>
  </library_effects>
  <library_materials>
    <material id="StarterCharacter-mat" name="StarterCharacter">
      <instance_effect url="#StarterCharacter-fx"/>
    </material>
  </library_materials>
  <library_geometries>
    <geometry id="StarterCharacter-mesh" name="StarterCharacter">
      <mesh>
        <source id="StarterCharacter-pos">
          <float_array id="StarterCharacter-pos-array" count="1296">
            -0.15000001 0.75 0.090000004 0.15000001 0.75 0.090000004 0.15000001 0.88999999
            0.090000004 -0.15000001 0.88999999 0.090000004 0.15000001 0.75 -0.090000004 -0.15000001
            0.75 -0.090000004 -0.15000001 0.88999999 -0.090000004 0.15000001 0.88999999 -0.090000004
            0.15000001 0.75 0.090000004 0.15000001 0.75 -0.090000004 0.15000001 0.88999999
            -0.090000004 0.15000001 0.88999999 0.090000004 -0.15000001 0.75 -0.090000004 -0.15000001
            0.75 0.090000004 -0.15000001 0.88999999 0.090000004 -0.15000001 0.88999999 -0.090000004
            -0.15000001 0.88999999 0.090000004 0.15000001 0.88999999 0.090000004 0.15000001 0.88999999
            -0.090000004 -0.15000001 0.88999999 -0.090000004 -0.15000001 0.75 -0.090000004 0.15000001
            0.75 -0.090000004 0.15000001 0.75 0.090000004 -0.15000001 0.75 0.090000004
            -0.13 0.86000001 0.079999998 0.13 0.86000001 0.079999998 0.13 1.02
            0.079999998 -0.13 1.02 0.079999998 0.13 0.86000001 -0.079999998 -0.13
            0.86000001 -0.079999998 -0.13 1.02 -0.079999998 0.13 1.02 -0.079999998
            0.13 0.86000001 0.079999998 0.13 0.86000001 -0.079999998 0.13 1.02
            -0.079999998 0.13 1.02 0.079999998 -0.13 0.86000001 -0.079999998 -0.13
            0.86000001 0.079999998 -0.13 1.02 0.079999998 -0.13 1.02 -0.079999998
            -0.13 1.02 0.079999998 0.13 1.02 0.079999998 0.13 1.02
            -0.079999998 -0.13 1.02 -0.079999998 -0.13 0.86000001 -0.079999998 0.13
            0.86000001 -0.079999998 0.13 0.86000001 0.079999998 -0.13 0.86000001 0.079999998
            -0.18000001 1.02 0.1 0.18000001 1.02 0.1 0.18000001 1.26
            0.1 -0.18000001 1.26 0.1 0.18000001 1.02 -0.1 -0.18000001
            1.02 -0.1 -0.18000001 1.26 -0.1 0.18000001 1.26 -0.1
            0.18000001 1.02 0.1 0.18000001 1.02 -0.1 0.18000001 1.26
            -0.1 0.18000001 1.26 0.1 -0.18000001 1.02 -0.1 -0.18000001
            1.02 0.1 -0.18000001 1.26 0.1 -0.18000001 1.26 -0.1
            -0.18000001 1.26 0.1 0.18000001 1.26 0.1 0.18000001 1.26
            -0.1 -0.18000001 1.26 -0.1 -0.18000001 1.02 -0.1 0.18000001
            1.02 -0.1 0.18000001 1.02 0.1 -0.18000001 1.02 0.1
            -0.045000002 1.27 0.045000002 0.045000002 1.27 0.045000002 0.045000002 1.37
            0.045000002 -0.045000002 1.37 0.045000002 0.045000002 1.27 -0.045000002 -0.045000002
            1.27 -0.045000002 -0.045000002 1.37 -0.045000002 0.045000002 1.37 -0.045000002
            0.045000002 1.27 0.045000002 0.045000002 1.27 -0.045000002 0.045000002 1.37
            -0.045000002 0.045000002 1.37 0.045000002 -0.045000002 1.27 -0.045000002 -0.045000002
            1.27 0.045000002 -0.045000002 1.37 0.045000002 -0.045000002 1.37 -0.045000002
            -0.045000002 1.37 0.045000002 0.045000002 1.37 0.045000002 0.045000002 1.37
            -0.045000002 -0.045000002 1.37 -0.045000002 -0.045000002 1.27 -0.045000002 0.045000002
            1.27 -0.045000002 0.045000002 1.27 0.045000002 -0.045000002 1.27 0.045000002
            -0.12 1.37 0.12 0.12 1.37 0.12 0.12 1.63
            0.12 -0.12 1.63 0.12 0.12 1.37 -0.12 -0.12
            1.37 -0.12 -0.12 1.63 -0.12 0.12 1.63 -0.12
            0.12 1.37 0.12 0.12 1.37 -0.12 0.12 1.63
            -0.12 0.12 1.63 0.12 -0.12 1.37 -0.12 -0.12
            1.37 0.12 -0.12 1.63 0.12 -0.12 1.63 -0.12
            -0.12 1.63 0.12 0.12 1.63 0.12 0.12 1.63
            -0.12 -0.12 1.63 -0.12 -0.12 1.37 -0.12 0.12
            1.37 -0.12 0.12 1.37 0.12 -0.12 1.37 0.12
            -0.13 1.5700001 0.11 0.13 1.5700001 0.11 0.13 1.67
            0.11 -0.13 1.67 0.11 0.13 1.5700001 -0.15000001 -0.13
            1.5700001 -0.15000001 -0.13 1.67 -0.15000001 0.13 1.67 -0.15000001
            0.13 1.5700001 0.11 0.13 1.5700001 -0.15000001 0.13 1.67
            -0.15000001 0.13 1.67 0.11 -0.13 1.5700001 -0.15000001 -0.13
            1.5700001 0.11 -0.13 1.67 0.11 -0.13 1.67 -0.15000001
            -0.13 1.67 0.11 0.13 1.67 0.11 0.13 1.67
            -0.15000001 -0.13 1.67 -0.15000001 -0.13 1.5700001 -0.15000001 0.13
            1.5700001 -0.15000001 0.13 1.5700001 0.11 -0.13 1.5700001 0.11
            -0.255 1 0.055 -0.145 1 0.055 -0.145 1.24
            0.055 -0.255 1.24 0.055 -0.145 1 -0.055 -0.255
            1 -0.055 -0.255 1.24 -0.055 -0.145 1.24 -0.055
            -0.145 1 0.055 -0.145 1 -0.055 -0.145 1.24
            -0.055 -0.145 1.24 0.055 -0.255 1 -0.055 -0.255
            1 0.055 -0.255 1.24 0.055 -0.255 1.24 -0.055
            -0.255 1.24 0.055 -0.145 1.24 0.055 -0.145 1.24
            -0.055 -0.255 1.24 -0.055 -0.255 1 -0.055 -0.145
            1 -0.055 -0.145 1 0.055 -0.255 1 0.055
            -0.245 0.77999997 0.045000002 -0.155 0.77999997 0.045000002 -0.155 1
            0.045000002 -0.245 1 0.045000002 -0.155 0.77999997 -0.045000002 -0.245
            0.77999997 -0.045000002 -0.245 1 -0.045000002 -0.155 1 -0.045000002
            -0.155 0.77999997 0.045000002 -0.155 0.77999997 -0.045000002 -0.155 1
            -0.045000002 -0.155 1 0.045000002 -0.245 0.77999997 -0.045000002 -0.245
            0.77999997 0.045000002 -0.245 1 0.045000002 -0.245 1 -0.045000002
            -0.245 1 0.045000002 -0.155 1 0.045000002 -0.155 1
            -0.045000002 -0.245 1 -0.045000002 -0.245 0.77999997 -0.045000002 -0.155
            0.77999997 -0.045000002 -0.155 0.77999997 0.045000002 -0.245 0.77999997 0.045000002
            -0.245 0.68000001 0.045000002 -0.155 0.68000001 0.045000002 -0.155 0.77999997
            0.045000002 -0.245 0.77999997 0.045000002 -0.155 0.68000001 -0.045000002 -0.245
            0.68000001 -0.045000002 -0.245 0.77999997 -0.045000002 -0.155 0.77999997 -0.045000002
            -0.155 0.68000001 0.045000002 -0.155 0.68000001 -0.045000002 -0.155 0.77999997
            -0.045000002 -0.155 0.77999997 0.045000002 -0.245 0.68000001 -0.045000002 -0.245
            0.68000001 0.045000002 -0.245 0.77999997 0.045000002 -0.245 0.77999997 -0.045000002
            -0.245 0.77999997 0.045000002 -0.155 0.77999997 0.045000002 -0.155 0.77999997
            -0.045000002 -0.245 0.77999997 -0.045000002 -0.245 0.68000001 -0.045000002 -0.155
            0.68000001 -0.045000002 -0.155 0.68000001 0.045000002 -0.245 0.68000001 0.045000002
            0.145 1 0.055 0.255 1 0.055 0.255 1.24
            0.055 0.145 1.24 0.055 0.255 1 -0.055 0.145
            1 -0.055 0.145 1.24 -0.055 0.255 1.24 -0.055
            0.255 1 0.055 0.255 1 -0.055 0.255 1.24
            -0.055 0.255 1.24 0.055 0.145 1 -0.055 0.145
            1 0.055 0.145 1.24 0.055 0.145 1.24 -0.055
            0.145 1.24 0.055 0.255 1.24 0.055 0.255 1.24
            -0.055 0.145 1.24 -0.055 0.145 1 -0.055 0.255
            1 -0.055 0.255 1 0.055 0.145 1 0.055
            0.155 0.77999997 0.045000002 0.245 0.77999997 0.045000002 0.245 1
            0.045000002 0.155 1 0.045000002 0.245 0.77999997 -0.045000002 0.155
            0.77999997 -0.045000002 0.155 1 -0.045000002 0.245 1 -0.045000002
            0.245 0.77999997 0.045000002 0.245 0.77999997 -0.045000002 0.245 1
            -0.045000002 0.245 1 0.045000002 0.155 0.77999997 -0.045000002 0.155
            0.77999997 0.045000002 0.155 1 0.045000002 0.155 1 -0.045000002
            0.155 1 0.045000002 0.245 1 0.045000002 0.245 1
            -0.045000002 0.155 1 -0.045000002 0.155 0.77999997 -0.045000002 0.245
            0.77999997 -0.045000002 0.245 0.77999997 0.045000002 0.155 0.77999997 0.045000002
            0.155 0.68000001 0.045000002 0.245 0.68000001 0.045000002 0.245 0.77999997
            0.045000002 0.155 0.77999997 0.045000002 0.245 0.68000001 -0.045000002 0.155
            0.68000001 -0.045000002 0.155 0.77999997 -0.045000002 0.245 0.77999997 -0.045000002
            0.245 0.68000001 0.045000002 0.245 0.68000001 -0.045000002 0.245 0.77999997
            -0.045000002 0.245 0.77999997 0.045000002 0.155 0.68000001 -0.045000002 0.155
            0.68000001 0.045000002 0.155 0.77999997 0.045000002 0.155 0.77999997 -0.045000002
            0.155 0.77999997 0.045000002 0.245 0.77999997 0.045000002 0.245 0.77999997
            -0.045000002 0.155 0.77999997 -0.045000002 0.155 0.68000001 -0.045000002 0.245
            0.68000001 -0.045000002 0.245 0.68000001 0.045000002 0.155 0.68000001 0.045000002
            -0.15000001 0.40000001 0.059999999 -0.029999999 0.40000001 0.059999999 -0.029999999 0.75999999
            0.059999999 -0.15000001 0.75999999 0.059999999 -0.029999999 0.40000001 -0.059999999 -0.15000001
            0.40000001 -0.059999999 -0.15000001 0.75999999 -0.059999999 -0.029999999 0.75999999 -0.059999999
            -0.029999999 0.40000001 0.059999999 -0.029999999 0.40000001 -0.059999999 -0.029999999 0.75999999
            -0.059999999 -0.029999999 0.75999999 0.059999999 -0.15000001 0.40000001 -0.059999999 -0.15000001
            0.40000001 0.059999999 -0.15000001 0.75999999 0.059999999 -0.15000001 0.75999999 -0.059999999
            -0.15000001 0.75999999 0.059999999 -0.029999999 0.75999999 0.059999999 -0.029999999 0.75999999
            -0.059999999 -0.15000001 0.75999999 -0.059999999 -0.15000001 0.40000001 -0.059999999 -0.029999999
            0.40000001 -0.059999999 -0.029999999 0.40000001 0.059999999 -0.15000001 0.40000001 0.059999999
            -0.14 0.059999999 0.050000001 -0.039999999 0.059999999 0.050000001 -0.039999999 0.40000001
            0.050000001 -0.14 0.40000001 0.050000001 -0.039999999 0.059999999 -0.050000001 -0.14
            0.059999999 -0.050000001 -0.14 0.40000001 -0.050000001 -0.039999999 0.40000001 -0.050000001
            -0.039999999 0.059999999 0.050000001 -0.039999999 0.059999999 -0.050000001 -0.039999999 0.40000001
            -0.050000001 -0.039999999 0.40000001 0.050000001 -0.14 0.059999999 -0.050000001 -0.14
            0.059999999 0.050000001 -0.14 0.40000001 0.050000001 -0.14 0.40000001 -0.050000001
            -0.14 0.40000001 0.050000001 -0.039999999 0.40000001 0.050000001 -0.039999999 0.40000001
            -0.050000001 -0.14 0.40000001 -0.050000001 -0.14 0.059999999 -0.050000001 -0.039999999
            0.059999999 -0.050000001 -0.039999999 0.059999999 0.050000001 -0.14 0.059999999 0.050000001
            -0.145 0.02 0.20999999 -0.035 0.02 0.20999999 -0.035 0.1
            0.20999999 -0.145 0.1 0.20999999 -0.035 0.02 -0.0099999998 -0.145
            0.02 -0.0099999998 -0.145 0.1 -0.0099999998 -0.035 0.1 -0.0099999998
            -0.035 0.02 0.20999999 -0.035 0.02 -0.0099999998 -0.035 0.1
            -0.0099999998 -0.035 0.1 0.20999999 -0.145 0.02 -0.0099999998 -0.145
            0.02 0.20999999 -0.145 0.1 0.20999999 -0.145 0.1 -0.0099999998
            -0.145 0.1 0.20999999 -0.035 0.1 0.20999999 -0.035 0.1
            -0.0099999998 -0.145 0.1 -0.0099999998 -0.145 0.02 -0.0099999998 -0.035
            0.02 -0.0099999998 -0.035 0.02 0.20999999 -0.145 0.02 0.20999999
            0.029999999 0.40000001 0.059999999 0.15000001 0.40000001 0.059999999 0.15000001 0.75999999
            0.059999999 0.029999999 0.75999999 0.059999999 0.15000001 0.40000001 -0.059999999 0.029999999
            0.40000001 -0.059999999 0.029999999 0.75999999 -0.059999999 0.15000001 0.75999999 -0.059999999
            0.15000001 0.40000001 0.059999999 0.15000001 0.40000001 -0.059999999 0.15000001 0.75999999
            -0.059999999 0.15000001 0.75999999 0.059999999 0.029999999 0.40000001 -0.059999999 0.029999999
            0.40000001 0.059999999 0.029999999 0.75999999 0.059999999 0.029999999 0.75999999 -0.059999999
            0.029999999 0.75999999 0.059999999 0.15000001 0.75999999 0.059999999 0.15000001 0.75999999
            -0.059999999 0.029999999 0.75999999 -0.059999999 0.029999999 0.40000001 -0.059999999 0.15000001
            0.40000001 -0.059999999 0.15000001 0.40000001 0.059999999 0.029999999 0.40000001 0.059999999
            0.039999999 0.059999999 0.050000001 0.14 0.059999999 0.050000001 0.14 0.40000001
            0.050000001 0.039999999 0.40000001 0.050000001 0.14 0.059999999 -0.050000001 0.039999999
            0.059999999 -0.050000001 0.039999999 0.40000001 -0.050000001 0.14 0.40000001 -0.050000001
            0.14 0.059999999 0.050000001 0.14 0.059999999 -0.050000001 0.14 0.40000001
            -0.050000001 0.14 0.40000001 0.050000001 0.039999999 0.059999999 -0.050000001 0.039999999
            0.059999999 0.050000001 0.039999999 0.40000001 0.050000001 0.039999999 0.40000001 -0.050000001
            0.039999999 0.40000001 0.050000001 0.14 0.40000001 0.050000001 0.14 0.40000001
            -0.050000001 0.039999999 0.40000001 -0.050000001 0.039999999 0.059999999 -0.050000001 0.14
            0.059999999 -0.050000001 0.14 0.059999999 0.050000001 0.039999999 0.059999999 0.050000001
            0.035 0.02 0.20999999 0.145 0.02 0.20999999 0.145 0.1
            0.20999999 0.035 0.1 0.20999999 0.145 0.02 -0.0099999998 0.035
            0.02 -0.0099999998 0.035 0.1 -0.0099999998 0.145 0.1 -0.0099999998
            0.145 0.02 0.20999999 0.145 0.02 -0.0099999998 0.145 0.1
            -0.0099999998 0.145 0.1 0.20999999 0.035 0.02 -0.0099999998 0.035
            0.02 0.20999999 0.035 0.1 0.20999999 0.035 0.1 -0.0099999998
            0.035 0.1 0.20999999 0.145 0.1 0.20999999 0.145 0.1
            -0.0099999998 0.035 0.1 -0.0099999998 0.035 0.02 -0.0099999998 0.145
            0.02 -0.0099999998 0.145 0.02 0.20999999 0.035 0.02 0.20999999
          </float_array>
          <technique_common>
            <accessor source="#StarterCharacter-pos-array" count="432" stride="3">
              <param name="X" type="float"/><param name="Y" type="float"/><param name="Z" type="float"/>
            </accessor>
          </technique_common>
        </source>
        <source id="StarterCharacter-nrm">
          <float_array id="StarterCharacter-nrm-array" count="1296">
            0 0 1 0 0 1 0 0
            1 0 0 1 0 0 -1 0
            0 -1 0 0 -1 0 0 -1
            1 0 0 1 0 0 1 0
            0 1 0 0 -1 0 0 -1
            0 0 -1 0 0 -1 0 0
            0 1 0 0 1 0 0 1
            0 0 1 0 0 -1 0 0
            -1 0 0 -1 0 0 -1 0
            0 0 1 0 0 1 0 0
            1 0 0 1 0 0 -1 0
            0 -1 0 0 -1 0 0 -1
            1 0 0 1 0 0 1 0
            0 1 0 0 -1 0 0 -1
            0 0 -1 0 0 -1 0 0
            0 1 0 0 1 0 0 1
            0 0 1 0 0 -1 0 0
            -1 0 0 -1 0 0 -1 0
            0 0 1 0 0 1 0 0
            1 0 0 1 0 0 -1 0
            0 -1 0 0 -1 0 0 -1
            1 0 0 1 0 0 1 0
            0 1 0 0 -1 0 0 -1
            0 0 -1 0 0 -1 0 0
            0 1 0 0 1 0 0 1
            0 0 1 0 0 -1 0 0
            -1 0 0 -1 0 0 -1 0
            0 0 1 0 0 1 0 0
            1 0 0 1 0 0 -1 0
            0 -1 0 0 -1 0 0 -1
            1 0 0 1 0 0 1 0
            0 1 0 0 -1 0 0 -1
            0 0 -1 0 0 -1 0 0
            0 1 0 0 1 0 0 1
            0 0 1 0 0 -1 0 0
            -1 0 0 -1 0 0 -1 0
            0 0 1 0 0 1 0 0
            1 0 0 1 0 0 -1 0
            0 -1 0 0 -1 0 0 -1
            1 0 0 1 0 0 1 0
            0 1 0 0 -1 0 0 -1
            0 0 -1 0 0 -1 0 0
            0 1 0 0 1 0 0 1
            0 0 1 0 0 -1 0 0
            -1 0 0 -1 0 0 -1 0
            0 0 1 0 0 1 0 0
            1 0 0 1 0 0 -1 0
            0 -1 0 0 -1 0 0 -1
            1 0 0 1 0 0 1 0
            0 1 0 0 -1 0 0 -1
            0 0 -1 0 0 -1 0 0
            0 1 0 0 1 0 0 1
            0 0 1 0 0 -1 0 0
            -1 0 0 -1 0 0 -1 0
            0 0 1 0 0 1 0 0
            1 0 0 1 0 0 -1 0
            0 -1 0 0 -1 0 0 -1
            1 0 0 1 0 0 1 0
            0 1 0 0 -1 0 0 -1
            0 0 -1 0 0 -1 0 0
            0 1 0 0 1 0 0 1
            0 0 1 0 0 -1 0 0
            -1 0 0 -1 0 0 -1 0
            0 0 1 0 0 1 0 0
            1 0 0 1 0 0 -1 0
            0 -1 0 0 -1 0 0 -1
            1 0 0 1 0 0 1 0
            0 1 0 0 -1 0 0 -1
            0 0 -1 0 0 -1 0 0
            0 1 0 0 1 0 0 1
            0 0 1 0 0 -1 0 0
            -1 0 0 -1 0 0 -1 0
            0 0 1 0 0 1 0 0
            1 0 0 1 0 0 -1 0
            0 -1 0 0 -1 0 0 -1
            1 0 0 1 0 0 1 0
            0 1 0 0 -1 0 0 -1
            0 0 -1 0 0 -1 0 0
            0 1 0 0 1 0 0 1
            0 0 1 0 0 -1 0 0
            -1 0 0 -1 0 0 -1 0
            0 0 1 0 0 1 0 0
            1 0 0 1 0 0 -1 0
            0 -1 0 0 -1 0 0 -1
            1 0 0 1 0 0 1 0
            0 1 0 0 -1 0 0 -1
            0 0 -1 0 0 -1 0 0
            0 1 0 0 1 0 0 1
            0 0 1 0 0 -1 0 0
            -1 0 0 -1 0 0 -1 0
            0 0 1 0 0 1 0 0
            1 0 0 1 0 0 -1 0
            0 -1 0 0 -1 0 0 -1
            1 0 0 1 0 0 1 0
            0 1 0 0 -1 0 0 -1
            0 0 -1 0 0 -1 0 0
            0 1 0 0 1 0 0 1
            0 0 1 0 0 -1 0 0
            -1 0 0 -1 0 0 -1 0
            0 0 1 0 0 1 0 0
            1 0 0 1 0 0 -1 0
            0 -1 0 0 -1 0 0 -1
            1 0 0 1 0 0 1 0
            0 1 0 0 -1 0 0 -1
            0 0 -1 0 0 -1 0 0
            0 1 0 0 1 0 0 1
            0 0 1 0 0 -1 0 0
            -1 0 0 -1 0 0 -1 0
            0 0 1 0 0 1 0 0
            1 0 0 1 0 0 -1 0
            0 -1 0 0 -1 0 0 -1
            1 0 0 1 0 0 1 0
            0 1 0 0 -1 0 0 -1
            0 0 -1 0 0 -1 0 0
            0 1 0 0 1 0 0 1
            0 0 1 0 0 -1 0 0
            -1 0 0 -1 0 0 -1 0
            0 0 1 0 0 1 0 0
            1 0 0 1 0 0 -1 0
            0 -1 0 0 -1 0 0 -1
            1 0 0 1 0 0 1 0
            0 1 0 0 -1 0 0 -1
            0 0 -1 0 0 -1 0 0
            0 1 0 0 1 0 0 1
            0 0 1 0 0 -1 0 0
            -1 0 0 -1 0 0 -1 0
            0 0 1 0 0 1 0 0
            1 0 0 1 0 0 -1 0
            0 -1 0 0 -1 0 0 -1
            1 0 0 1 0 0 1 0
            0 1 0 0 -1 0 0 -1
            0 0 -1 0 0 -1 0 0
            0 1 0 0 1 0 0 1
            0 0 1 0 0 -1 0 0
            -1 0 0 -1 0 0 -1 0
            0 0 1 0 0 1 0 0
            1 0 0 1 0 0 -1 0
            0 -1 0 0 -1 0 0 -1
            1 0 0 1 0 0 1 0
            0 1 0 0 -1 0 0 -1
            0 0 -1 0 0 -1 0 0
            0 1 0 0 1 0 0 1
            0 0 1 0 0 -1 0 0
            -1 0 0 -1 0 0 -1 0
            0 0 1 0 0 1 0 0
            1 0 0 1 0 0 -1 0
            0 -1 0 0 -1 0 0 -1
            1 0 0 1 0 0 1 0
            0 1 0 0 -1 0 0 -1
            0 0 -1 0 0 -1 0 0
            0 1 0 0 1 0 0 1
            0 0 1 0 0 -1 0 0
            -1 0 0 -1 0 0 -1 0
            0 0 1 0 0 1 0 0
            1 0 0 1 0 0 -1 0
            0 -1 0 0 -1 0 0 -1
            1 0 0 1 0 0 1 0
            0 1 0 0 -1 0 0 -1
            0 0 -1 0 0 -1 0 0
            0 1 0 0 1 0 0 1
            0 0 1 0 0 -1 0 0
            -1 0 0 -1 0 0 -1 0
          </float_array>
          <technique_common>
            <accessor source="#StarterCharacter-nrm-array" count="432" stride="3">
              <param name="X" type="float"/><param name="Y" type="float"/><param name="Z" type="float"/>
            </accessor>
          </technique_common>
        </source>
        <source id="StarterCharacter-uv">
          <float_array id="StarterCharacter-uv-array" count="864">
            0.015625 0.734375 0.484375 0.734375 0.484375 0.5078125 0.015625 0.5078125
            0.015625 0.734375 0.484375 0.734375 0.484375 0.5078125 0.015625 0.5078125
            0.015625 0.734375 0.484375 0.734375 0.484375 0.5078125 0.015625 0.5078125
            0.015625 0.734375 0.484375 0.734375 0.484375 0.5078125 0.015625 0.5078125
            0.015625 0.734375 0.484375 0.734375 0.484375 0.5078125 0.015625 0.5078125
            0.015625 0.734375 0.484375 0.734375 0.484375 0.5078125 0.015625 0.5078125
            0.83984375 0.21484375 0.9765625 0.21484375 0.9765625 0.078125 0.83984375 0.078125
            0.83984375 0.21484375 0.9765625 0.21484375 0.9765625 0.078125 0.83984375 0.078125
            0.83984375 0.21484375 0.9765625 0.21484375 0.9765625 0.078125 0.83984375 0.078125
            0.83984375 0.21484375 0.9765625 0.21484375 0.9765625 0.078125 0.83984375 0.078125
            0.83984375 0.21484375 0.9765625 0.21484375 0.9765625 0.078125 0.83984375 0.078125
            0.83984375 0.21484375 0.9765625 0.21484375 0.9765625 0.078125 0.83984375 0.078125
            0.515625 0.484375 0.984375 0.484375 0.984375 0.015625 0.515625 0.015625
            0.515625 0.484375 0.984375 0.484375 0.984375 0.015625 0.515625 0.015625
            0.515625 0.484375 0.984375 0.484375 0.984375 0.015625 0.515625 0.015625
            0.515625 0.484375 0.984375 0.484375 0.984375 0.015625 0.515625 0.015625
            0.515625 0.484375 0.984375 0.484375 0.984375 0.015625 0.515625 0.015625
            0.515625 0.484375 0.984375 0.484375 0.984375 0.015625 0.515625 0.015625
            0.765625 0.734375 0.984375 0.734375 0.984375 0.515625 0.765625 0.515625
            0.765625 0.734375 0.984375 0.734375 0.984375 0.515625 0.765625 0.515625
            0.765625 0.734375 0.984375 0.734375 0.984375 0.515625 0.765625 0.515625
            0.765625 0.734375 0.984375 0.734375 0.984375 0.515625 0.765625 0.515625
            0.765625 0.734375 0.984375 0.734375 0.984375 0.515625 0.765625 0.515625
            0.765625 0.734375 0.984375 0.734375 0.984375 0.515625 0.765625 0.515625
            0.015625 0.484375 0.484375 0.484375 0.484375 0.015625 0.015625 0.015625
            0.015625 0.984375 0.484375 0.984375 0.484375 0.765625 0.015625 0.765625
            0.765625 0.734375 0.984375 0.734375 0.984375 0.515625 0.765625 0.515625
            0.765625 0.734375 0.984375 0.734375 0.984375 0.515625 0.765625 0.515625
            0.015625 0.984375 0.484375 0.984375 0.484375 0.765625 0.015625 0.765625
            0.765625 0.734375 0.984375 0.734375 0.984375 0.515625 0.765625 0.515625
            0.015625 0.984375 0.484375 0.984375 0.484375 0.765625 0.015625 0.765625
            0.015625 0.984375 0.484375 0.984375 0.484375 0.765625 0.015625 0.765625
            0.015625 0.984375 0.484375 0.984375 0.484375 0.765625 0.015625 0.765625
            0.015625 0.984375 0.484375 0.984375 0.484375 0.765625 0.015625 0.765625
            0.015625 0.984375 0.484375 0.984375 0.484375 0.765625 0.015625 0.765625
            0.015625 0.984375 0.484375 0.984375 0.484375 0.765625 0.015625 0.765625
            0.515625 0.984375 0.984375 0.984375 0.984375 0.765625 0.515625 0.765625
            0.515625 0.984375 0.984375 0.984375 0.984375 0.765625 0.515625 0.765625
            0.515625 0.984375 0.984375 0.984375 0.984375 0.765625 0.515625 0.765625
            0.515625 0.984375 0.984375 0.984375 0.984375 0.765625 0.515625 0.765625
            0.515625 0.984375 0.984375 0.984375 0.984375 0.765625 0.515625 0.765625
            0.515625 0.984375 0.984375 0.984375 0.984375 0.765625 0.515625 0.765625
            0.765625 0.734375 0.984375 0.734375 0.984375 0.515625 0.765625 0.515625
            0.765625 0.734375 0.984375 0.734375 0.984375 0.515625 0.765625 0.515625
            0.765625 0.734375 0.984375 0.734375 0.984375 0.515625 0.765625 0.515625
            0.765625 0.734375 0.984375 0.734375 0.984375 0.515625 0.765625 0.515625
            0.765625 0.734375 0.984375 0.734375 0.984375 0.515625 0.765625 0.515625
            0.765625 0.734375 0.984375 0.734375 0.984375 0.515625 0.765625 0.515625
            0.765625 0.734375 0.984375 0.734375 0.984375 0.515625 0.765625 0.515625
            0.765625 0.734375 0.984375 0.734375 0.984375 0.515625 0.765625 0.515625
            0.765625 0.734375 0.984375 0.734375 0.984375 0.515625 0.765625 0.515625
            0.765625 0.734375 0.984375 0.734375 0.984375 0.515625 0.765625 0.515625
            0.765625 0.734375 0.984375 0.734375 0.984375 0.515625 0.765625 0.515625
            0.765625 0.734375 0.984375 0.734375 0.984375 0.515625 0.765625 0.515625
            0.515625 0.984375 0.984375 0.984375 0.984375 0.765625 0.515625 0.765625
            0.515625 0.984375 0.984375 0.984375 0.984375 0.765625 0.515625 0.765625
            0.515625 0.984375 0.984375 0.984375 0.984375 0.765625 0.515625 0.765625
            0.515625 0.984375 0.984375 0.984375 0.984375 0.765625 0.515625 0.765625
            0.515625 0.984375 0.984375 0.984375 0.984375 0.765625 0.515625 0.765625
            0.515625 0.984375 0.984375 0.984375 0.984375 0.765625 0.515625 0.765625
            0.765625 0.734375 0.984375 0.734375 0.984375 0.515625 0.765625 0.515625
            0.765625 0.734375 0.984375 0.734375 0.984375 0.515625 0.765625 0.515625
            0.765625 0.734375 0.984375 0.734375 0.984375 0.515625 0.765625 0.515625
            0.765625 0.734375 0.984375 0.734375 0.984375 0.515625 0.765625 0.515625
            0.765625 0.734375 0.984375 0.734375 0.984375 0.515625 0.765625 0.515625
            0.765625 0.734375 0.984375 0.734375 0.984375 0.515625 0.765625 0.515625
            0.765625 0.734375 0.984375 0.734375 0.984375 0.515625 0.765625 0.515625
            0.765625 0.734375 0.984375 0.734375 0.984375 0.515625 0.765625 0.515625
            0.765625 0.734375 0.984375 0.734375 0.984375 0.515625 0.765625 0.515625
            0.765625 0.734375 0.984375 0.734375 0.984375 0.515625 0.765625 0.515625
            0.765625 0.734375 0.984375 0.734375 0.984375 0.515625 0.765625 0.515625
            0.765625 0.734375 0.984375 0.734375 0.984375 0.515625 0.765625 0.515625
            0.015625 0.734375 0.484375 0.734375 0.484375 0.5078125 0.015625 0.5078125
            0.015625 0.734375 0.484375 0.734375 0.484375 0.5078125 0.015625 0.5078125
            0.015625 0.734375 0.484375 0.734375 0.484375 0.5078125 0.015625 0.5078125
            0.015625 0.734375 0.484375 0.734375 0.484375 0.5078125 0.015625 0.5078125
            0.015625 0.734375 0.484375 0.734375 0.484375 0.5078125 0.015625 0.5078125
            0.015625 0.734375 0.484375 0.734375 0.484375 0.5078125 0.015625 0.5078125
            0.015625 0.734375 0.484375 0.734375 0.484375 0.5078125 0.015625 0.5078125
            0.015625 0.734375 0.484375 0.734375 0.484375 0.5078125 0.015625 0.5078125
            0.015625 0.734375 0.484375 0.734375 0.484375 0.5078125 0.015625 0.5078125
            0.015625 0.734375 0.484375 0.734375 0.484375 0.5078125 0.015625 0.5078125
            0.015625 0.734375 0.484375 0.734375 0.484375 0.5078125 0.015625 0.5078125
            0.015625 0.734375 0.484375 0.734375 0.484375 0.5078125 0.015625 0.5078125
            0.5078125 0.734375 0.734375 0.734375 0.734375 0.5078125 0.5078125 0.5078125
            0.5078125 0.734375 0.734375 0.734375 0.734375 0.5078125 0.5078125 0.5078125
            0.5078125 0.734375 0.734375 0.734375 0.734375 0.5078125 0.5078125 0.5078125
            0.5078125 0.734375 0.734375 0.734375 0.734375 0.5078125 0.5078125 0.5078125
            0.5078125 0.734375 0.734375 0.734375 0.734375 0.5078125 0.5078125 0.5078125
            0.5078125 0.734375 0.734375 0.734375 0.734375 0.5078125 0.5078125 0.5078125
            0.015625 0.734375 0.484375 0.734375 0.484375 0.5078125 0.015625 0.5078125
            0.015625 0.734375 0.484375 0.734375 0.484375 0.5078125 0.015625 0.5078125
            0.015625 0.734375 0.484375 0.734375 0.484375 0.5078125 0.015625 0.5078125
            0.015625 0.734375 0.484375 0.734375 0.484375 0.5078125 0.015625 0.5078125
            0.015625 0.734375 0.484375 0.734375 0.484375 0.5078125 0.015625 0.5078125
            0.015625 0.734375 0.484375 0.734375 0.484375 0.5078125 0.015625 0.5078125
            0.015625 0.734375 0.484375 0.734375 0.484375 0.5078125 0.015625 0.5078125
            0.015625 0.734375 0.484375 0.734375 0.484375 0.5078125 0.015625 0.5078125
            0.015625 0.734375 0.484375 0.734375 0.484375 0.5078125 0.015625 0.5078125
            0.015625 0.734375 0.484375 0.734375 0.484375 0.5078125 0.015625 0.5078125
            0.015625 0.734375 0.484375 0.734375 0.484375 0.5078125 0.015625 0.5078125
            0.015625 0.734375 0.484375 0.734375 0.484375 0.5078125 0.015625 0.5078125
            0.5078125 0.734375 0.734375 0.734375 0.734375 0.5078125 0.5078125 0.5078125
            0.5078125 0.734375 0.734375 0.734375 0.734375 0.5078125 0.5078125 0.5078125
            0.5078125 0.734375 0.734375 0.734375 0.734375 0.5078125 0.5078125 0.5078125
            0.5078125 0.734375 0.734375 0.734375 0.734375 0.5078125 0.5078125 0.5078125
            0.5078125 0.734375 0.734375 0.734375 0.734375 0.5078125 0.5078125 0.5078125
            0.5078125 0.734375 0.734375 0.734375 0.734375 0.5078125 0.5078125 0.5078125
          </float_array>
          <technique_common>
            <accessor source="#StarterCharacter-uv-array" count="432" stride="2">
              <param name="S" type="float"/><param name="T" type="float"/>
            </accessor>
          </technique_common>
        </source>
        <vertices id="StarterCharacter-verts">
          <input semantic="POSITION" source="#StarterCharacter-pos"/>
        </vertices>
        <triangles count="216" material="mat">
          <input semantic="VERTEX" source="#StarterCharacter-verts" offset="0"/>
          <input semantic="NORMAL" source="#StarterCharacter-nrm" offset="1"/>
          <input semantic="TEXCOORD" source="#StarterCharacter-uv" offset="2" set="0"/>
          <p>
            0 0 0 1 1 1 2 2 2 0 0 0 2 2 2 3 3 3 4 4 4 5 5 5
            6 6 6 4 4 4 6 6 6 7 7 7 8 8 8 9 9 9 10 10 10 8 8 8
            10 10 10 11 11 11 12 12 12 13 13 13 14 14 14 12 12 12 14 14 14 15 15 15
            16 16 16 17 17 17 18 18 18 16 16 16 18 18 18 19 19 19 20 20 20 21 21 21
            22 22 22 20 20 20 22 22 22 23 23 23 24 24 24 25 25 25 26 26 26 24 24 24
            26 26 26 27 27 27 28 28 28 29 29 29 30 30 30 28 28 28 30 30 30 31 31 31
            32 32 32 33 33 33 34 34 34 32 32 32 34 34 34 35 35 35 36 36 36 37 37 37
            38 38 38 36 36 36 38 38 38 39 39 39 40 40 40 41 41 41 42 42 42 40 40 40
            42 42 42 43 43 43 44 44 44 45 45 45 46 46 46 44 44 44 46 46 46 47 47 47
            48 48 48 49 49 49 50 50 50 48 48 48 50 50 50 51 51 51 52 52 52 53 53 53
            54 54 54 52 52 52 54 54 54 55 55 55 56 56 56 57 57 57 58 58 58 56 56 56
            58 58 58 59 59 59 60 60 60 61 61 61 62 62 62 60 60 60 62 62 62 63 63 63
            64 64 64 65 65 65 66 66 66 64 64 64 66 66 66 67 67 67 68 68 68 69 69 69
            70 70 70 68 68 68 70 70 70 71 71 71 72 72 72 73 73 73 74 74 74 72 72 72
            74 74 74 75 75 75 76 76 76 77 77 77 78 78 78 76 76 76 78 78 78 79 79 79
            80 80 80 81 81 81 82 82 82 80 80 80 82 82 82 83 83 83 84 84 84 85 85 85
            86 86 86 84 84 84 86 86 86 87 87 87 88 88 88 89 89 89 90 90 90 88 88 88
            90 90 90 91 91 91 92 92 92 93 93 93 94 94 94 92 92 92 94 94 94 95 95 95
            96 96 96 97 97 97 98 98 98 96 96 96 98 98 98 99 99 99 100 100 100 101 101 101
            102 102 102 100 100 100 102 102 102 103 103 103 104 104 104 105 105 105 106 106 106 104 104 104
            106 106 106 107 107 107 108 108 108 109 109 109 110 110 110 108 108 108 110 110 110 111 111 111
            112 112 112 113 113 113 114 114 114 112 112 112 114 114 114 115 115 115 116 116 116 117 117 117
            118 118 118 116 116 116 118 118 118 119 119 119 120 120 120 121 121 121 122 122 122 120 120 120
            122 122 122 123 123 123 124 124 124 125 125 125 126 126 126 124 124 124 126 126 126 127 127 127
            128 128 128 129 129 129 130 130 130 128 128 128 130 130 130 131 131 131 132 132 132 133 133 133
            134 134 134 132 132 132 134 134 134 135 135 135 136 136 136 137 137 137 138 138 138 136 136 136
            138 138 138 139 139 139 140 140 140 141 141 141 142 142 142 140 140 140 142 142 142 143 143 143
            144 144 144 145 145 145 146 146 146 144 144 144 146 146 146 147 147 147 148 148 148 149 149 149
            150 150 150 148 148 148 150 150 150 151 151 151 152 152 152 153 153 153 154 154 154 152 152 152
            154 154 154 155 155 155 156 156 156 157 157 157 158 158 158 156 156 156 158 158 158 159 159 159
            160 160 160 161 161 161 162 162 162 160 160 160 162 162 162 163 163 163 164 164 164 165 165 165
            166 166 166 164 164 164 166 166 166 167 167 167 168 168 168 169 169 169 170 170 170 168 168 168
            170 170 170 171 171 171 172 172 172 173 173 173 174 174 174 172 172 172 174 174 174 175 175 175
            176 176 176 177 177 177 178 178 178 176 176 176 178 178 178 179 179 179 180 180 180 181 181 181
            182 182 182 180 180 180 182 182 182 183 183 183 184 184 184 185 185 185 186 186 186 184 184 184
            186 186 186 187 187 187 188 188 188 189 189 189 190 190 190 188 188 188 190 190 190 191 191 191
            192 192 192 193 193 193 194 194 194 192 192 192 194 194 194 195 195 195 196 196 196 197 197 197
            198 198 198 196 196 196 198 198 198 199 199 199 200 200 200 201 201 201 202 202 202 200 200 200
            202 202 202 203 203 203 204 204 204 205 205 205 206 206 206 204 204 204 206 206 206 207 207 207
            208 208 208 209 209 209 210 210 210 208 208 208 210 210 210 211 211 211 212 212 212 213 213 213
            214 214 214 212 212 212 214 214 214 215 215 215 216 216 216 217 217 217 218 218 218 216 216 216
            218 218 218 219 219 219 220 220 220 221 221 221 222 222 222 220 220 220 222 222 222 223 223 223
            224 224 224 225 225 225 226 226 226 224 224 224 226 226 226 227 227 227 228 228 228 229 229 229
            230 230 230 228 228 228 230 230 230 231 231 231 232 232 232 233 233 233 234 234 234 232 232 232
            234 234 234 235 235 235 236 236 236 237 237 237 238 238 238 236 236 236 238 238 238 239 239 239
            240 240 240 241 241 241 242 242 242 240 240 240 242 242 242 243 243 243 244 244 244 245 245 245
            246 246 246 244 244 244 246 246 246 247 247 247 248 248 248 249 249 249 250 250 250 248 248 248
            250 250 250 251 251 251 252 252 252 253 253 253 254 254 254 252 252 252 254 254 254 255 255 255
            256 256 256 257 257 257 258 258 258 256 256 256 258 258 258 259 259 259 260 260 260 261 261 261
            262 262 262 260 260 260 262 262 262 263 263 263 264 264 264 265 265 265 266 266 266 264 264 264
            266 266 266 267 267 267 268 268 268 269 269 269 270 270 270 268 268 268 270 270 270 271 271 271
            272 272 272 273 273 273 274 274 274 272 272 272 274 274 274 275 275 275 276 276 276 277 277 277
            278 278 278 276 276 276 278 278 278 279 279 279 280 280 280 281 281 281 282 282 282 280 280 280
            282 282 282 283 283 283 284 284 284 285 285 285 286 286 286 284 284 284 286 286 286 287 287 287
            288 288 288 289 289 289 290 290 290 288 288 288 290 290 290 291 291 291 292 292 292 293 293 293
            294 294 294 292 292 292 294 294 294 295 295 295 296 296 296 297 297 297 298 298 298 296 296 296
            298 298 298 299 299 299 300 300 300 301 301 301 302 302 302 300 300 300 302 302 302 303 303 303
            304 304 304 305 305 305 306 306 306 304 304 304 306 306 306 307 307 307 308 308 308 309 309 309
            310 310 310 308 308 308 310 310 310 311 311 311 312 312 312 313 313 313 314 314 314 312 312 312
            314 314 314 315 315 315 316 316 316 317 317 317 318 318 318 316 316 316 318 318 318 319 319 319
            320 320 320 321 321 321 322 322 322 320 320 320 322 322 322 323 323 323 324 324 324 325 325 325
            326 326 326 324 324 324 326 326 326 327 327 327 328 328 328 329 329 329 330 330 330 328 328 328
            330 330 330 331 331 331 332 332 332 333 333 333 334 334 334 332 332 332 334 334 334 335 335 335
            336 336 336 337 337 337 338 338 338 336 336 336 338 338 338 339 339 339 340 340 340 341 341 341
            342 342 342 340 340 340 342 342 342 343 343 343 344 344 344 345 345 345 346 346 346 344 344 344
            346 346 346 347 347 347 348 348 348 349 349 349 350 350 350 348 348 348 350 350 350 351 351 351
            352 352 352 353 353 353 354 354 354 352 352 352 354 354 354 355 355 355 356 356 356 357 357 357
            358 358 358 356 356 356 358 358 358 359 359 359 360 360 360 361 361 361 362 362 362 360 360 360
            362 362 362 363 363 363 364 364 364 365 365 365 366 366 366 364 364 364 366 366 366 367 367 367
            368 368 368 369 369 369 370 370 370 368 368 368 370 370 370 371 371 371 372 372 372 373 373 373
            374 374 374 372 372 372 374 374 374 375 375 375 376 376 376 377 377 377 378 378 378 376 376 376
            378 378 378 379 379 379 380 380 380 381 381 381 382 382 382 380 380 380 382 382 382 383 383 383
            384 384 384 385 385 385 386 386 386 384 384 384 386 386 386 387 387 387 388 388 388 389 389 389
            390 390 390 388 388 388 390 390 390 391 391 391 392 392 392 393 393 393 394 394 394 392 392 392
            394 394 394 395 395 395 396 396 396 397 397 397 398 398 398 396 396 396 398 398 398 399 399 399
            400 400 400 401 401 401 402 402 402 400 400 400 402 402 402 403 403 403 404 404 404 405 405 405
            406 406 406 404 404 404 406 406 406 407 407 407 408 408 408 409 409 409 410 410 410 408 408 408
            410 410 410 411 411 411 412 412 412 413 413 413 414 414 414 412 412 412 414 414 414 415 415 415
            416 416 416 417 417 417 418 418 418 416 416 416 418 418 418 419 419 419 420 420 420 421 421 421
            422 422 422 420 420 420 422 422 422 423 423 423 424 424 424 425 425 425 426 426 426 424 424 424
            426 426 426 427 427 427 428 428 428 429 429 429 430 430 430 428 428 428 430 430 430 431 431 431
          </p>
        </triangles>
      </mesh>
    </geometry>
  </library_geometries>
  <library_controllers>
    <controller id="StarterCharacter-skin" name="Armature">
      <skin source="#StarterCharacter-mesh">
        <bind_shape_matrix>1 0 0 0 0 1 0 0 0 0 1 0 0 0 0 1</bind_shape_matrix>
        <source id="StarterCharacter-skin-joints">
          <Name_array id="StarterCharacter-skin-joints-array" count="18">Root Hips Spine Chest Neck Head UpperArm_L LowerArm_L Hand_L UpperArm_R LowerArm_R Hand_R UpperLeg_L LowerLeg_L Foot_L UpperLeg_R LowerLeg_R Foot_R</Name_array>
          <technique_common>
            <accessor source="#StarterCharacter-skin-joints-array" count="18" stride="1">
              <param name="JOINT" type="name"/>
            </accessor>
          </technique_common>
        </source>
        <source id="StarterCharacter-skin-ibm">
          <float_array id="StarterCharacter-skin-ibm-array" count="288">
            1 0 0 0 0 1 0 0 0 0 1 0 0 0 0 1
            1 0 0 0 0 1 0 -0.81999999 0 0 1 0 0 0 0 1
            1 0 0 0 0 1 0 -0.94 0 0 1 0 0 0 0 1
            1 0 0 0 0 1 0 -1.14 0 0 1 0 0 0 0 1
            1 0 0 0 0 1 0 -1.3200001 0 0 1 0 0 0 0 1
            1 0 0 0 0 1 0 -1.42 0 0 1 0 0 0 0 1
            1 0 0 0.2 0 1 0 -1.24 0 0 1 0 0 0 0 1
            1 0 0 0.2 0 1 0 -1 0 0 1 0 0 0 0 1
            1 0 0 0.2 0 1 0 -0.77999997 0 0 1 0 0 0 0 1
            1 0 0 -0.2 0 1 0 -1.24 0 0 1 0 0 0 0 1
            1 0 0 -0.2 0 1 0 -1 0 0 1 0 0 0 0 1
            1 0 0 -0.2 0 1 0 -0.77999997 0 0 1 0 0 0 0 1
            1 0 0 0.090000004 0 1 0 -0.75999999 0 0 1 0 0 0 0 1
            1 0 0 0.090000004 0 1 0 -0.40000001 0 0 1 0 0 0 0 1
            1 0 0 0.090000004 0 1 0 -0.059999999 0 0 1 -0.059999999 0 0 0 1
            1 0 0 -0.090000004 0 1 0 -0.75999999 0 0 1 0 0 0 0 1
            1 0 0 -0.090000004 0 1 0 -0.40000001 0 0 1 0 0 0 0 1
            1 0 0 -0.090000004 0 1 0 -0.059999999 0 0 1 -0.059999999 0 0 0 1
          </float_array>
          <technique_common>
            <accessor source="#StarterCharacter-skin-ibm-array" count="18" stride="16">
              <param name="TRANSFORM" type="float4x4"/>
            </accessor>
          </technique_common>
        </source>
        <source id="StarterCharacter-skin-weights">
          <float_array id="StarterCharacter-skin-weights-array" count="432">
            1 1 1 1 1 1 1 1
            1 1 1 1 1 1 1 1
            1 1 1 1 1 1 1 1
            1 1 1 1 1 1 1 1
            1 1 1 1 1 1 1 1
            1 1 1 1 1 1 1 1
            1 1 1 1 1 1 1 1
            1 1 1 1 1 1 1 1
            1 1 1 1 1 1 1 1
            1 1 1 1 1 1 1 1
            1 1 1 1 1 1 1 1
            1 1 1 1 1 1 1 1
            1 1 1 1 1 1 1 1
            1 1 1 1 1 1 1 1
            1 1 1 1 1 1 1 1
            1 1 1 1 1 1 1 1
            1 1 1 1 1 1 1 1
            1 1 1 1 1 1 1 1
            1 1 1 1 1 1 1 1
            1 1 1 1 1 1 1 1
            1 1 1 1 1 1 1 1
            1 1 1 1 1 1 1 1
            1 1 1 1 1 1 1 1
            1 1 1 1 1 1 1 1
            1 1 1 1 1 1 1 1
            1 1 1 1 1 1 1 1
            1 1 1 1 1 1 1 1
            1 1 1 1 1 1 1 1
            1 1 1 1 1 1 1 1
            1 1 1 1 1 1 1 1
            1 1 1 1 1 1 1 1
            1 1 1 1 1 1 1 1
            1 1 1 1 1 1 1 1
            1 1 1 1 1 1 1 1
            1 1 1 1 1 1 1 1
            1 1 1 1 1 1 1 1
            1 1 1 1 1 1 1 1
            1 1 1 1 1 1 1 1
            1 1 1 1 1 1 1 1
            1 1 1 1 1 1 1 1
            1 1 1 1 1 1 1 1
            1 1 1 1 1 1 1 1
            1 1 1 1 1 1 1 1
            1 1 1 1 1 1 1 1
            1 1 1 1 1 1 1 1
            1 1 1 1 1 1 1 1
            1 1 1 1 1 1 1 1
            1 1 1 1 1 1 1 1
            1 1 1 1 1 1 1 1
            1 1 1 1 1 1 1 1
            1 1 1 1 1 1 1 1
            1 1 1 1 1 1 1 1
            1 1 1 1 1 1 1 1
            1 1 1 1 1 1 1 1
          </float_array>
          <technique_common>
            <accessor source="#StarterCharacter-skin-weights-array" count="432" stride="1">
              <param name="WEIGHT" type="float"/>
            </accessor>
          </technique_common>
        </source>
        <joints>
          <input semantic="JOINT" source="#StarterCharacter-skin-joints"/>
          <input semantic="INV_BIND_MATRIX" source="#StarterCharacter-skin-ibm"/>
        </joints>
        <vertex_weights count="432">
          <input semantic="JOINT" source="#StarterCharacter-skin-joints" offset="0"/>
          <input semantic="WEIGHT" source="#StarterCharacter-skin-weights" offset="1"/>
          <vcount>1 1 1 1 1 1 1 1 1 1 1 1 1 1 1 1 1 1 1 1 1 1 1 1 1 1 1 1 1 1 1 1 1 1 1 1 1 1 1 1 1 1 1 1 1 1 1 1 1 1 1 1 1 1 1 1 1 1 1 1 1 1 1 1 1 1 1 1 1 1 1 1 1 1 1 1 1 1 1 1 1 1 1 1 1 1 1 1 1 1 1 1 1 1 1 1 1 1 1 1 1 1 1 1 1 1 1 1 1 1 1 1 1 1 1 1 1 1 1 1 1 1 1 1 1 1 1 1 1 1 1 1 1 1 1 1 1 1 1 1 1 1 1 1 1 1 1 1 1 1 1 1 1 1 1 1 1 1 1 1 1 1 1 1 1 1 1 1 1 1 1 1 1 1 1 1 1 1 1 1 1 1 1 1 1 1 1 1 1 1 1 1 1 1 1 1 1 1 1 1 1 1 1 1 1 1 1 1 1 1 1 1 1 1 1 1 1 1 1 1 1 1 1 1 1 1 1 1 1 1 1 1 1 1 1 1 1 1 1 1 1 1 1 1 1 1 1 1 1 1 1 1 1 1 1 1 1 1 1 1 1 1 1 1 1 1 1 1 1 1 1 1 1 1 1 1 1 1 1 1 1 1 1 1 1 1 1 1 1 1 1 1 1 1 1 1 1 1 1 1 1 1 1 1 1 1 1 1 1 1 1 1 1 1 1 1 1 1 1 1 1 1 1 1 1 1 1 1 1 1 1 1 1 1 1 1 1 1 1 1 1 1 1 1 1 1 1 1 1 1 1 1 1 1 1 1 1 1 1 1 1 1 1 1 1 1 1 1 1 1 1 1 1 1 1 1 1 1 1 1 1 1 1 1 1 1 1 1 1 1 1 1 1 1 1 1 1 1 1 1 1 1 1 1 1 1 1 1 1 1 1 1 1 1 1 1 1 1 1 1 1 1 1 1 1 1 1 1 1 1 1 1</vcount>
          <v>1 0 1 1 1 2 1 3 1 4 1 5 1 6 1 7 1 8 1 9 1 10 1 11 1 12 1 13 1 14 1 15 1 16 1 17 1 18 1 19 1 20 1 21 1 22 1 23 2 24 2 25 2 26 2 27 2 28 2 29 2 30 2 31 2 32 2 33 2 34 2 35 2 36 2 37 2 38 2 39 2 40 2 41 2 42 2 43 2 44 2 45 2 46 2 47 3 48 3 49 3 50 3 51 3 52 3 53 3 54 3 55 3 56 3 57 3 58 3 59 3 60 3 61 3 62 3 63 3 64 3 65 3 66 3 67 3 68 3 69 3 70 3 71 4 72 4 73 4 74 4 75 4 76 4 77 4 78 4 79 4 80 4 81 4 82 4 83 4 84 4 85 4 86 4 87 4 88 4 89 4 90 4 91 4 92 4 93 4 94 4 95 5 96 5 97 5 98 5 99 5 100 5 101 5 102 5 103 5 104 5 105 5 106 5 107 5 108 5 109 5 110 5 111 5 112 5 113 5 114 5 115 5 116 5 117 5 118 5 119 5 120 5 121 5 122 5 123 5 124 5 125 5 126 5 127 5 128 5 129 5 130 5 131 5 132 5 133 5 134 5 135 5 136 5 137 5 138 5 139 5 140 5 141 5 142 5 143 6 144 6 145 6 146 6 147 6 148 6 149 6 150 6 151 6 152 6 153 6 154 6 155 6 156 6 157 6 158 6 159 6 160 6 161 6 162 6 163 6 164 6 165 6 166 6 167 7 168 7 169 7 170 7 171 7 172 7 173 7 174 7 175 7 176 7 177 7 178 7 179 7 180 7 181 7 182 7 183 7 184 7 185 7 186 7 187 7 188 7 189 7 190 7 191 8 192 8 193 8 194 8 195 8 196 8 197 8 198 8 199 8 200 8 201 8 202 8 203 8 204 8 205 8 206 8 207 8 208 8 209 8 210 8 211 8 212 8 213 8 214 8 215 9 216 9 217 9 218 9 219 9 220 9 221 9 222 9 223 9 224 9 225 9 226 9 227 9 228 9 229 9 230 9 231 9 232 9 233 9 234 9 235 9 236 9 237 9 238 9 239 10 240 10 241 10 242 10 243 10 244 10 245 10 246 10 247 10 248 10 249 10 250 10 251 10 252 10 253 10 254 10 255 10 256 10 257 10 258 10 259 10 260 10 261 10 262 10 263 11 264 11 265 11 266 11 267 11 268 11 269 11 270 11 271 11 272 11 273 11 274 11 275 11 276 11 277 11 278 11 279 11 280 11 281 11 282 11 283 11 284 11 285 11 286 11 287 12 288 12 289 12 290 12 291 12 292 12 293 12 294 12 295 12 296 12 297 12 298 12 299 12 300 12 301 12 302 12 303 12 304 12 305 12 306 12 307 12 308 12 309 12 310 12 311 13 312 13 313 13 314 13 315 13 316 13 317 13 318 13 319 13 320 13 321 13 322 13 323 13 324 13 325 13 326 13 327 13 328 13 329 13 330 13 331 13 332 13 333 13 334 13 335 14 336 14 337 14 338 14 339 14 340 14 341 14 342 14 343 14 344 14 345 14 346 14 347 14 348 14 349 14 350 14 351 14 352 14 353 14 354 14 355 14 356 14 357 14 358 14 359 15 360 15 361 15 362 15 363 15 364 15 365 15 366 15 367 15 368 15 369 15 370 15 371 15 372 15 373 15 374 15 375 15 376 15 377 15 378 15 379 15 380 15 381 15 382 15 383 16 384 16 385 16 386 16 387 16 388 16 389 16 390 16 391 16 392 16 393 16 394 16 395 16 396 16 397 16 398 16 399 16 400 16 401 16 402 16 403 16 404 16 405 16 406 16 407 17 408 17 409 17 410 17 411 17 412 17 413 17 414 17 415 17 416 17 417 17 418 17 419 17 420 17 421 17 422 17 423 17 424 17 425 17 426 17 427 17 428 17 429 17 430 17 431</v>
        </vertex_weights>
      </skin>
    </controller>
  </library_controllers>
  <library_animations>
      <animation id="Idle" name="Idle">
        <source id="Idle-Root-input">
          <float_array id="Idle-Root-input-array" count="49">
            0 0.041666668 0.083333336 0.125 0.16666667 0.20833333 0.25 0.29166666
            0.33333334 0.375 0.41666666 0.45833334 0.5 0.54166669 0.58333331 0.625
            0.66666669 0.70833331 0.75 0.79166669 0.83333331 0.875 0.91666669 0.95833331
            1 1.0416666 1.0833334 1.125 1.1666666 1.2083334 1.25 1.2916666
            1.3333334 1.375 1.4166666 1.4583334 1.5 1.5416666 1.5833334 1.625
            1.6666666 1.7083334 1.75 1.7916666 1.8333334 1.875 1.9166666 1.9583334
            2
          </float_array>
          <technique_common>
            <accessor source="#Idle-Root-input-array" count="49" stride="1">
              <param name="TIME" type="float"/>
            </accessor>
          </technique_common>
        </source>
        <source id="Idle-Root-output">
          <float_array id="Idle-Root-output-array" count="784">
            1 0 0 0 0 1 0 0 0 0 1 0 0 0 0 1
            1 0 0 0 0 1 0 0 0 0 1 0 0 0 0 1
            1 0 0 0 0 1 0 0 0 0 1 0 0 0 0 1
            1 0 0 0 0 1 0 0 0 0 1 0 0 0 0 1
            1 0 0 0 0 1 0 0 0 0 1 0 0 0 0 1
            1 0 0 0 0 1 0 0 0 0 1 0 0 0 0 1
            1 0 0 0 0 1 0 0 0 0 1 0 0 0 0 1
            1 0 0 0 0 1 0 0 0 0 1 0 0 0 0 1
            1 0 0 0 0 1 0 0 0 0 1 0 0 0 0 1
            1 0 0 0 0 1 0 0 0 0 1 0 0 0 0 1
            1 0 0 0 0 1 0 0 0 0 1 0 0 0 0 1
            1 0 0 0 0 1 0 0 0 0 1 0 0 0 0 1
            1 0 0 0 0 1 0 0 0 0 1 0 0 0 0 1
            1 0 0 0 0 1 0 0 0 0 1 0 0 0 0 1
            1 0 0 0 0 1 0 0 0 0 1 0 0 0 0 1
            1 0 0 0 0 1 0 0 0 0 1 0 0 0 0 1
            1 0 0 0 0 1 0 0 0 0 1 0 0 0 0 1
            1 0 0 0 0 1 0 0 0 0 1 0 0 0 0 1
            1 0 0 0 0 1 0 0 0 0 1 0 0 0 0 1
            1 0 0 0 0 1 0 0 0 0 1 0 0 0 0 1
            1 0 0 0 0 1 0 0 0 0 1 0 0 0 0 1
            1 0 0 0 0 1 0 0 0 0 1 0 0 0 0 1
            1 0 0 0 0 1 0 0 0 0 1 0 0 0 0 1
            1 0 0 0 0 1 0 0 0 0 1 0 0 0 0 1
            1 0 0 0 0 1 0 0 0 0 1 0 0 0 0 1
            1 0 0 0 0 1 0 0 0 0 1 0 0 0 0 1
            1 0 0 0 0 1 0 0 0 0 1 0 0 0 0 1
            1 0 0 0 0 1 0 0 0 0 1 0 0 0 0 1
            1 0 0 0 0 1 0 0 0 0 1 0 0 0 0 1
            1 0 0 0 0 1 0 0 0 0 1 0 0 0 0 1
            1 0 0 0 0 1 0 0 0 0 1 0 0 0 0 1
            1 0 0 0 0 1 0 0 0 0 1 0 0 0 0 1
            1 0 0 0 0 1 0 0 0 0 1 0 0 0 0 1
            1 0 0 0 0 1 0 0 0 0 1 0 0 0 0 1
            1 0 0 0 0 1 0 0 0 0 1 0 0 0 0 1
            1 0 0 0 0 1 0 0 0 0 1 0 0 0 0 1
            1 0 0 0 0 1 0 0 0 0 1 0 0 0 0 1
            1 0 0 0 0 1 0 0 0 0 1 0 0 0 0 1
            1 0 0 0 0 1 0 0 0 0 1 0 0 0 0 1
            1 0 0 0 0 1 0 0 0 0 1 0 0 0 0 1
            1 0 0 0 0 1 0 0 0 0 1 0 0 0 0 1
            1 0 0 0 0 1 0 0 0 0 1 0 0 0 0 1
            1 0 0 0 0 1 0 0 0 0 1 0 0 0 0 1
            1 0 0 0 0 1 0 0 0 0 1 0 0 0 0 1
            1 0 0 0 0 1 0 0 0 0 1 0 0 0 0 1
            1 0 0 0 0 1 0 0 0 0 1 0 0 0 0 1
            1 0 0 0 0 1 0 0 0 0 1 0 0 0 0 1
            1 0 0 0 0 1 0 0 0 0 1 0 0 0 0 1
            1 0 0 0 0 1 0 0 0 0 1 0 0 0 0 1
          </float_array>
          <technique_common>
            <accessor source="#Idle-Root-output-array" count="49" stride="16">
              <param name="TRANSFORM" type="float4x4"/>
            </accessor>
          </technique_common>
        </source>
        <source id="Idle-Root-interp">
          <Name_array id="Idle-Root-interp-array" count="49">LINEAR LINEAR LINEAR LINEAR LINEAR LINEAR LINEAR LINEAR LINEAR LINEAR LINEAR LINEAR LINEAR LINEAR LINEAR LINEAR LINEAR LINEAR LINEAR LINEAR LINEAR LINEAR LINEAR LINEAR LINEAR LINEAR LINEAR LINEAR LINEAR LINEAR LINEAR LINEAR LINEAR LINEAR LINEAR LINEAR LINEAR LINEAR LINEAR LINEAR LINEAR LINEAR LINEAR LINEAR LINEAR LINEAR LINEAR LINEAR LINEAR</Name_array>
          <technique_common>
            <accessor source="#Idle-Root-interp-array" count="49" stride="1">
              <param name="INTERPOLATION" type="name"/>
            </accessor>
          </technique_common>
        </source>
        <sampler id="Idle-Root-sampler">
          <input semantic="INPUT" source="#Idle-Root-input"/>
          <input semantic="OUTPUT" source="#Idle-Root-output"/>
          <input semantic="INTERPOLATION" source="#Idle-Root-interp"/>
        </sampler>
        <channel source="#Idle-Root-sampler" target="Root/matrix"/>
        <source id="Idle-Hips-input">
          <float_array id="Idle-Hips-input-array" count="49">
            0 0.041666668 0.083333336 0.125 0.16666667 0.20833333 0.25 0.29166666
            0.33333334 0.375 0.41666666 0.45833334 0.5 0.54166669 0.58333331 0.625
            0.66666669 0.70833331 0.75 0.79166669 0.83333331 0.875 0.91666669 0.95833331
            1 1.0416666 1.0833334 1.125 1.1666666 1.2083334 1.25 1.2916666
            1.3333334 1.375 1.4166666 1.4583334 1.5 1.5416666 1.5833334 1.625
            1.6666666 1.7083334 1.75 1.7916666 1.8333334 1.875 1.9166666 1.9583334
            2
          </float_array>
          <technique_common>
            <accessor source="#Idle-Hips-input-array" count="49" stride="1">
              <param name="TIME" type="float"/>
            </accessor>
          </technique_common>
        </source>
        <source id="Idle-Hips-output">
          <float_array id="Idle-Hips-output-array" count="784">
            1 0 0 0 0 1 0 0.81999999 0 0 1 0 0 0 0 1
            1 0 0 0 0 1 0 0.81999999 0 0 1 0 0 0 0 1
            1 0 0 0 0 1 0 0.81999999 0 0 1 0 0 0 0 1
            1 0 0 0 0 1 0 0.81999999 0 0 1 0 0 0 0 1
            1 0 0 0 0 1 0 0.81999999 0 0 1 0 0 0 0 1
            1 0 0 0 0 1 0 0.81999999 0 0 1 0 0 0 0 1
            1 0 0 0 0 1 0 0.81999999 0 0 1 0 0 0 0 1
            1 0 0 0 0 1 0 0.81999999 0 0 1 0 0 0 0 1
            1 0 0 0 0 1 0 0.81999999 0 0 1 0 0 0 0 1
            1 0 0 0 0 1 0 0.81999999 0 0 1 0 0 0 0 1
            1 0 0 0 0 1 0 0.81999999 0 0 1 0 0 0 0 1
            1 0 0 0 0 1 0 0.81999999 0 0 1 0 0 0 0 1
            1 0 0 0 0 1 0 0.81999999 0 0 1 0 0 0 0 1
            1 0 0 0 0 1 0 0.81999999 0 0 1 0 0 0 0 1
            1 0 0 0 0 1 0 0.81999999 0 0 1 0 0 0 0 1
            1 0 0 0 0 1 0 0.81999999 0 0 1 0 0 0 0 1
            1 0 0 0 0 1 0 0.81999999 0 0 1 0 0 0 0 1
            1 0 0 0 0 1 0 0.81999999 0 0 1 0 0 0 0 1
            1 0 0 0 0 1 0 0.81999999 0 0 1 0 0 0 0 1
            1 0 0 0 0 1 0 0.81999999 0 0 1 0 0 0 0 1
            1 0 0 0 0 1 0 0.81999999 0 0 1 0 0 0 0 1
            1 0 0 0 0 1 0 0.81999999 0 0 1 0 0 0 0 1
            1 0 0 0 0 1 0 0.81999999 0 0 1 0 0 0 0 1
            1 0 0 0 0 1 0 0.81999999 0 0 1 0 0 0 0 1
            1 0 0 0 0 1 0 0.81999999 0 0 1 0 0 0 0 1
            1 0 0 0 0 1 0 0.81999999 0 0 1 0 0 0 0 1
            1 0 0 0 0 1 0 0.81999999 0 0 1 0 0 0 0 1
            1 0 0 0 0 1 0 0.81999999 0 0 1 0 0 0 0 1
            1 0 0 0 0 1 0 0.81999999 0 0 1 0 0 0 0 1
            1 0 0 0 0 1 0 0.81999999 0 0 1 0 0 0 0 1
            1 0 0 0 0 1 0 0.81999999 0 0 1 0 0 0 0 1
            1 0 0 0 0 1 0 0.81999999 0 0 1 0 0 0 0 1
            1 0 0 0 0 1 0 0.81999999 0 0 1 0 0 0 0 1
            1 0 0 0 0 1 0 0.81999999 0 0 1 0 0 0 0 1
            1 0 0 0 0 1 0 0.81999999 0 0 1 0 0 0 0 1
            1 0 0 0 0 1 0 0.81999999 0 0 1 0 0 0 0 1
            1 0 0 0 0 1 0 0.81999999 0 0 1 0 0 0 0 1
            1 0 0 0 0 1 0 0.81999999 0 0 1 0 0 0 0 1
            1 0 0 0 0 1 0 0.81999999 0 0 1 0 0 0 0 1
            1 0 0 0 0 1 0 0.81999999 0 0 1 0 0 0 0 1
            1 0 0 0 0 1 0 0.81999999 0 0 1 0 0 0 0 1
            1 0 0 0 0 1 0 0.81999999 0 0 1 0 0 0 0 1
            1 0 0 0 0 1 0 0.81999999 0 0 1 0 0 0 0 1
            1 0 0 0 0 1 0 0.81999999 0 0 1 0 0 0 0 1
            1 0 0 0 0 1 0 0.81999999 0 0 1 0 0 0 0 1
            1 0 0 0 0 1 0 0.81999999 0 0 1 0 0 0 0 1
            1 0 0 0 0 1 0 0.81999999 0 0 1 0 0 0 0 1
            1 0 0 0 0 1 0 0.81999999 0 0 1 0 0 0 0 1
            1 0 0 0 0 1 0 0.81999999 0 0 1 0 0 0 0 1
          </float_array>
          <technique_common>
            <accessor source="#Idle-Hips-output-array" count="49" stride="16">
              <param name="TRANSFORM" type="float4x4"/>
            </accessor>
          </technique_common>
        </source>
        <source id="Idle-Hips-interp">
          <Name_array id="Idle-Hips-interp-array" count="49">LINEAR LINEAR LINEAR LINEAR LINEAR LINEAR LINEAR LINEAR LINEAR LINEAR LINEAR LINEAR LINEAR LINEAR LINEAR LINEAR LINEAR LINEAR LINEAR LINEAR LINEAR LINEAR LINEAR LINEAR LINEAR LINEAR LINEAR LINEAR LINEAR LINEAR LINEAR LINEAR LINEAR LINEAR LINEAR LINEAR LINEAR LINEAR LINEAR LINEAR LINEAR LINEAR LINEAR LINEAR LINEAR LINEAR LINEAR LINEAR LINEAR</Name_array>
          <technique_common>
            <accessor source="#Idle-Hips-interp-array" count="49" stride="1">
              <param name="INTERPOLATION" type="name"/>
            </accessor>
          </technique_common>
        </source>
        <sampler id="Idle-Hips-sampler">
          <input semantic="INPUT" source="#Idle-Hips-input"/>
          <input semantic="OUTPUT" source="#Idle-Hips-output"/>
          <input semantic="INTERPOLATION" source="#Idle-Hips-interp"/>
        </sampler>
        <channel source="#Idle-Hips-sampler" target="Hips/matrix"/>
        <source id="Idle-Spine-input">
          <float_array id="Idle-Spine-input-array" count="49">
            0 0.041666668 0.083333336 0.125 0.16666667 0.20833333 0.25 0.29166666
            0.33333334 0.375 0.41666666 0.45833334 0.5 0.54166669 0.58333331 0.625
            0.66666669 0.70833331 0.75 0.79166669 0.83333331 0.875 0.91666669 0.95833331
            1 1.0416666 1.0833334 1.125 1.1666666 1.2083334 1.25 1.2916666
            1.3333334 1.375 1.4166666 1.4583334 1.5 1.5416666 1.5833334 1.625
            1.6666666 1.7083334 1.75 1.7916666 1.8333334 1.875 1.9166666 1.9583334
            2
          </float_array>
          <technique_common>
            <accessor source="#Idle-Spine-input-array" count="49" stride="1">
              <param name="TIME" type="float"/>
            </accessor>
          </technique_common>
        </source>
        <source id="Idle-Spine-output">
          <float_array id="Idle-Spine-output-array" count="784">
            1 0 0 0 0 1 0 0.12 0 0 1 0 0 0 0 1
            1 0 0 0 0 0.99998637 -0.005221024 0.12104421 0 0.005221024 0.99998637 0 0 0 0 1
            1 0 0 0 0 0.99994641 -0.010352577 0.12207055 0 0.010352577 0.99994641 0 0 0 0 1
            1 0 0 0 0 0.99988285 -0.015306739 0.12306147 0 0.015306739 0.99988285 0 0 0 0 1
            1 0 0 0 0 0.99980001 -0.019998666 0.124 0 0.019998666 0.99980001 0 0 0 0 1
            1 0 0 0 0 0.99970354 -0.02434805 0.12487009 0 0.02434805 0.99970354 0 0 0 0 1
            1 0 0 0 0 0.99960003 -0.0282805 0.12565686 0 0.0282805 0.99960003 0 0 0 0 1
            1 0 0 0 0 0.99949651 -0.031728807 0.12634683 0 0.031728807 0.99949651 0 0 0 0 1
            1 0 0 0 0 0.99940006 -0.034634089 0.12692821 0 0.034634089 0.99940006 0 0 0 0 1
            1 0 0 0 0 0.99931724 -0.036946769 0.12739104 0 0.036946769 0.99931724 0 0 0 0 1
            1 0 0 0 0 0.99925368 -0.03862742 0.1277274 0 0.03862742 0.99925368 0 0 0 0 1
            1 0 0 0 0 0.99921373 -0.039647401 0.12793157 0 0.039647401 0.99921373 0 0 0 0 1
            1 0 0 0 0 0.99920011 -0.039989332 0.12800001 0 0.039989332 0.99920011 0 0 0 0 1
            1 0 0 0 0 0.99921373 -0.039647401 0.12793157 0 0.039647401 0.99921373 0 0 0 0 1
            1 0 0 0 0 0.99925368 -0.03862742 0.1277274 0 0.03862742 0.99925368 0 0 0 0 1
            1 0 0 0 0 0.99931724 -0.036946769 0.12739104 0 0.036946769 0.99931724 0 0 0 0 1
            1 0 0 0 0 0.99940006 -0.034634089 0.12692821 0 0.034634089 0.99940006 0 0 0 0 1
            1 0 0 0 0 0.99949651 -0.031728807 0.12634683 0 0.031728807 0.99949651 0 0 0 0 1
            1 0 0 0 0 0.99960003 -0.0282805 0.12565686 0 0.0282805 0.99960003 0 0 0 0 1
            1 0 0 0 0 0.99970354 -0.02434805 0.12487009 0 0.02434805 0.99970354 0 0 0 0 1
            1 0 0 0 0 0.99980001 -0.019998666 0.124 0 0.019998666 0.99980001 0 0 0 0 1
            1 0 0 0 0 0.99988285 -0.015306739 0.12306147 0 0.015306739 0.99988285 0 0 0 0 1
            1 0 0 0 0 0.99994641 -0.010352577 0.12207055 0 0.010352577 0.99994641 0 0 0 0 1
            1 0 0 0 0 0.99998637 -0.005221024 0.12104421 0 0.005221024 0.99998637 0 0 0 0 1
            1 0 0 0 0 1 -4.8985872e-18 0.12 0 4.8985872e-18 1 0 0 0 0 1
            1 -0 0 0 0 0.99998637 0.005221024 0.11895579 -0 -0.005221024 0.99998637 0 0 0 0 1
            1 -0 0 0 0 0.99994641 0.010352577 0.11792945 -0 -0.010352577 0.99994641 0 0 0 0 1
            1 -0 0 0 0 0.99988285 0.015306739 0.11693853 -0 -0.015306739 0.99988285 0 0 0 0 1
            1 -0 0 0 0 0.99980001 0.019998666 0.116 -0 -0.019998666 0.99980001 0 0 0 0 1
            1 -0 0 0 0 0.99970354 0.02434805 0.11512991 -0 -0.02434805 0.99970354 0 0 0 0 1
            1 -0 0 0 0 0.99960003 0.0282805 0.11434314 -0 -0.0282805 0.99960003 0 0 0 0 1
            1 -0 0 0 0 0.99949651 0.031728807 0.11365318 -0 -0.031728807 0.99949651 0 0 0 0 1
            1 -0 0 0 0 0.99940006 0.034634089 0.1130718 -0 -0.034634089 0.99940006 0 0 0 0 1
            1 -0 0 0 0 0.99931724 0.036946769 0.11260896 -0 -0.036946769 0.99931724 0 0 0 0 1
            1 -0 0 0 0 0.99925368 0.03862742 0.11227259 -0 -0.03862742 0.99925368 0 0 0 0 1
            1 -0 0 0 0 0.99921373 0.039647401 0.11206844 -0 -0.039647401 0.99921373 0 0 0 0 1
            1 -0 0 0 0 0.99920011 0.039989332 0.112 -0 -0.039989332 0.99920011 0 0 0 0 1
            1 -0 0 0 0 0.99921373 0.039647401 0.11206844 -0 -0.039647401 0.99921373 0 0 0 0 1
            1 -0 0 0 0 0.99925368 0.03862742 0.11227259 -0 -0.03862742 0.99925368 0 0 0 0 1
            1 -0 0 0 0 0.99931724 0.036946769 0.11260896 -0 -0.036946769 0.99931724 0 0 0 0 1
            1 -0 0 0 0 0.99940006 0.034634089 0.1130718 -0 -0.034634089 0.99940006 0 0 0 0 1
            1 -0 0 0 0 0.99949651 0.031728807 0.11365318 -0 -0.031728807 0.99949651 0 0 0 0 1
            1 -0 0 0 0 0.99960003 0.0282805 0.11434314 -0 -0.0282805 0.99960003 0 0 0 0 1
            1 -0 0 0 0 0.99970354 0.02434805 0.11512991 -0 -0.02434805 0.99970354 0 0 0 0 1
            1 -0 0 0 0 0.99980001 0.019998666 0.116 -0 -0.019998666 0.99980001 0 0 0 0 1
            1 -0 0 0 0 0.99988285 0.015306739 0.11693853 -0 -0.015306739 0.99988285 0 0 0 0 1
            1 -0 0 0 0 0.99994641 0.010352577 0.11792945 -0 -0.010352577 0.99994641 0 0 0 0 1
            1 -0 0 0 0 0.99998637 0.005221024 0.11895579 -0 -0.005221024 0.99998637 0 0 0 0 1
            1 0 0 0 0 1 0 0.12 0 0 1 0 0 0 0 1
          </float_array>
          <technique_common>
            <accessor source="#Idle-Spine-output-array" count="49" stride="16">
              <param name="TRANSFORM" type="float4x4"/>
            </accessor>
          </technique_common>
        </source>
        <source id="Idle-Spine-interp">
          <Name_array id="Idle-Spine-interp-array" count="49">LINEAR LINEAR LINEAR LINEAR LINEAR LINEAR LINEAR LINEAR LINEAR LINEAR LINEAR LINEAR LINEAR LINEAR LINEAR LINEAR LINEAR LINEAR LINEAR LINEAR LINEAR LINEAR LINEAR LINEAR LINEAR LINEAR LINEAR LINEAR LINEAR LINEAR LINEAR LINEAR LINEAR LINEAR LINEAR LINEAR LINEAR LINEAR LINEAR LINEAR LINEAR LINEAR LINEAR LINEAR LINEAR LINEAR LINEAR LINEAR LINEAR</Name_array>
          <technique_common>
            <accessor source="#Idle-Spine-interp-array" count="49" stride="1">
              <param name="INTERPOLATION" type="name"/>
            </accessor>
          </technique_common>
        </source>
        <sampler id="Idle-Spine-sampler">
          <input semantic="INPUT" source="#Idle-Spine-input"/>
          <input semantic="OUTPUT" source="#Idle-Spine-output"/>
          <input semantic="INTERPOLATION" source="#Idle-Spine-interp"/>
        </sampler>
        <channel source="#Idle-Spine-sampler" target="Spine/matrix"/>
        <source id="Idle-Chest-input">
          <float_array id="Idle-Chest-input-array" count="49">
            0 0.041666668 0.083333336 0.125 0.16666667 0.20833333 0.25 0.29166666
            0.33333334 0.375 0.41666666 0.45833334 0.5 0.54166669 0.58333331 0.625
            0.66666669 0.70833331 0.75 0.79166669 0.83333331 0.875 0.91666669 0.95833331
            1 1.0416666 1.0833334 1.125 1.1666666 1.2083334 1.25 1.2916666
            1.3333334 1.375 1.4166666 1.4583334 1.5 1.5416666 1.5833334 1.625
            1.6666666 1.7083334 1.75 1.7916666 1.8333334 1.875 1.9166666 1.9583334
            2
          </float_array>
          <technique_common>
            <accessor source="#Idle-Chest-input-array" count="49" stride="1">
              <param name="TIME" type="float"/>
            </accessor>
          </technique_common>
        </source>
        <source id="Idle-Chest-output">
          <float_array id="Idle-Chest-output-array" count="784">
            1 0 0 0 0 1 0 0.2 0 0 1 0 0 0 0 1
            1 0 0 0 0 0.99999233 -0.0039157759 0.20130526 0 0.0039157759 0.99999233 0 0 0 0 1
            1 0 0 0 0 0.99996986 -0.0077644931 0.20258819 0 0.0077644931 0.99996986 0 0 0 0 1
            1 0 0 0 0 0.9999341 -0.011480251 0.20382683 0 0.011480251 0.9999341 0 0 0 0 1
            1 0 0 0 0 0.9998875 -0.014999437 0.205 0 0.014999437 0.9998875 0 0 0 0 1
            1 0 0 0 0 0.99983324 -0.018261827 0.20608762 0 0.018261827 0.99983324 0 0 0 0 1
            1 0 0 0 0 0.99977501 -0.021211612 0.20707107 0 0.021211612 0.99977501 0 0 0 0 1
            1 0 0 0 0 0.99971678 -0.023798353 0.20793353 0 0.023798353 0.99971678 0 0 0 0 1
            1 0 0 0 0 0.99966252 -0.02597784 0.20866026 0 0.02597784 0.99966252 0 0 0 0 1
            1 0 0 0 0 0.99961593 -0.027712837 0.2092388 0 0.027712837 0.99961593 0 0 0 0 1
            1 0 0 0 0 0.99958017 -0.028973719 0.20965926 0 0.028973719 0.99958017 0 0 0 0 1
            1 0 0 0 0 0.9995577 -0.029738961 0.20991445 0 0.029738961 0.9995577 0 0 0 0 1
            1 0 0 0 0 0.99955003 -0.029995499 0.20999999 0 0.029995499 0.99955003 0 0 0 0 1
            1 0 0 0 0 0.9995577 -0.029738961 0.20991445 0 0.029738961 0.9995577 0 0 0 0 1
            1 0 0 0 0 0.99958017 -0.028973719 0.20965926 0 0.028973719 0.99958017 0 0 0 0 1
            1 0 0 0 0 0.99961593 -0.027712837 0.2092388 0 0.027712837 0.99961593 0 0 0 0 1
            1 0 0 0 0 0.99966252 -0.02597784 0.20866026 0 0.02597784 0.99966252 0 0 0 0 1
            1 0 0 0 0 0.99971678 -0.023798353 0.20793353 0 0.023798353 0.99971678 0 0 0 0 1
            1 0 0 0 0 0.99977501 -0.021211612 0.20707107 0 0.021211612 0.99977501 0 0 0 0 1
            1 0 0 0 0 0.99983324 -0.018261827 0.20608762 0 0.018261827 0.99983324 0 0 0 0 1
            1 0 0 0 0 0.9998875 -0.014999437 0.205 0 0.014999437 0.9998875 0 0 0 0 1
            1 0 0 0 0 0.9999341 -0.011480251 0.20382683 0 0.011480251 0.9999341 0 0 0 0 1
            1 0 0 0 0 0.99996986 -0.0077644931 0.20258819 0 0.0077644931 0.99996986 0 0 0 0 1
            1 0 0 0 0 0.99999233 -0.0039157759 0.20130526 0 0.0039157759 0.99999233 0 0 0 0 1
            1 0 0 0 0 1 -3.6739405e-18 0.2 0 3.6739405e-18 1 0 0 0 0 1
            1 -0 0 0 0 0.99999233 0.0039157759 0.19869474 -0 -0.0039157759 0.99999233 0 0 0 0 1
            1 -0 0 0 0 0.99996986 0.0077644931 0.19741181 -0 -0.0077644931 0.99996986 0 0 0 0 1
            1 -0 0 0 0 0.9999341 0.011480251 0.19617316 -0 -0.011480251 0.9999341 0 0 0 0 1
            1 -0 0 0 0 0.9998875 0.014999437 0.19499999 -0 -0.014999437 0.9998875 0 0 0 0 1
            1 -0 0 0 0 0.99983324 0.018261827 0.19391239 -0 -0.018261827 0.99983324 0 0 0 0 1
            1 -0 0 0 0 0.99977501 0.021211612 0.19292893 -0 -0.021211612 0.99977501 0 0 0 0 1
            1 -0 0 0 0 0.99971678 0.023798353 0.19206646 -0 -0.023798353 0.99971678 0 0 0 0 1
            1 -0 0 0 0 0.99966252 0.02597784 0.19133975 -0 -0.02597784 0.99966252 0 0 0 0 1
            1 -0 0 0 0 0.99961593 0.027712837 0.19076121 -0 -0.027712837 0.99961593 0 0 0 0 1
            1 -0 0 0 0 0.99958017 0.028973719 0.19034074 -0 -0.028973719 0.99958017 0 0 0 0 1
            1 -0 0 0 0 0.9995577 0.029738961 0.19008555 -0 -0.029738961 0.9995577 0 0 0 0 1
            1 -0 0 0 0 0.99955003 0.029995499 0.19 -0 -0.029995499 0.99955003 0 0 0 0 1
            1 -0 0 0 0 0.9995577 0.029738961 0.19008555 -0 -0.029738961 0.9995577 0 0 0 0 1
            1 -0 0 0 0 0.99958017 0.028973719 0.19034074 -0 -0.028973719 0.99958017 0 0 0 0 1
            1 -0 0 0 0 0.99961593 0.027712837 0.19076121 -0 -0.027712837 0.99961593 0 0 0 0 1
            1 -0 0 0 0 0.99966252 0.02597784 0.19133975 -0 -0.02597784 0.99966252 0 0 0 0 1
            1 -0 0 0 0 0.99971678 0.023798353 0.19206646 -0 -0.023798353 0.99971678 0 0 0 0 1
            1 -0 0 0 0 0.99977501 0.021211612 0.19292893 -0 -0.021211612 0.99977501 0 0 0 0 1
            1 -0 0 0 0 0.99983324 0.018261827 0.19391239 -0 -0.018261827 0.99983324 0 0 0 0 1
            1 -0 0 0 0 0.9998875 0.014999437 0.19499999 -0 -0.014999437 0.9998875 0 0 0 0 1
            1 -0 0 0 0 0.9999341 0.011480251 0.19617316 -0 -0.011480251 0.9999341 0 0 0 0 1
            1 -0 0 0 0 0.99996986 0.0077644931 0.19741181 -0 -0.0077644931 0.99996986 0 0 0 0 1
            1 -0 0 0 0 0.99999233 0.0039157759 0.19869474 -0 -0.0039157759 0.99999233 0 0 0 0 1
            1 0 0 0 0 1 0 0.2 0 0 1 0 0 0 0 1
          </float_array>
          <technique_common>
            <accessor source="#Idle-Chest-output-array" count="49" stride="16">
              <param name="TRANSFORM" type="float4x4"/>
            </accessor>
          </technique_common>
        </source>
        <source id="Idle-Chest-interp">
          <Name_array id="Idle-Chest-interp-array" count="49">LINEAR LINEAR LINEAR LINEAR LINEAR LINEAR LINEAR LINEAR LINEAR LINEAR LINEAR LINEAR LINEAR LINEAR LINEAR LINEAR LINEAR LINEAR LINEAR LINEAR LINEAR LINEAR LINEAR LINEAR LINEAR LINEAR LINEAR LINEAR LINEAR LINEAR LINEAR LINEAR LINEAR LINEAR LINEAR LINEAR LINEAR LINEAR LINEAR LINEAR LINEAR LINEAR LINEAR LINEAR LINEAR LINEAR LINEAR LINEAR LINEAR</Name_array>
          <technique_common>
            <accessor source="#Idle-Chest-interp-array" count="49" stride="1">
              <param name="INTERPOLATION" type="name"/>
            </accessor>
          </technique_common>
        </source>
        <sampler id="Idle-Chest-sampler">
          <input semantic="INPUT" source="#Idle-Chest-input"/>
          <input semantic="OUTPUT" source="#Idle-Chest-output"/>
          <input semantic="INTERPOLATION" source="#Idle-Chest-interp"/>
        </sampler>
        <channel source="#Idle-Chest-sampler" target="Chest/matrix"/>
        <source id="Idle-Neck-input">
          <float_array id="Idle-Neck-input-array" count="49">
            0 0.041666668 0.083333336 0.125 0.16666667 0.20833333 0.25 0.29166666
            0.33333334 0.375 0.41666666 0.45833334 0.5 0.54166669 0.58333331 0.625
            0.66666669 0.70833331 0.75 0.79166669 0.83333331 0.875 0.91666669 0.95833331
            1 1.0416666 1.0833334 1.125 1.1666666 1.2083334 1.25 1.2916666
            1.3333334 1.375 1.4166666 1.4583334 1.5 1.5416666 1.5833334 1.625
            1.6666666 1.7083334 1.75 1.7916666 1.8333334 1.875 1.9166666 1.9583334
            2
          </float_array>
          <technique_common>
            <accessor source="#Idle-Neck-input-array" count="49" stride="1">
              <param name="TIME" type="float"/>
            </accessor>
          </technique_common>
        </source>
        <source id="Idle-Neck-output">
          <float_array id="Idle-Neck-output-array" count="784">
            1 0 0 0 0 1 0 0.18000001 0 0 1 0 0 0 0 1
            1 0 0 0 0 1 0 0.18000001 0 0 1 0 0 0 0 1
            1 0 0 0 0 1 0 0.18000001 0 0 1 0 0 0 0 1
            1 0 0 0 0 1 0 0.18000001 0 0 1 0 0 0 0 1
            1 0 0 0 0 1 0 0.18000001 0 0 1 0 0 0 0 1
            1 0 0 0 0 1 0 0.18000001 0 0 1 0 0 0 0 1
            1 0 0 0 0 1 0 0.18000001 0 0 1 0 0 0 0 1
            1 0 0 0 0 1 0 0.18000001 0 0 1 0 0 0 0 1
            1 0 0 0 0 1 0 0.18000001 0 0 1 0 0 0 0 1
            1 0 0 0 0 1 0 0.18000001 0 0 1 0 0 0 0 1
            1 0 0 0 0 1 0 0.18000001 0 0 1 0 0 0 0 1
            1 0 0 0 0 1 0 0.18000001 0 0 1 0 0 0 0 1
            1 0 0 0 0 1 0 0.18000001 0 0 1 0 0 0 0 1
            1 0 0 0 0 1 0 0.18000001 0 0 1 0 0 0 0 1
            1 0 0 0 0 1 0 0.18000001 0 0 1 0 0 0 0 1
            1 0 0 0 0 1 0 0.18000001 0 0 1 0 0 0 0 1
            1 0 0 0 0 1 0 0.18000001 0 0 1 0 0 0 0 1
            1 0 0 0 0 1 0 0.18000001 0 0 1 0 0 0 0 1
            1 0 0 0 0 1 0 0.18000001 0 0 1 0 0 0 0 1
            1 0 0 0 0 1 0 0.18000001 0 0 1 0 0 0 0 1
            1 0 0 0 0 1 0 0.18000001 0 0 1 0 0 0 0 1
            1 0 0 0 0 1 0 0.18000001 0 0 1 0 0 0 0 1
            1 0 0 0 0 1 0 0.18000001 0 0 1 0 0 0 0 1
            1 0 0 0 0 1 0 0.18000001 0 0 1 0 0 0 0 1
            1 0 0 0 0 1 0 0.18000001 0 0 1 0 0 0 0 1
            1 0 0 0 0 1 0 0.18000001 0 0 1 0 0 0 0 1
            1 0 0 0 0 1 0 0.18000001 0 0 1 0 0 0 0 1
            1 0 0 0 0 1 0 0.18000001 0 0 1 0 0 0 0 1
            1 0 0 0 0 1 0 0.18000001 0 0 1 0 0 0 0 1
            1 0 0 0 0 1 0 0.18000001 0 0 1 0 0 0 0 1
            1 0 0 0 0 1 0 0.18000001 0 0 1 0 0 0 0 1
            1 0 0 0 0 1 0 0.18000001 0 0 1 0 0 0 0 1
            1 0 0 0 0 1 0 0.18000001 0 0 1 0 0 0 0 1
            1 0 0 0 0 1 0 0.18000001 0 0 1 0 0 0 0 1
            1 0 0 0 0 1 0 0.18000001 0 0 1 0 0 0 0 1
            1 0 0 0 0 1 0 0.18000001 0 0 1 0 0 0 0 1
            1 0 0 0 0 1 0 0.18000001 0 0 1 0 0 0 0 1
            1 0 0 0 0 1 0 0.18000001 0 0 1 0 0 0 0 1
            1 0 0 0 0 1 0 0.18000001 0 0 1 0 0 0 0 1
            1 0 0 0 0 1 0 0.18000001 0 0 1 0 0 0 0 1
            1 0 0 0 0 1 0 0.18000001 0 0 1 0 0 0 0 1
            1 0 0 0 0 1 0 0.18000001 0 0 1 0 0 0 0 1
            1 0 0 0 0 1 0 0.18000001 0 0 1 0 0 0 0 1
            1 0 0 0 0 1 0 0.18000001 0 0 1 0 0 0 0 1
            1 0 0 0 0 1 0 0.18000001 0 0 1 0 0 0 0 1
            1 0 0 0 0 1 0 0.18000001 0 0 1 0 0 0 0 1
            1 0 0 0 0 1 0 0.18000001 0 0 1 0 0 0 0 1
            1 0 0 0 0 1 0 0.18000001 0 0 1 0 0 0 0 1
            1 0 0 0 0 1 0 0.18000001 0 0 1 0 0 0 0 1
          </float_array>
          <technique_common>
            <accessor source="#Idle-Neck-output-array" count="49" stride="16">
              <param name="TRANSFORM" type="float4x4"/>
            </accessor>
          </technique_common>
        </source>
        <source id="Idle-Neck-interp">
          <Name_array id="Idle-Neck-interp-array" count="49">LINEAR LINEAR LINEAR LINEAR LINEAR LINEAR LINEAR LINEAR LINEAR LINEAR LINEAR LINEAR LINEAR LINEAR LINEAR LINEAR LINEAR LINEAR LINEAR LINEAR LINEAR LINEAR LINEAR LINEAR LINEAR LINEAR LINEAR LINEAR LINEAR LINEAR LINEAR LINEAR LINEAR LINEAR LINEAR LINEAR LINEAR LINEAR LINEAR LINEAR LINEAR LINEAR LINEAR LINEAR LINEAR LINEAR LINEAR LINEAR LINEAR</Name_array>
          <technique_common>
            <accessor source="#Idle-Neck-interp-array" count="49" stride="1">
              <param name="INTERPOLATION" type="name"/>
            </accessor>
          </technique_common>
        </source>
        <sampler id="Idle-Neck-sampler">
          <input semantic="INPUT" source="#Idle-Neck-input"/>
          <input semantic="OUTPUT" source="#Idle-Neck-output"/>
          <input semantic="INTERPOLATION" source="#Idle-Neck-interp"/>
        </sampler>
        <channel source="#Idle-Neck-sampler" target="Neck/matrix"/>
        <source id="Idle-Head-input">
          <float_array id="Idle-Head-input-array" count="49">
            0 0.041666668 0.083333336 0.125 0.16666667 0.20833333 0.25 0.29166666
            0.33333334 0.375 0.41666666 0.45833334 0.5 0.54166669 0.58333331 0.625
            0.66666669 0.70833331 0.75 0.79166669 0.83333331 0.875 0.91666669 0.95833331
            1 1.0416666 1.0833334 1.125 1.1666666 1.2083334 1.25 1.2916666
            1.3333334 1.375 1.4166666 1.4583334 1.5 1.5416666 1.5833334 1.625
            1.6666666 1.7083334 1.75 1.7916666 1.8333334 1.875 1.9166666 1.9583334
            2
          </float_array>
          <technique_common>
            <accessor source="#Idle-Head-input-array" count="49" stride="1">
              <param name="TIME" type="float"/>
            </accessor>
          </technique_common>
        </source>
        <source id="Idle-Head-output">
          <float_array id="Idle-Head-output-array" count="784">
            1 0 0 0 0 1 0 0.1 0 0 1 0 0 0 0 1
            0.9999307 7.6829069e-05 0.01177204 0 -2.7117653e-13 0.9999787 -0.0065262631 0.1 -0.011772291 0.0065258108 0.99990941 0 0 0 0 1
            0.99972401 0.00030400753 0.023490587 0 1.2069724e-11 0.99991627 -0.012940591 0.1 -0.023492554 0.01293702 0.9996403 0 0 0 0 1
            0.99938349 0.00067174144 0.035102615 0 8.9774475e-12 0.99981695 -0.019133004 0.1 -0.035109042 0.019121209 0.99920055 0 0 0 0 1
            0.998915 0.0011641432 0.046556027 0 -1.223903e-12 0.99968752 -0.024997396 0.1 -0.04657058 0.024970274 0.99860286 0 0 0 0 1
            0.99832663 0.0017598653 0.05780004 0 -3.5630324e-11 0.9995368 -0.030433371 0.1 -0.057826826 0.030382445 0.9978642 0 0 0 0 1
            0.9976285 0.00243295 0.068785544 0 4.778643e-11 0.99937507 -0.035347974 0.1 -0.068828558 0.035264147 0.99700505 0 0 0 0 1
            0.99683264 0.0031538587 0.079465328 0 -5.5062383e-11 0.99921334 -0.039657265 0.1 -0.07952789 0.039531656 0.99604847 0 0 0 0 1
            0.99595273 0.0038906392 0.089794301 0 -4.857556e-11 0.99906265 -0.043287739 0.1 -0.089878549 0.043112542 0.99501917 0 0 0 0 1
            0.9950039 0.0046101841 0.09972955 0 8.8571238e-11 0.99893325 -0.04617755 0.1 -0.09983605 0.045946842 0.99394248 0 0 0 0 1
            0.99400244 0.0052795285 0.10923039 0 1.3269825e-10 0.99883396 -0.048277521 0.1 -0.10935791 0.047987974 0.99284339 0 0 0 0 1
            0.99296553 0.0058671395 0.11825837 0 -9.7817047e-11 0.99877155 -0.049551942 0.1 -0.11840382 0.04920337 0.99174571 0 0 0 0 1
            0.99191093 0.0063441479 0.1267772 0 -1.5765086e-10 0.99875026 -0.049979169 0.1 -0.12693584 0.049574884 0.9906713 0 0 0 0 1
            0.99085671 0.0066854714 0.13475271 0 -3.253376e-10 0.99877155 -0.049551941 0.1 -0.13491845 0.049098873 0.98963949 0 0 0 0 1
            0.98982088 0.0068707955 0.14215279 0 3.4632412e-10 0.99883396 -0.048277521 0.1 -0.14231874 0.047786098 0.98866671 0 0 0 0 1
            0.98882115 0.0068853697 0.14894737 0 2.7780643e-10 0.99893325 -0.046177553 0.1 -0.14910643 0.045661341 0.98776633 0 0 0 0 1
            0.98787458 0.0067205951 0.15510849 0 1.3128838e-10 0.99906265 -0.043287739 0.1 -0.15525401 0.042762857 0.9869486 0 0 0 0 1
            0.98699731 0.006374381 0.16061034 0 1.6192144e-11 0.99921334 -0.039657264 0.1 -0.16073678 0.039141613 0.98622088 0 0 0 0 1
            0.98620427 0.0058512519 0.16542943 0 2.0847209e-12 0.99937507 -0.035347975 0.1 -0.16553287 0.034860324 0.98558796 0 0 0 0 1
            0.98550897 0.0051622089 0.16954473 0 -2.1596899e-10 0.9995368 -0.030433371 0.1 -0.1696233 0.02999236 0.98505248 0 0 0 0 1
            0.98492323 0.0043243493 0.17293793 0 9.8713177e-11 0.99968752 -0.024997397 0.1 -0.17299199 0.024620517 0.98461546 0 0 0 0 1
            0.98445701 0.0033602481 0.1755936 0 1.2622109e-10 0.99981695 -0.019133005 0.1 -0.17562574 0.018835621 0.9842768 0 0 0 0 1
            0.98411822 0.0022971402 0.17749945 0 1.8481745e-11 0.99991627 -0.012940592 0.1 -0.17751432 0.012735072 0.98403582 0 0 0 0 1
            0.98391261 0.0011659196 0.1786466 0 2.9913178e-11 0.9999787 -0.0065262635 0.1 -0.1786504 0.006421273 0.98389166 0 0 0 0 1
            0.98384369 1.09624e-18 0.17902958 0 -7.9634678e-27 1 -6.1232339e-18 0.1 -0.17902958 6.0243051e-18 0.98384369 0 0 0 0 1
            0.98391261 -0.0011659196 0.1786466 0 -2.9913178e-11 0.9999787 0.0065262635 0.1 -0.1786504 -0.006421273 0.98389166 0 0 0 0 1
            0.98411822 -0.0022971402 0.17749945 0 -1.8481745e-11 0.99991627 0.012940592 0.1 -0.17751432 -0.012735072 0.98403582 0 0 0 0 1
            0.98445701 -0.0033602481 0.1755936 0 -1.2622109e-10 0.99981695 0.019133005 0.1 -0.17562574 -0.018835621 0.9842768 0 0 0 0 1
            0.98492323 -0.0043243493 0.17293793 0 -9.8713177e-11 0.99968752 0.024997397 0.1 -0.17299199 -0.024620517 0.98461546 0 0 0 0 1
            0.98550897 -0.0051622089 0.16954473 0 2.1596899e-10 0.9995368 0.030433371 0.1 -0.1696233 -0.02999236 0.98505248 0 0 0 0 1
            0.98620427 -0.0058512519 0.16542943 0 -2.0847209e-12 0.99937507 0.035347975 0.1 -0.16553287 -0.034860324 0.98558796 0 0 0 0 1
            0.98699731 -0.006374381 0.16061034 0 -1.6192144e-11 0.99921334 0.039657264 0.1 -0.16073678 -0.039141613 0.98622088 0 0 0 0 1
            0.98787458 -0.0067205951 0.15510849 0 -1.3128838e-10 0.99906265 0.043287739 0.1 -0.15525401 -0.042762857 0.9869486 0 0 0 0 1
            0.98882115 -0.0068853697 0.14894737 0 -2.7780643e-10 0.99893325 0.046177553 0.1 -0.14910643 -0.045661341 0.98776633 0 0 0 0 1
            0.98982088 -0.0068707955 0.14215279 0 -3.4632412e-10 0.99883396 0.048277521 0.1 -0.14231874 -0.047786098 0.98866671 0 0 0 0 1
            0.99085671 -0.0066854714 0.13475271 0 3.253376e-10 0.99877155 0.049551941 0.1 -0.13491845 -0.049098873 0.98963949 0 0 0 0 1
            0.99191093 -0.0063441479 0.1267772 0 1.5765086e-10 0.99875026 0.049979169 0.1 -0.12693584 -0.049574884 0.9906713 0 0 0 0 1
            0.99296553 -0.0058671395 0.11825837 0 9.7817047e-11 0.99877155 0.049551942 0.1 -0.11840382 -0.04920337 0.99174571 0 0 0 0 1
            0.99400244 -0.0052795285 0.10923039 0 -1.3269825e-10 0.99883396 0.048277521 0.1 -0.10935791 -0.047987974 0.99284339 0 0 0 0 1
            0.9950039 -0.0046101841 0.09972955 0 -8.8571238e-11 0.99893325 0.04617755 0.1 -0.09983605 -0.045946842 0.99394248 0 0 0 0 1
            0.99595273 -0.0038906392 0.089794301 0 4.857556e-11 0.99906265 0.043287739 0.1 -0.089878549 -0.043112542 0.99501917 0 0 0 0 1
            0.99683264 -0.0031538587 0.079465328 0 5.5062383e-11 0.99921334 0.039657265 0.1 -0.07952789 -0.039531656 0.99604847 0 0 0 0 1
            0.9976285 -0.00243295 0.068785544 0 -4.778643e-11 0.99937507 0.035347974 0.1 -0.068828558 -0.035264147 0.99700505 0 0 0 0 1
            0.99832663 -0.0017598653 0.05780004 0 3.5630324e-11 0.9995368 0.030433371 0.1 -0.057826826 -0.030382445 0.9978642 0 0 0 0 1
            0.998915 -0.0011641432 0.046556027 0 1.223903e-12 0.99968752 0.024997396 0.1 -0.04657058 -0.024970274 0.99860286 0 0 0 0 1
            0.99938349 -0.00067174144 0.035102615 0 -8.9774475e-12 0.99981695 0.019133004 0.1 -0.035109042 -0.019121209 0.99920055 0 0 0 0 1
            0.99972401 -0.00030400753 0.023490587 0 -1.2069724e-11 0.99991627 0.012940591 0.1 -0.023492554 -0.01293702 0.9996403 0 0 0 0 1
            0.9999307 -7.6829069e-05 0.01177204 0 2.7117653e-13 0.9999787 0.0065262631 0.1 -0.011772291 -0.0065258108 0.99990941 0 0 0 0 1
            1 0 0 0 0 1 0 0.1 0 0 1 0 0 0 0 1
          </float_array>
          <technique_common>
            <accessor source="#Idle-Head-output-array" count="49" stride="16">
              <param name="TRANSFORM" type="float4x4"/>
            </accessor>
          </technique_common>
        </source>
        <source id="Idle-Head-interp">
          <Name_array id="Idle-Head-interp-array" count="49">LINEAR LINEAR LINEAR LINEAR LINEAR LINEAR LINEAR LINEAR LINEAR LINEAR LINEAR LINEAR LINEAR LINEAR LINEAR LINEAR LINEAR LINEAR LINEAR LINEAR LINEAR LINEAR LINEAR LINEAR LINEAR LINEAR LINEAR LINEAR LINEAR LINEAR LINEAR LINEAR LINEAR LINEAR LINEAR LINEAR LINEAR LINEAR LINEAR LINEAR LINEAR LINEAR LINEAR LINEAR LINEAR LINEAR LINEAR LINEAR LINEAR</Name_array>
          <technique_common>
            <accessor source="#Idle-Head-interp-array" count="49" stride="1">
              <param name="INTERPOLATION" type="name"/>
            </accessor>
          </technique_common>
        </source>
        <sampler id="Idle-Head-sampler">
          <input semantic="INPUT" source="#Idle-Head-input"/>
          <input semantic="OUTPUT" source="#Idle-Head-output"/>
          <input semantic="INTERPOLATION" source="#Idle-Head-interp"/>
        </sampler>
        <channel source="#Idle-Head-sampler" target="Head/matrix"/>
        <source id="Idle-UpperArm_L-input">
          <float_array id="Idle-UpperArm_L-input-array" count="49">
            0 0.041666668 0.083333336 0.125 0.16666667 0.20833333 0.25 0.29166666
            0.33333334 0.375 0.41666666 0.45833334 0.5 0.54166669 0.58333331 0.625
            0.66666669 0.70833331 0.75 0.79166669 0.83333331 0.875 0.91666669 0.95833331
            1 1.0416666 1.0833334 1.125 1.1666666 1.2083334 1.25 1.2916666
            1.3333334 1.375 1.4166666 1.4583334 1.5 1.5416666 1.5833334 1.625
            1.6666666 1.7083334 1.75 1.7916666 1.8333334 1.875 1.9166666 1.9583334
            2
          </float_array>
          <technique_common>
            <accessor source="#Idle-UpperArm_L-input-array" count="49" stride="1">
              <param name="TIME" type="float"/>
            </accessor>
          </technique_common>
        </source>
        <source id="Idle-UpperArm_L-output">
          <float_array id="Idle-UpperArm_L-output-array" count="784">
            0.99820054 -0.059964008 0 -0.2 0.059964008 0.99820054 0 0.1 0 0 1 0 0 0 0 1
            0.99820054 -0.059962729 0.00039134087 -0.2 0.059964006 0.99817928 -0.0065145194 0.1 4.2979524e-12 0.0065262631 0.9999787 0 0 0 0 1
            0.99820054 -0.059958983 0.00077596965 -0.2 0.059964004 0.99811696 -0.012917304 0.1 -2.2896961e-11 0.012940591 0.99991627 0 0 0 0 1
            0.99820054 -0.059953033 0.0011472916 -0.2 0.059964009 0.99801782 -0.019098575 0.1 3.6532313e-11 0.019133004 0.99981695 0 0 0 0 1
            0.99820054 -0.059945266 0.001498944 -0.2 0.059964004 0.99788862 -0.024952413 0.1 -5.4384918e-11 0.024997395 0.99968752 0 0 0 0 1
            0.99820054 -0.059936232 0.0018249069 -0.2 0.059964007 0.99773817 -0.030378608 0.1 3.2910493e-11 0.030433372 0.9995368 0 0 0 0 1
            0.99820054 -0.05992653 0.002119606 -0.2 0.059964004 0.99757673 -0.035284366 0.1 -3.1523395e-13 0.035347973 0.99937507 0 0 0 0 1
            0.99820054 -0.059916836 0.0023780086 -0.2 0.059964007 0.9974153 -0.039585904 0.1 -4.4625417e-11 0.039657265 0.99921334 0 0 0 0 1
            0.99820054 -0.059907796 0.0025957061 -0.2 0.059964004 0.99726487 -0.043209843 0.1 -9.7184152e-11 0.043287738 0.99906265 0 0 0 0 1
            0.99820054 -0.059900038 0.0027689909 -0.2 0.059964005 0.99713571 -0.046094456 0.1 6.1441393e-11 0.046177551 0.99893325 0 0 0 0 1
            0.99820054 -0.059894083 0.0028949132 -0.2 0.059964003 0.9970366 -0.048190643 0.1 -4.3879273e-11 0.048277517 0.99883396 0 0 0 0 1
            0.99820054 -0.059890343 0.0029713329 -0.2 0.059964005 0.9969743 -0.049462775 0.1 -5.5605977e-11 0.049551941 0.99877155 0 0 0 0 1
            0.99820054 -0.059889064 0.002996951 -0.2 0.059964003 0.99695305 -0.049889232 0.1 -4.3163977e-11 0.049979168 0.99875026 0 0 0 0 1
            0.99820054 -0.059890343 0.0029713329 -0.2 0.059964005 0.9969743 -0.049462775 0.1 -5.5605977e-11 0.049551941 0.99877155 0 0 0 0 1
            0.99820054 -0.059894083 0.0028949132 -0.2 0.059964003 0.9970366 -0.048190643 0.1 -4.3879273e-11 0.048277517 0.99883396 0 0 0 0 1
            0.99820054 -0.059900038 0.0027689909 -0.2 0.059964005 0.99713571 -0.046094456 0.1 6.1441393e-11 0.046177551 0.99893325 0 0 0 0 1
            0.99820054 -0.059907796 0.0025957061 -0.2 0.059964004 0.99726487 -0.043209843 0.1 -9.7184152e-11 0.043287738 0.99906265 0 0 0 0 1
            0.99820054 -0.059916836 0.0023780086 -0.2 0.059964007 0.9974153 -0.039585904 0.1 -4.4625417e-11 0.039657265 0.99921334 0 0 0 0 1
            0.99820054 -0.05992653 0.002119606 -0.2 0.059964004 0.99757673 -0.035284366 0.1 -3.1523395e-13 0.035347973 0.99937507 0 0 0 0 1
            0.99820054 -0.059936232 0.0018249069 -0.2 0.059964007 0.99773817 -0.030378608 0.1 3.2910493e-11 0.030433372 0.9995368 0 0 0 0 1
            0.99820054 -0.059945266 0.001498944 -0.2 0.059964004 0.99788862 -0.024952413 0.1 -5.4384918e-11 0.024997395 0.99968752 0 0 0 0 1
            0.99820054 -0.059953033 0.0011472916 -0.2 0.059964009 0.99801782 -0.019098575 0.1 3.6532313e-11 0.019133004 0.99981695 0 0 0 0 1
            0.99820054 -0.059958983 0.00077596965 -0.2 0.059964004 0.99811696 -0.012917304 0.1 -2.2896961e-11 0.012940591 0.99991627 0 0 0 0 1
            0.99820054 -0.059962729 0.00039134087 -0.2 0.059964006 0.99817928 -0.0065145194 0.1 4.2979524e-12 0.0065262631 0.9999787 0 0 0 0 1
            0.99820054 -0.059964008 3.6717365e-19 -0.2 0.059964008 0.99820054 -6.1122156e-18 0.1 4.147175e-27 6.1232341e-18 1 0 0 0 0 1
            0.99820054 -0.059962729 -0.00039134087 -0.2 0.059964006 0.99817928 0.0065145194 0.1 -4.2979524e-12 -0.0065262631 0.9999787 0 0 0 0 1
            0.99820054 -0.059958983 -0.00077596965 -0.2 0.059964004 0.99811696 0.012917304 0.1 2.2896961e-11 -0.012940591 0.99991627 0 0 0 0 1
            0.99820054 -0.059953033 -0.0011472916 -0.2 0.059964009 0.99801782 0.019098575 0.1 -3.6532313e-11 -0.019133004 0.99981695 0 0 0 0 1
            0.99820054 -0.059945266 -0.001498944 -0.2 0.059964004 0.99788862 0.024952413 0.1 5.4384918e-11 -0.024997395 0.99968752 0 0 0 0 1
            0.99820054 -0.059936232 -0.0018249069 -0.2 0.059964007 0.99773817 0.030378608 0.1 -3.2910493e-11 -0.030433372 0.9995368 0 0 0 0 1
            0.99820054 -0.05992653 -0.002119606 -0.2 0.059964004 0.99757673 0.035284366 0.1 3.1523395e-13 -0.035347973 0.99937507 0 0 0 0 1
            0.99820054 -0.059916836 -0.0023780086 -0.2 0.059964007 0.9974153 0.039585904 0.1 4.4625417e-11 -0.039657265 0.99921334 0 0 0 0 1
            0.99820054 -0.059907796 -0.0025957061 -0.2 0.059964004 0.99726487 0.043209843 0.1 9.7184152e-11 -0.043287738 0.99906265 0 0 0 0 1
            0.99820054 -0.059900038 -0.0027689909 -0.2 0.059964005 0.99713571 0.046094456 0.1 -6.1441393e-11 -0.046177551 0.99893325 0 0 0 0 1
            0.99820054 -0.059894083 -0.0028949132 -0.2 0.059964003 0.9970366 0.048190643 0.1 4.3879273e-11 -0.048277517 0.99883396 0 0 0 0 1
            0.99820054 -0.059890343 -0.0029713329 -0.2 0.059964005 0.9969743 0.049462775 0.1 5.5605977e-11 -0.049551941 0.99877155 0 0 0 0 1
            0.99820054 -0.059889064 -0.002996951 -0.2 0.059964003 0.99695305 0.049889232 0.1 4.3163977e-11 -0.049979168 0.99875026 0 0 0 0 1
            0.99820054 -0.059890343 -0.0029713329 -0.2 0.059964005 0.9969743 0.049462775 0.1 5.5605977e-11 -0.049551941 0.99877155 0 0 0 0 1
            0.99820054 -0.059894083 -0.0028949132 -0.2 0.059964003 0.9970366 0.048190643 0.1 4.3879273e-11 -0.048277517 0.99883396 0 0 0 0 1
            0.99820054 -0.059900038 -0.0027689909 -0.2 0.059964005 0.99713571 0.046094456 0.1 -6.1441393e-11 -0.046177551 0.99893325 0 0 0 0 1
            0.99820054 -0.059907796 -0.0025957061 -0.2 0.059964004 0.99726487 0.043209843 0.1 9.7184152e-11 -0.043287738 0.99906265 0 0 0 0 1
            0.99820054 -0.059916836 -0.0023780086 -0.2 0.059964007 0.9974153 0.039585904 0.1 4.4625417e-11 -0.039657265 0.99921334 0 0 0 0 1
            0.99820054 -0.05992653 -0.002119606 -0.2 0.059964004 0.99757673 0.035284366 0.1 3.1523395e-13 -0.035347973 0.99937507 0 0 0 0 1
            0.99820054 -0.059936232 -0.0018249069 -0.2 0.059964007 0.99773817 0.030378608 0.1 -3.2910493e-11 -0.030433372 0.9995368 0 0 0 0 1
            0.99820054 -0.059945266 -0.001498944 -0.2 0.059964004 0.99788862 0.024952413 0.1 5.4384918e-11 -0.024997395 0.99968752 0 0 0 0 1
            0.99820054 -0.059953033 -0.0011472916 -0.2 0.059964009 0.99801782 0.019098575 0.1 -3.6532313e-11 -0.019133004 0.99981695 0 0 0 0 1
            0.99820054 -0.059958983 -0.00077596965 -0.2 0.059964004 0.99811696 0.012917304 0.1 2.2896961e-11 -0.012940591 0.99991627 0 0 0 0 1
            0.99820054 -0.059962729 -0.00039134087 -0.2 0.059964006 0.99817928 0.0065145194 0.1 -4.2979524e-12 -0.0065262631 0.9999787 0 0 0 0 1
            0.99820054 -0.059964008 0 -0.2 0.059964008 0.99820054 0 0.1 0 0 1 0 0 0 0 1
          </float_array>
          <technique_common>
            <accessor source="#Idle-UpperArm_L-output-array" count="49" stride="16">
              <param name="TRANSFORM" type="float4x4"/>
            </accessor>
          </technique_common>
        </source>
        <source id="Idle-UpperArm_L-interp">
          <Name_array id="Idle-UpperArm_L-interp-array" count="49">LINEAR LINEAR LINEAR LINEAR LINEAR LINEAR LINEAR LINEAR LINEAR LINEAR LINEAR LINEAR LINEAR LINEAR LINEAR LINEAR LINEAR LINEAR LINEAR LINEAR LINEAR LINEAR LINEAR LINEAR LINEAR LINEAR LINEAR LINEAR LINEAR LINEAR LINEAR LINEAR LINEAR LINEAR LINEAR LINEAR LINEAR LINEAR LINEAR LINEAR LINEAR LINEAR LINEAR LINEAR LINEAR LINEAR LINEAR LINEAR LINEAR</Name_array>
          <technique_common>
            <accessor source="#Idle-UpperArm_L-interp-array" count="49" stride="1">
              <param name="INTERPOLATION" type="name"/>
            </accessor>
          </technique_common>
        </source>
        <sampler id="Idle-UpperArm_L-sampler">
          <input semantic="INPUT" source="#Idle-UpperArm_L-input"/>
          <input semantic="OUTPUT" source="#Idle-UpperArm_L-output"/>
          <input semantic="INTERPOLATION" source="#Idle-UpperArm_L-interp"/>
        </sampler>
        <channel source="#Idle-UpperArm_L-sampler" target="UpperArm_L/matrix"/>
        <source id="Idle-LowerArm_L-input">
          <float_array id="Idle-LowerArm_L-input-array" count="49">
            0 0.041666668 0.083333336 0.125 0.16666667 0.20833333 0.25 0.29166666
            0.33333334 0.375 0.41666666 0.45833334 0.5 0.54166669 0.58333331 0.625
            0.66666669 0.70833331 0.75 0.79166669 0.83333331 0.875 0.91666669 0.95833331
            1 1.0416666 1.0833334 1.125 1.1666666 1.2083334 1.25 1.2916666
            1.3333334 1.375 1.4166666 1.4583334 1.5 1.5416666 1.5833334 1.625
            1.6666666 1.7083334 1.75 1.7916666 1.8333334 1.875 1.9166666 1.9583334
            2
          </float_array>
          <technique_common>
            <accessor source="#Idle-LowerArm_L-input-array" count="49" stride="1">
              <param name="TIME" type="float"/>
            </accessor>
          </technique_common>
        </source>
        <source id="Idle-LowerArm_L-output">
          <float_array id="Idle-LowerArm_L-output-array" count="784">
            1 0 0 0 0 0.99680171 -0.079914693 -0.23999999 0 0.079914693 0.99680171 0 0 0 0 1
            1 0 0 0 0 0.99680171 -0.079914693 -0.23999999 0 0.079914693 0.99680171 0 0 0 0 1
            1 0 0 0 0 0.99680171 -0.079914693 -0.23999999 0 0.079914693 0.99680171 0 0 0 0 1
            1 0 0 0 0 0.99680171 -0.079914693 -0.23999999 0 0.079914693 0.99680171 0 0 0 0 1
            1 0 0 0 0 0.99680171 -0.079914693 -0.23999999 0 0.079914693 0.99680171 0 0 0 0 1
            1 0 0 0 0 0.99680171 -0.079914693 -0.23999999 0 0.079914693 0.99680171 0 0 0 0 1
            1 0 0 0 0 0.99680171 -0.079914693 -0.23999999 0 0.079914693 0.99680171 0 0 0 0 1
            1 0 0 0 0 0.99680171 -0.079914693 -0.23999999 0 0.079914693 0.99680171 0 0 0 0 1
            1 0 0 0 0 0.99680171 -0.079914693 -0.23999999 0 0.079914693 0.99680171 0 0 0 0 1
            1 0 0 0 0 0.99680171 -0.079914693 -0.23999999 0 0.079914693 0.99680171 0 0 0 0 1
            1 0 0 0 0 0.99680171 -0.079914693 -0.23999999 0 0.079914693 0.99680171 0 0 0 0 1
            1 0 0 0 0 0.99680171 -0.079914693 -0.23999999 0 0.079914693 0.99680171 0 0 0 0 1
            1 0 0 0 0 0.99680171 -0.079914693 -0.23999999 0 0.079914693 0.99680171 0 0 0 0 1
            1 0 0 0 0 0.99680171 -0.079914693 -0.23999999 0 0.079914693 0.99680171 0 0 0 0 1
            1 0 0 0 0 0.99680171 -0.079914693 -0.23999999 0 0.079914693 0.99680171 0 0 0 0 1
            1 0 0 0 0 0.99680171 -0.079914693 -0.23999999 0 0.079914693 0.99680171 0 0 0 0 1
            1 0 0 0 0 0.99680171 -0.079914693 -0.23999999 0 0.079914693 0.99680171 0 0 0 0 1
            1 0 0 0 0 0.99680171 -0.079914693 -0.23999999 0 0.079914693 0.99680171 0 0 0 0 1
            1 0 0 0 0 0.99680171 -0.079914693 -0.23999999 0 0.079914693 0.99680171 0 0 0 0 1
            1 0 0 0 0 0.99680171 -0.079914693 -0.23999999 0 0.079914693 0.99680171 0 0 0 0 1
            1 0 0 0 0 0.99680171 -0.079914693 -0.23999999 0 0.079914693 0.99680171 0 0 0 0 1
            1 0 0 0 0 0.99680171 -0.079914693 -0.23999999 0 0.079914693 0.99680171 0 0 0 0 1
            1 0 0 0 0 0.99680171 -0.079914693 -0.23999999 0 0.079914693 0.99680171 0 0 0 0 1
            1 0 0 0 0 0.99680171 -0.079914693 -0.23999999 0 0.079914693 0.99680171 0 0 0 0 1
            1 0 0 0 0 0.99680171 -0.079914693 -0.23999999 0 0.079914693 0.99680171 0 0 0 0 1
            1 0 0 0 0 0.99680171 -0.079914693 -0.23999999 0 0.079914693 0.99680171 0 0 0 0 1
            1 0 0 0 0 0.99680171 -0.079914693 -0.23999999 0 0.079914693 0.99680171 0 0 0 0 1
            1 0 0 0 0 0.99680171 -0.079914693 -0.23999999 0 0.079914693 0.99680171 0 0 0 0 1
            1 0 0 0 0 0.99680171 -0.079914693 -0.23999999 0 0.079914693 0.99680171 0 0 0 0 1
            1 0 0 0 0 0.99680171 -0.079914693 -0.23999999 0 0.079914693 0.99680171 0 0 0 0 1
            1 0 0 0 0 0.99680171 -0.079914693 -0.23999999 0 0.079914693 0.99680171 0 0 0 0 1
            1 0 0 0 0 0.99680171 -0.079914693 -0.23999999 0 0.079914693 0.99680171 0 0 0 0 1
            1 0 0 0 0 0.99680171 -0.079914693 -0.23999999 0 0.079914693 0.99680171 0 0 0 0 1
            1 0 0 0 0 0.99680171 -0.079914693 -0.23999999 0 0.079914693 0.99680171 0 0 0 0 1
            1 0 0 0 0 0.99680171 -0.079914693 -0.23999999 0 0.079914693 0.99680171 0 0 0 0 1
            1 0 0 0 0 0.99680171 -0.079914693 -0.23999999 0 0.079914693 0.99680171 0 0 0 0 1
            1 0 0 0 0 0.99680171 -0.079914693 -0.23999999 0 0.079914693 0.99680171 0 0 0 0 1
            1 0 0 0 0 0.99680171 -0.079914693 -0.23999999 0 0.079914693 0.99680171 0 0 0 0 1
            1 0 0 0 0 0.99680171 -0.079914693 -0.23999999 0 0.079914693 0.99680171 0 0 0 0 1
            1 0 0 0 0 0.99680171 -0.079914693 -0.23999999 0 0.079914693 0.99680171 0 0 0 0 1
            1 0 0 0 0 0.99680171 -0.079914693 -0.23999999 0 0.079914693 0.99680171 0 0 0 0 1
            1 0 0 0 0 0.99680171 -0.079914693 -0.23999999 0 0.079914693 0.99680171 0 0 0 0 1
            1 0 0 0 0 0.99680171 -0.079914693 -0.23999999 0 0.079914693 0.99680171 0 0 0 0 1
            1 0 0 0 0 0.99680171 -0.079914693 -0.23999999 0 0.079914693 0.99680171 0 0 0 0 1
            1 0 0 0 0 0.99680171 -0.079914693 -0.23999999 0 0.079914693 0.99680171 0 0 0 0 1
            1 0 0 0 0 0.99680171 -0.079914693 -0.23999999 0 0.079914693 0.99680171 0 0 0 0 1
            1 0 0 0 0 0.99680171 -0.079914693 -0.23999999 0 0.079914693 0.99680171 0 0 0 0 1
            1 0 0 0 0 0.99680171 -0.079914693 -0.23999999 0 0.079914693 0.99680171 0 0 0 0 1
            1 0 0 0 0 0.99680171 -0.079914693 -0.23999999 0 0.079914693 0.99680171 0 0 0 0 1
          </float_array>
          <technique_common>
            <accessor source="#Idle-LowerArm_L-output-array" count="49" stride="16">
              <param name="TRANSFORM" type="float4x4"/>
            </accessor>
          </technique_common>
        </source>
        <source id="Idle-LowerArm_L-interp">
          <Name_array id="Idle-LowerArm_L-interp-array" count="49">LINEAR LINEAR LINEAR LINEAR LINEAR LINEAR LINEAR LINEAR LINEAR LINEAR LINEAR LINEAR LINEAR LINEAR LINEAR LINEAR LINEAR LINEAR LINEAR LINEAR LINEAR LINEAR LINEAR LINEAR LINEAR LINEAR LINEAR LINEAR LINEAR LINEAR LINEAR LINEAR LINEAR LINEAR LINEAR LINEAR LINEAR LINEAR LINEAR LINEAR LINEAR LINEAR LINEAR LINEAR LINEAR LINEAR LINEAR LINEAR LINEAR</Name_array>
          <technique_common>
            <accessor source="#Idle-LowerArm_L-interp-array" count="49" stride="1">
              <param name="INTERPOLATION" type="name"/>
            </accessor>
          </technique_common>
        </source>
        <sampler id="Idle-LowerArm_L-sampler">
          <input semantic="INPUT" source="#Idle-LowerArm_L-input"/>
          <input semantic="OUTPUT" source="#Idle-LowerArm_L-output"/>
          <input semantic="INTERPOLATION" source="#Idle-LowerArm_L-interp"/>
        </sampler>
        <channel source="#Idle-LowerArm_L-sampler" target="LowerArm_L/matrix"/>
        <source id="Idle-Hand_L-input">
          <float_array id="Idle-Hand_L-input-array" count="49">
            0 0.041666668 0.083333336 0.125 0.16666667 0.20833333 0.25 0.29166666
            0.33333334 0.375 0.41666666 0.45833334 0.5 0.54166669 0.58333331 0.625
            0.66666669 0.70833331 0.75 0.79166669 0.83333331 0.875 0.91666669 0.95833331
            1 1.0416666 1.0833334 1.125 1.1666666 1.2083334 1.25 1.2916666
            1.3333334 1.375 1.4166666 1.4583334 1.5 1.5416666 1.5833334 1.625
            1.6666666 1.7083334 1.75 1.7916666 1.8333334 1.875 1.9166666 1.9583334
            2
          </float_array>
          <technique_common>
            <accessor source="#Idle-Hand_L-input-array" count="49" stride="1">
              <param name="TIME" type="float"/>
            </accessor>
          </technique_common>
        </source>
        <source id="Idle-Hand_L-output">
          <float_array id="Idle-Hand_L-output-array" count="784">
            1 0 0 0 0 1 0 -0.22 0 0 1 0 0 0 0 1
            1 0 0 0 0 1 0 -0.22 0 0 1 0 0 0 0 1
            1 0 0 0 0 1 0 -0.22 0 0 1 0 0 0 0 1
            1 0 0 0 0 1 0 -0.22 0 0 1 0 0 0 0 1
            1 0 0 0 0 1 0 -0.22 0 0 1 0 0 0 0 1
            1 0 0 0 0 1 0 -0.22 0 0 1 0 0 0 0 1
            1 0 0 0 0 1 0 -0.22 0 0 1 0 0 0 0 1
            1 0 0 0 0 1 0 -0.22 0 0 1 0 0 0 0 1
            1 0 0 0 0 1 0 -0.22 0 0 1 0 0 0 0 1
            1 0 0 0 0 1 0 -0.22 0 0 1 0 0 0 0 1
            1 0 0 0 0 1 0 -0.22 0 0 1 0 0 0 0 1
            1 0 0 0 0 1 0 -0.22 0 0 1 0 0 0 0 1
            1 0 0 0 0 1 0 -0.22 0 0 1 0 0 0 0 1
            1 0 0 0 0 1 0 -0.22 0 0 1 0 0 0 0 1
            1 0 0 0 0 1 0 -0.22 0 0 1 0 0 0 0 1
            1 0 0 0 0 1 0 -0.22 0 0 1 0 0 0 0 1
            1 0 0 0 0 1 0 -0.22 0 0 1 0 0 0 0 1
            1 0 0 0 0 1 0 -0.22 0 0 1 0 0 0 0 1
            1 0 0 0 0 1 0 -0.22 0 0 1 0 0 0 0 1
            1 0 0 0 0 1 0 -0.22 0 0 1 0 0 0 0 1
            1 0 0 0 0 1 0 -0.22 0 0 1 0 0 0 0 1
            1 0 0 0 0 1 0 -0.22 0 0 1 0 0 0 0 1
            1 0 0 0 0 1 0 -0.22 0 0 1 0 0 0 0 1
            1 0 0 0 0 1 0 -0.22 0 0 1 0 0 0 0 1
            1 0 0 0 0 1 0 -0.22 0 0 1 0 0 0 0 1
            1 0 0 0 0 1 0 -0.22 0 0 1 0 0 0 0 1
            1 0 0 0 0 1 0 -0.22 0 0 1 0 0 0 0 1
            1 0 0 0 0 1 0 -0.22 0 0 1 0 0 0 0 1
            1 0 0 0 0 1 0 -0.22 0 0 1 0 0 0 0 1
            1 0 0 0 0 1 0 -0.22 0 0 1 0 0 0 0 1
            1 0 0 0 0 1 0 -0.22 0 0 1 0 0 0 0 1
            1 0 0 0 0 1 0 -0.22 0 0 1 0 0 0 0 1
            1 0 0 0 0 1 0 -0.22 0 0 1 0 0 0 0 1
            1 0 0 0 0 1 0 -0.22 0 0 1 0 0 0 0 1
            1 0 0 0 0 1 0 -0.22 0 0 1 0 0 0 0 1
            1 0 0 0 0 1 0 -0.22 0 0 1 0 0 0 0 1
            1 0 0 0 0 1 0 -0.22 0 0 1 0 0 0 0 1
            1 0 0 0 0 1 0 -0.22 0 0 1 0 0 0 0 1
            1 0 0 0 0 1 0 -0.22 0 0 1 0 0 0 0 1
            1 0 0 0 0 1 0 -0.22 0 0 1 0 0 0 0 1
            1 0 0 0 0 1 0 -0.22 0 0 1 0 0 0 0 1
            1 0 0 0 0 1 0 -0.22 0 0 1 0 0 0 0 1
            1 0 0 0 0 1 0 -0.22 0 0 1 0 0 0 0 1
            1 0 0 0 0 1 0 -0.22 0 0 1 0 0 0 0 1
            1 0 0 0 0 1 0 -0.22 0 0 1 0 0 0 0 1
            1 0 0 0 0 1 0 -0.22 0 0 1 0 0 0 0 1
            1 0 0 0 0 1 0 -0.22 0 0 1 0 0 0 0 1
            1 0 0 0 0 1 0 -0.22 0 0 1 0 0 0 0 1
            1 0 0 0 0 1 0 -0.22 0 0 1 0 0 0 0 1
          </float_array>
          <technique_common>
            <accessor source="#Idle-Hand_L-output-array" count="49" stride="16">
              <param name="TRANSFORM" type="float4x4"/>
            </accessor>
          </technique_common>
        </source>
        <source id="Idle-Hand_L-interp">
          <Name_array id="Idle-Hand_L-interp-array" count="49">LINEAR LINEAR LINEAR LINEAR LINEAR LINEAR LINEAR LINEAR LINEAR LINEAR LINEAR LINEAR LINEAR LINEAR LINEAR LINEAR LINEAR LINEAR LINEAR LINEAR LINEAR LINEAR LINEAR LINEAR LINEAR LINEAR LINEAR LINEAR LINEAR LINEAR LINEAR LINEAR LINEAR LINEAR LINEAR LINEAR LINEAR LINEAR LINEAR LINEAR LINEAR LINEAR LINEAR LINEAR LINEAR LINEAR LINEAR LINEAR LINEAR</Name_array>
          <technique_common>
            <accessor source="#Idle-Hand_L-interp-array" count="49" stride="1">
              <param name="INTERPOLATION" type="name"/>
            </accessor>
          </technique_common>
        </source>
        <sampler id="Idle-Hand_L-sampler">
          <input semantic="INPUT" source="#Idle-Hand_L-input"/>
          <input semantic="OUTPUT" source="#Idle-Hand_L-output"/>
          <input semantic="INTERPOLATION" source="#Idle-Hand_L-interp"/>
        </sampler>
        <channel source="#Idle-Hand_L-sampler" target="Hand_L/matrix"/>
        <source id="Idle-UpperArm_R-input">
          <float_array id="Idle-UpperArm_R-input-array" count="49">
            0 0.041666668 0.083333336 0.125 0.16666667 0.20833333 0.25 0.29166666
            0.33333334 0.375 0.41666666 0.45833334 0.5 0.54166669 0.58333331 0.625
            0.66666669 0.70833331 0.75 0.79166669 0.83333331 0.875 0.91666669 0.95833331
            1 1.0416666 1.0833334 1.125 1.1666666 1.2083334 1.25 1.2916666
            1.3333334 1.375 1.4166666 1.4583334 1.5 1.5416666 1.5833334 1.625
            1.6666666 1.7083334 1.75 1.7916666 1.8333334 1.875 1.9166666 1.9583334
            2
          </float_array>
          <technique_common>
            <accessor source="#Idle-UpperArm_R-input-array" count="49" stride="1">
              <param name="TIME" type="float"/>
            </accessor>
          </technique_common>
        </source>
        <source id="Idle-UpperArm_R-output">
          <float_array id="Idle-UpperArm_R-output-array" count="784">
            0.99820054 0.059964008 0 0.2 -0.059964008 0.99820054 -0 0.1 -0 0 1 0 0 0 0 1
            0.99820054 0.059962729 -0.00039134087 0.2 -0.059964006 0.99817928 -0.0065145194 0.1 -4.2979524e-12 0.0065262631 0.9999787 0 0 0 0 1
            0.99820054 0.059958983 -0.00077596965 0.2 -0.059964004 0.99811696 -0.012917304 0.1 2.2896961e-11 0.012940591 0.99991627 0 0 0 0 1
            0.99820054 0.059953033 -0.0011472916 0.2 -0.059964009 0.99801782 -0.019098575 0.1 -3.6532313e-11 0.019133004 0.99981695 0 0 0 0 1
            0.99820054 0.059945266 -0.001498944 0.2 -0.059964004 0.99788862 -0.024952413 0.1 5.4384918e-11 0.024997395 0.99968752 0 0 0 0 1
            0.99820054 0.059936232 -0.0018249069 0.2 -0.059964007 0.99773817 -0.030378608 0.1 -3.2910493e-11 0.030433372 0.9995368 0 0 0 0 1
            0.99820054 0.05992653 -0.002119606 0.2 -0.059964004 0.99757673 -0.035284366 0.1 3.1523395e-13 0.035347973 0.99937507 0 0 0 0 1
            0.99820054 0.059916836 -0.0023780086 0.2 -0.059964007 0.9974153 -0.039585904 0.1 4.4625417e-11 0.039657265 0.99921334 0 0 0 0 1
            0.99820054 0.059907796 -0.0025957061 0.2 -0.059964004 0.99726487 -0.043209843 0.1 9.7184152e-11 0.043287738 0.99906265 0 0 0 0 1
            0.99820054 0.059900038 -0.0027689909 0.2 -0.059964005 0.99713571 -0.046094456 0.1 -6.1441393e-11 0.046177551 0.99893325 0 0 0 0 1
            0.99820054 0.059894083 -0.0028949132 0.2 -0.059964003 0.9970366 -0.048190643 0.1 4.3879273e-11 0.048277517 0.99883396 0 0 0 0 1
            0.99820054 0.059890343 -0.0029713329 0.2 -0.059964005 0.9969743 -0.049462775 0.1 5.5605977e-11 0.049551941 0.99877155 0 0 0 0 1
            0.99820054 0.059889064 -0.002996951 0.2 -0.059964003 0.99695305 -0.049889232 0.1 4.3163977e-11 0.049979168 0.99875026 0 0 0 0 1
            0.99820054 0.059890343 -0.0029713329 0.2 -0.059964005 0.9969743 -0.049462775 0.1 5.5605977e-11 0.049551941 0.99877155 0 0 0 0 1
            0.99820054 0.059894083 -0.0028949132 0.2 -0.059964003 0.9970366 -0.048190643 0.1 4.3879273e-11 0.048277517 0.99883396 0 0 0 0 1
            0.99820054 0.059900038 -0.0027689909 0.2 -0.059964005 0.99713571 -0.046094456 0.1 -6.1441393e-11 0.046177551 0.99893325 0 0 0 0 1
            0.99820054 0.059907796 -0.0025957061 0.2 -0.059964004 0.99726487 -0.043209843 0.1 9.7184152e-11 0.043287738 0.99906265 0 0 0 0 1
            0.99820054 0.059916836 -0.0023780086 0.2 -0.059964007 0.9974153 -0.039585904 0.1 4.4625417e-11 0.039657265 0.99921334 0 0 0 0 1
            0.99820054 0.05992653 -0.002119606 0.2 -0.059964004 0.99757673 -0.035284366 0.1 3.1523395e-13 0.035347973 0.99937507 0 0 0 0 1
            0.99820054 0.059936232 -0.0018249069 0.2 -0.059964007 0.99773817 -0.030378608 0.1 -3.2910493e-11 0.030433372 0.9995368 0 0 0 0 1
            0.99820054 0.059945266 -0.001498944 0.2 -0.059964004 0.99788862 -0.024952413 0.1 5.4384918e-11 0.024997395 0.99968752 0 0 0 0 1
            0.99820054 0.059953033 -0.0011472916 0.2 -0.059964009 0.99801782 -0.019098575 0.1 -3.6532313e-11 0.019133004 0.99981695 0 0 0 0 1
            0.99820054 0.059958983 -0.00077596965 0.2 -0.059964004 0.99811696 -0.012917304 0.1 2.2896961e-11 0.012940591 0.99991627 0 0 0 0 1
            0.99820054 0.059962729 -0.00039134087 0.2 -0.059964006 0.99817928 -0.0065145194 0.1 -4.2979524e-12 0.0065262631 0.9999787 0 0 0 0 1
            0.99820054 0.059964008 -3.6717365e-19 0.2 -0.059964008 0.99820054 -6.1122156e-18 0.1 -4.147175e-27 6.1232341e-18 1 0 0 0 0 1
            0.99820054 0.059962729 0.00039134087 0.2 -0.059964006 0.99817928 0.0065145194 0.1 4.2979524e-12 -0.0065262631 0.9999787 0 0 0 0 1
            0.99820054 0.059958983 0.00077596965 0.2 -0.059964004 0.99811696 0.012917304 0.1 -2.2896961e-11 -0.012940591 0.99991627 0 0 0 0 1
            0.99820054 0.059953033 0.0011472916 0.2 -0.059964009 0.99801782 0.019098575 0.1 3.6532313e-11 -0.019133004 0.99981695 0 0 0 0 1
            0.99820054 0.059945266 0.001498944 0.2 -0.059964004 0.99788862 0.024952413 0.1 -5.4384918e-11 -0.024997395 0.99968752 0 0 0 0 1
            0.99820054 0.059936232 0.0018249069 0.2 -0.059964007 0.99773817 0.030378608 0.1 3.2910493e-11 -0.030433372 0.9995368 0 0 0 0 1
            0.99820054 0.05992653 0.002119606 0.2 -0.059964004 0.99757673 0.035284366 0.1 -3.1523395e-13 -0.035347973 0.99937507 0 0 0 0 1
            0.99820054 0.059916836 0.0023780086 0.2 -0.059964007 0.9974153 0.039585904 0.1 -4.4625417e-11 -0.039657265 0.99921334 0 0 0 0 1
            0.99820054 0.059907796 0.0025957061 0.2 -0.059964004 0.99726487 0.043209843 0.1 -9.7184152e-11 -0.043287738 0.99906265 0 0 0 0 1
            0.99820054 0.059900038 0.0027689909 0.2 -0.059964005 0.99713571 0.046094456 0.1 6.1441393e-11 -0.046177551 0.99893325 0 0 0 0 1
            0.99820054 0.059894083 0.0028949132 0.2 -0.059964003 0.9970366 0.048190643 0.1 -4.3879273e-11 -0.048277517 0.99883396 0 0 0 0 1
            0.99820054 0.059890343 0.0029713329 0.2 -0.059964005 0.9969743 0.049462775 0.1 -5.5605977e-11 -0.049551941 0.99877155 0 0 0 0 1
            0.99820054 0.059889064 0.002996951 0.2 -0.059964003 0.99695305 0.049889232 0.1 -4.3163977e-11 -0.049979168 0.99875026 0 0 0 0 1
            0.99820054 0.059890343 0.0029713329 0.2 -0.059964005 0.9969743 0.049462775 0.1 -5.5605977e-11 -0.049551941 0.99877155 0 0 0 0 1
            0.99820054 0.059894083 0.0028949132 0.2 -0.059964003 0.9970366 0.048190643 0.1 -4.3879273e-11 -0.048277517 0.99883396 0 0 0 0 1
            0.99820054 0.059900038 0.0027689909 0.2 -0.059964005 0.99713571 0.046094456 0.1 6.1441393e-11 -0.046177551 0.99893325 0 0 0 0 1
            0.99820054 0.059907796 0.0025957061 0.2 -0.059964004 0.99726487 0.043209843 0.1 -9.7184152e-11 -0.043287738 0.99906265 0 0 0 0 1
            0.99820054 0.059916836 0.0023780086 0.2 -0.059964007 0.9974153 0.039585904 0.1 -4.4625417e-11 -0.039657265 0.99921334 0 0 0 0 1
            0.99820054 0.05992653 0.002119606 0.2 -0.059964004 0.99757673 0.035284366 0.1 -3.1523395e-13 -0.035347973 0.99937507 0 0 0 0 1
            0.99820054 0.059936232 0.0018249069 0.2 -0.059964007 0.99773817 0.030378608 0.1 3.2910493e-11 -0.030433372 0.9995368 0 0 0 0 1
            0.99820054 0.059945266 0.001498944 0.2 -0.059964004 0.99788862 0.024952413 0.1 -5.4384918e-11 -0.024997395 0.99968752 0 0 0 0 1
            0.99820054 0.059953033 0.0011472916 0.2 -0.059964009 0.99801782 0.019098575 0.1 3.6532313e-11 -0.019133004 0.99981695 0 0 0 0 1
            0.99820054 0.059958983 0.00077596965 0.2 -0.059964004 0.99811696 0.012917304 0.1 -2.2896961e-11 -0.012940591 0.99991627 0 0 0 0 1
            0.99820054 0.059962729 0.00039134087 0.2 -0.059964006 0.99817928 0.0065145194 0.1 4.2979524e-12 -0.0065262631 0.9999787 0 0 0 0 1
            0.99820054 0.059964008 0 0.2 -0.059964008 0.99820054 -0 0.1 -0 0 1 0 0 0 0 1
          </float_array>
          <technique_common>
            <accessor source="#Idle-UpperArm_R-output-array" count="49" stride="16">
              <param name="TRANSFORM" type="float4x4"/>
            </accessor>
          </technique_common>
        </source>
        <source id="Idle-UpperArm_R-interp">
          <Name_array id="Idle-UpperArm_R-interp-array" count="49">LINEAR LINEAR LINEAR LINEAR LINEAR LINEAR LINEAR LINEAR LINEAR LINEAR LINEAR LINEAR LINEAR LINEAR LINEAR LINEAR LINEAR LINEAR LINEAR LINEAR LINEAR LINEAR LINEAR LINEAR LINEAR LINEAR LINEAR LINEAR LINEAR LINEAR LINEAR LINEAR LINEAR LINEAR LINEAR LINEAR LINEAR LINEAR LINEAR LINEAR LINEAR LINEAR LINEAR LINEAR LINEAR LINEAR LINEAR LINEAR LINEAR</Name_array>
          <technique_common>
            <accessor source="#Idle-UpperArm_R-interp-array" count="49" stride="1">
              <param name="INTERPOLATION" type="name"/>
            </accessor>
          </technique_common>
        </source>
        <sampler id="Idle-UpperArm_R-sampler">
          <input semantic="INPUT" source="#Idle-UpperArm_R-input"/>
          <input semantic="OUTPUT" source="#Idle-UpperArm_R-output"/>
          <input semantic="INTERPOLATION" source="#Idle-UpperArm_R-interp"/>
        </sampler>
        <channel source="#Idle-UpperArm_R-sampler" target="UpperArm_R/matrix"/>
        <source id="Idle-LowerArm_R-input">
          <float_array id="Idle-LowerArm_R-input-array" count="49">
            0 0.041666668 0.083333336 0.125 0.16666667 0.20833333 0.25 0.29166666
            0.33333334 0.375 0.41666666 0.45833334 0.5 0.54166669 0.58333331 0.625
            0.66666669 0.70833331 0.75 0.79166669 0.83333331 0.875 0.91666669 0.95833331
            1 1.0416666 1.0833334 1.125 1.1666666 1.2083334 1.25 1.2916666
            1.3333334 1.375 1.4166666 1.4583334 1.5 1.5416666 1.5833334 1.625
            1.6666666 1.7083334 1.75 1.7916666 1.8333334 1.875 1.9166666 1.9583334
            2
          </float_array>
          <technique_common>
            <accessor source="#Idle-LowerArm_R-input-array" count="49" stride="1">
              <param name="TIME" type="float"/>
            </accessor>
          </technique_common>
        </source>
        <source id="Idle-LowerArm_R-output">
          <float_array id="Idle-LowerArm_R-output-array" count="784">
            1 0 0 0 0 0.99680171 -0.079914693 -0.23999999 0 0.079914693 0.99680171 0 0 0 0 1
            1 0 0 0 0 0.99680171 -0.079914693 -0.23999999 0 0.079914693 0.99680171 0 0 0 0 1
            1 0 0 0 0 0.99680171 -0.079914693 -0.23999999 0 0.079914693 0.99680171 0 0 0 0 1
            1 0 0 0 0 0.99680171 -0.079914693 -0.23999999 0 0.079914693 0.99680171 0 0 0 0 1
            1 0 0 0 0 0.99680171 -0.079914693 -0.23999999 0 0.079914693 0.99680171 0 0 0 0 1
            1 0 0 0 0 0.99680171 -0.079914693 -0.23999999 0 0.079914693 0.99680171 0 0 0 0 1
            1 0 0 0 0 0.99680171 -0.079914693 -0.23999999 0 0.079914693 0.99680171 0 0 0 0 1
            1 0 0 0 0 0.99680171 -0.079914693 -0.23999999 0 0.079914693 0.99680171 0 0 0 0 1
            1 0 0 0 0 0.99680171 -0.079914693 -0.23999999 0 0.079914693 0.99680171 0 0 0 0 1
            1 0 0 0 0 0.99680171 -0.079914693 -0.23999999 0 0.079914693 0.99680171 0 0 0 0 1
            1 0 0 0 0 0.99680171 -0.079914693 -0.23999999 0 0.079914693 0.99680171 0 0 0 0 1
            1 0 0 0 0 0.99680171 -0.079914693 -0.23999999 0 0.079914693 0.99680171 0 0 0 0 1
            1 0 0 0 0 0.99680171 -0.079914693 -0.23999999 0 0.079914693 0.99680171 0 0 0 0 1
            1 0 0 0 0 0.99680171 -0.079914693 -0.23999999 0 0.079914693 0.99680171 0 0 0 0 1
            1 0 0 0 0 0.99680171 -0.079914693 -0.23999999 0 0.079914693 0.99680171 0 0 0 0 1
            1 0 0 0 0 0.99680171 -0.079914693 -0.23999999 0 0.079914693 0.99680171 0 0 0 0 1
            1 0 0 0 0 0.99680171 -0.079914693 -0.23999999 0 0.079914693 0.99680171 0 0 0 0 1
            1 0 0 0 0 0.99680171 -0.079914693 -0.23999999 0 0.079914693 0.99680171 0 0 0 0 1
            1 0 0 0 0 0.99680171 -0.079914693 -0.23999999 0 0.079914693 0.99680171 0 0 0 0 1
            1 0 0 0 0 0.99680171 -0.079914693 -0.23999999 0 0.079914693 0.99680171 0 0 0 0 1
            1 0 0 0 0 0.99680171 -0.079914693 -0.23999999 0 0.079914693 0.99680171 0 0 0 0 1
            1 0 0 0 0 0.99680171 -0.079914693 -0.23999999 0 0.079914693 0.99680171 0 0 0 0 1
            1 0 0 0 0 0.99680171 -0.079914693 -0.23999999 0 0.079914693 0.99680171 0 0 0 0 1
            1 0 0 0 0 0.99680171 -0.079914693 -0.23999999 0 0.079914693 0.99680171 0 0 0 0 1
            1 0 0 0 0 0.99680171 -0.079914693 -0.23999999 0 0.079914693 0.99680171 0 0 0 0 1
            1 0 0 0 0 0.99680171 -0.079914693 -0.23999999 0 0.079914693 0.99680171 0 0 0 0 1
            1 0 0 0 0 0.99680171 -0.079914693 -0.23999999 0 0.079914693 0.99680171 0 0 0 0 1
            1 0 0 0 0 0.99680171 -0.079914693 -0.23999999 0 0.079914693 0.99680171 0 0 0 0 1
            1 0 0 0 0 0.99680171 -0.079914693 -0.23999999 0 0.079914693 0.99680171 0 0 0 0 1
            1 0 0 0 0 0.99680171 -0.079914693 -0.23999999 0 0.079914693 0.99680171 0 0 0 0 1
            1 0 0 0 0 0.99680171 -0.079914693 -0.23999999 0 0.079914693 0.99680171 0 0 0 0 1
            1 0 0 0 0 0.99680171 -0.079914693 -0.23999999 0 0.079914693 0.99680171 0 0 0 0 1
            1 0 0 0 0 0.99680171 -0.079914693 -0.23999999 0 0.079914693 0.99680171 0 0 0 0 1
            1 0 0 0 0 0.99680171 -0.079914693 -0.23999999 0 0.079914693 0.99680171 0 0 0 0 1
            1 0 0 0 0 0.99680171 -0.079914693 -0.23999999 0 0.079914693 0.99680171 0 0 0 0 1
            1 0 0 0 0 0.99680171 -0.079914693 -0.23999999 0 0.079914693 0.99680171 0 0 0 0 1
            1 0 0 0 0 0.99680171 -0.079914693 -0.23999999 0 0.079914693 0.99680171 0 0 0 0 1
            1 0 0 0 0 0.99680171 -0.079914693 -0.23999999 0 0.079914693 0.99680171 0 0 0 0 1
            1 0 0 0 0 0.99680171 -0.079914693 -0.23999999 0 0.079914693 0.99680171 0 0 0 0 1
            1 0 0 0 0 0.99680171 -0.079914693 -0.23999999 0 0.079914693 0.99680171 0 0 0 0 1
            1 0 0 0 0 0.99680171 -0.079914693 -0.23999999 0 0.079914693 0.99680171 0 0 0 0 1
            1 0 0 0 0 0.99680171 -0.079914693 -0.23999999 0 0.079914693 0.99680171 0 0 0 0 1
            1 0 0 0 0 0.99680171 -0.079914693 -0.23999999 0 0.079914693 0.99680171 0 0 0 0 1
            1 0 0 0 0 0.99680171 -0.079914693 -0.23999999 0 0.079914693 0.99680171 0 0 0 0 1
            1 0 0 0 0 0.99680171 -0.079914693 -0.23999999 0 0.079914693 0.99680171 0 0 0 0 1
            1 0 0 0 0 0.99680171 -0.079914693 -0.23999999 0 0.079914693 0.99680171 0 0 0 0 1
            1 0 0 0 0 0.99680171 -0.079914693 -0.23999999 0 0.079914693 0.99680171 0 0 0 0 1
            1 0 0 0 0 0.99680171 -0.079914693 -0.23999999 0 0.079914693 0.99680171 0 0 0 0 1
            1 0 0 0 0 0.99680171 -0.079914693 -0.23999999 0 0.079914693 0.99680171 0 0 0 0 1
          </float_array>
          <technique_common>
            <accessor source="#Idle-LowerArm_R-output-array" count="49" stride="16">
              <param name="TRANSFORM" type="float4x4"/>
            </accessor>
          </technique_common>
        </source>
        <source id="Idle-LowerArm_R-interp">
          <Name_array id="Idle-LowerArm_R-interp-array" count="49">LINEAR LINEAR LINEAR LINEAR LINEAR LINEAR LINEAR LINEAR LINEAR LINEAR LINEAR LINEAR LINEAR LINEAR LINEAR LINEAR LINEAR LINEAR LINEAR LINEAR LINEAR LINEAR LINEAR LINEAR LINEAR LINEAR LINEAR LINEAR LINEAR LINEAR LINEAR LINEAR LINEAR LINEAR LINEAR LINEAR LINEAR LINEAR LINEAR LINEAR LINEAR LINEAR LINEAR LINEAR LINEAR LINEAR LINEAR LINEAR LINEAR</Name_array>
          <technique_common>
            <accessor source="#Idle-LowerArm_R-interp-array" count="49" stride="1">
              <param name="INTERPOLATION" type="name"/>
            </accessor>
          </technique_common>
        </source>
        <sampler id="Idle-LowerArm_R-sampler">
          <input semantic="INPUT" source="#Idle-LowerArm_R-input"/>
          <input semantic="OUTPUT" source="#Idle-LowerArm_R-output"/>
          <input semantic="INTERPOLATION" source="#Idle-LowerArm_R-interp"/>
        </sampler>
        <channel source="#Idle-LowerArm_R-sampler" target="LowerArm_R/matrix"/>
        <source id="Idle-Hand_R-input">
          <float_array id="Idle-Hand_R-input-array" count="49">
            0 0.041666668 0.083333336 0.125 0.16666667 0.20833333 0.25 0.29166666
            0.33333334 0.375 0.41666666 0.45833334 0.5 0.54166669 0.58333331 0.625
            0.66666669 0.70833331 0.75 0.79166669 0.83333331 0.875 0.91666669 0.95833331
            1 1.0416666 1.0833334 1.125 1.1666666 1.2083334 1.25 1.2916666
            1.3333334 1.375 1.4166666 1.4583334 1.5 1.5416666 1.5833334 1.625
            1.6666666 1.7083334 1.75 1.7916666 1.8333334 1.875 1.9166666 1.9583334
            2
          </float_array>
          <technique_common>
            <accessor source="#Idle-Hand_R-input-array" count="49" stride="1">
              <param name="TIME" type="float"/>
            </accessor>
          </technique_common>
        </source>
        <source id="Idle-Hand_R-output">
          <float_array id="Idle-Hand_R-output-array" count="784">
            1 0 0 0 0 1 0 -0.22 0 0 1 0 0 0 0 1
            1 0 0 0 0 1 0 -0.22 0 0 1 0 0 0 0 1
            1 0 0 0 0 1 0 -0.22 0 0 1 0 0 0 0 1
            1 0 0 0 0 1 0 -0.22 0 0 1 0 0 0 0 1
            1 0 0 0 0 1 0 -0.22 0 0 1 0 0 0 0 1
            1 0 0 0 0 1 0 -0.22 0 0 1 0 0 0 0 1
            1 0 0 0 0 1 0 -0.22 0 0 1 0 0 0 0 1
            1 0 0 0 0 1 0 -0.22 0 0 1 0 0 0 0 1
            1 0 0 0 0 1 0 -0.22 0 0 1 0 0 0 0 1
            1 0 0 0 0 1 0 -0.22 0 0 1 0 0 0 0 1
            1 0 0 0 0 1 0 -0.22 0 0 1 0 0 0 0 1
            1 0 0 0 0 1 0 -0.22 0 0 1 0 0 0 0 1
            1 0 0 0 0 1 0 -0.22 0 0 1 0 0 0 0 1
            1 0 0 0 0 1 0 -0.22 0 0 1 0 0 0 0 1
            1 0 0 0 0 1 0 -0.22 0 0 1 0 0 0 0 1
            1 0 0 0 0 1 0 -0.22 0 0 1 0 0 0 0 1
            1 0 0 0 0 1 0 -0.22 0 0 1 0 0 0 0 1
            1 0 0 0 0 1 0 -0.22 0 0 1 0 0 0 0 1
            1 0 0 0 0 1 0 -0.22 0 0 1 0 0 0 0 1
            1 0 0 0 0 1 0 -0.22 0 0 1 0 0 0 0 1
            1 0 0 0 0 1 0 -0.22 0 0 1 0 0 0 0 1
            1 0 0 0 0 1 0 -0.22 0 0 1 0 0 0 0 1
            1 0 0 0 0 1 0 -0.22 0 0 1 0 0 0 0 1
            1 0 0 0 0 1 0 -0.22 0 0 1 0 0 0 0 1
            1 0 0 0 0 1 0 -0.22 0 0 1 0 0 0 0 1
            1 0 0 0 0 1 0 -0.22 0 0 1 0 0 0 0 1
            1 0 0 0 0 1 0 -0.22 0 0 1 0 0 0 0 1
            1 0 0 0 0 1 0 -0.22 0 0 1 0 0 0 0 1
            1 0 0 0 0 1 0 -0.22 0 0 1 0 0 0 0 1
            1 0 0 0 0 1 0 -0.22 0 0 1 0 0 0 0 1
            1 0 0 0 0 1 0 -0.22 0 0 1 0 0 0 0 1
            1 0 0 0 0 1 0 -0.22 0 0 1 0 0 0 0 1
            1 0 0 0 0 1 0 -0.22 0 0 1 0 0 0 0 1
            1 0 0 0 0 1 0 -0.22 0 0 1 0 0 0 0 1
            1 0 0 0 0 1 0 -0.22 0 0 1 0 0 0 0 1
            1 0 0 0 0 1 0 -0.22 0 0 1 0 0 0 0 1
            1 0 0 0 0 1 0 -0.22 0 0 1 0 0 0 0 1
            1 0 0 0 0 1 0 -0.22 0 0 1 0 0 0 0 1
            1 0 0 0 0 1 0 -0.22 0 0 1 0 0 0 0 1
            1 0 0 0 0 1 0 -0.22 0 0 1 0 0 0 0 1
            1 0 0 0 0 1 0 -0.22 0 0 1 0 0 0 0 1
            1 0 0 0 0 1 0 -0.22 0 0 1 0 0 0 0 1
            1 0 0 0 0 1 0 -0.22 0 0 1 0 0 0 0 1
            1 0 0 0 0 1 0 -0.22 0 0 1 0 0 0 0 1
            1 0 0 0 0 1 0 -0.22 0 0 1 0 0 0 0 1
            1 0 0 0 0 1 0 -0.22 0 0 1 0 0 0 0 1
            1 0 0 0 0 1 0 -0.22 0 0 1 0 0 0 0 1
            1 0 0 0 0 1 0 -0.22 0 0 1 0 0 0 0 1
            1 0 0 0 0 1 0 -0.22 0 0 1 0 0 0 0 1
          </float_array>
          <technique_common>
            <accessor source="#Idle-Hand_R-output-array" count="49" stride="16">
              <param name="TRANSFORM" type="float4x4"/>
            </accessor>
          </technique_common>
        </source>
        <source id="Idle-Hand_R-interp">
          <Name_array id="Idle-Hand_R-interp-array" count="49">LINEAR LINEAR LINEAR LINEAR LINEAR LINEAR LINEAR LINEAR LINEAR LINEAR LINEAR LINEAR LINEAR LINEAR LINEAR LINEAR LINEAR LINEAR LINEAR LINEAR LINEAR LINEAR LINEAR LINEAR LINEAR LINEAR LINEAR LINEAR LINEAR LINEAR LINEAR LINEAR LINEAR LINEAR LINEAR LINEAR LINEAR LINEAR LINEAR LINEAR LINEAR LINEAR LINEAR LINEAR LINEAR LINEAR LINEAR LINEAR LINEAR</Name_array>
          <technique_common>
            <accessor source="#Idle-Hand_R-interp-array" count="49" stride="1">
              <param name="INTERPOLATION" type="name"/>
            </accessor>
          </technique_common>
        </source>
        <sampler id="Idle-Hand_R-sampler">
          <input semantic="INPUT" source="#Idle-Hand_R-input"/>
          <input semantic="OUTPUT" source="#Idle-Hand_R-output"/>
          <input semantic="INTERPOLATION" source="#Idle-Hand_R-interp"/>
        </sampler>
        <channel source="#Idle-Hand_R-sampler" target="Hand_R/matrix"/>
        <source id="Idle-UpperLeg_L-input">
          <float_array id="Idle-UpperLeg_L-input-array" count="49">
            0 0.041666668 0.083333336 0.125 0.16666667 0.20833333 0.25 0.29166666
            0.33333334 0.375 0.41666666 0.45833334 0.5 0.54166669 0.58333331 0.625
            0.66666669 0.70833331 0.75 0.79166669 0.83333331 0.875 0.91666669 0.95833331
            1 1.0416666 1.0833334 1.125 1.1666666 1.2083334 1.25 1.2916666
            1.3333334 1.375 1.4166666 1.4583334 1.5 1.5416666 1.5833334 1.625
            1.6666666 1.7083334 1.75 1.7916666 1.8333334 1.875 1.9166666 1.9583334
            2
          </float_array>
          <technique_common>
            <accessor source="#Idle-UpperLeg_L-input-array" count="49" stride="1">
              <param name="TIME" type="float"/>
            </accessor>
          </technique_common>
        </source>
        <source id="Idle-UpperLeg_L-output">
          <float_array id="Idle-UpperLeg_L-output-array" count="784">
            1 0 0 -0.090000004 0 1 0 -0.059999999 0 0 1 0 0 0 0 1
            1 0 0 -0.090000004 0 1 0 -0.059999999 0 0 1 0 0 0 0 1
            1 0 0 -0.090000004 0 1 0 -0.059999999 0 0 1 0 0 0 0 1
            1 0 0 -0.090000004 0 1 0 -0.059999999 0 0 1 0 0 0 0 1
            1 0 0 -0.090000004 0 1 0 -0.059999999 0 0 1 0 0 0 0 1
            1 0 0 -0.090000004 0 1 0 -0.059999999 0 0 1 0 0 0 0 1
            1 0 0 -0.090000004 0 1 0 -0.059999999 0 0 1 0 0 0 0 1
            1 0 0 -0.090000004 0 1 0 -0.059999999 0 0 1 0 0 0 0 1
            1 0 0 -0.090000004 0 1 0 -0.059999999 0 0 1 0 0 0 0 1
            1 0 0 -0.090000004 0 1 0 -0.059999999 0 0 1 0 0 0 0 1
            1 0 0 -0.090000004 0 1 0 -0.059999999 0 0 1 0 0 0 0 1
            1 0 0 -0.090000004 0 1 0 -0.059999999 0 0 1 0 0 0 0 1
            1 0 0 -0.090000004 0 1 0 -0.059999999 0 0 1 0 0 0 0 1
            1 0 0 -0.090000004 0 1 0 -0.059999999 0 0 1 0 0 0 0 1
            1 0 0 -0.090000004 0 1 0 -0.059999999 0 0 1 0 0 0 0 1
            1 0 0 -0.090000004 0 1 0 -0.059999999 0 0 1 0 0 0 0 1
            1 0 0 -0.090000004 0 1 0 -0.059999999 0 0 1 0 0 0 0 1
            1 0 0 -0.090000004 0 1 0 -0.059999999 0 0 1 0 0 0 0 1
            1 0 0 -0.090000004 0 1 0 -0.059999999 0 0 1 0 0 0 0 1
            1 0 0 -0.090000004 0 1 0 -0.059999999 0 0 1 0 0 0 0 1
            1 0 0 -0.090000004 0 1 0 -0.059999999 0 0 1 0 0 0 0 1
            1 0 0 -0.090000004 0 1 0 -0.059999999 0 0 1 0 0 0 0 1
            1 0 0 -0.090000004 0 1 0 -0.059999999 0 0 1 0 0 0 0 1
            1 0 0 -0.090000004 0 1 0 -0.059999999 0 0 1 0 0 0 0 1
            1 0 0 -0.090000004 0 1 0 -0.059999999 0 0 1 0 0 0 0 1
            1 0 0 -0.090000004 0 1 0 -0.059999999 0 0 1 0 0 0 0 1
            1 0 0 -0.090000004 0 1 0 -0.059999999 0 0 1 0 0 0 0 1
            1 0 0 -0.090000004 0 1 0 -0.059999999 0 0 1 0 0 0 0 1
            1 0 0 -0.090000004 0 1 0 -0.059999999 0 0 1 0 0 0 0 1
            1 0 0 -0.090000004 0 1 0 -0.059999999 0 0 1 0 0 0 0 1
            1 0 0 -0.090000004 0 1 0 -0.059999999 0 0 1 0 0 0 0 1
            1 0 0 -0.090000004 0 1 0 -0.059999999 0 0 1 0 0 0 0 1
            1 0 0 -0.090000004 0 1 0 -0.059999999 0 0 1 0 0 0 0 1
            1 0 0 -0.090000004 0 1 0 -0.059999999 0 0 1 0 0 0 0 1
            1 0 0 -0.090000004 0 1 0 -0.059999999 0 0 1 0 0 0 0 1
            1 0 0 -0.090000004 0 1 0 -0.059999999 0 0 1 0 0 0 0 1
            1 0 0 -0.090000004 0 1 0 -0.059999999 0 0 1 0 0 0 0 1
            1 0 0 -0.090000004 0 1 0 -0.059999999 0 0 1 0 0 0 0 1
            1 0 0 -0.090000004 0 1 0 -0.059999999 0 0 1 0 0 0 0 1
            1 0 0 -0.090000004 0 1 0 -0.059999999 0 0 1 0 0 0 0 1
            1 0 0 -0.090000004 0 1 0 -0.059999999 0 0 1 0 0 0 0 1
            1 0 0 -0.090000004 0 1 0 -0.059999999 0 0 1 0 0 0 0 1
            1 0 0 -0.090000004 0 1 0 -0.059999999 0 0 1 0 0 0 0 1
            1 0 0 -0.090000004 0 1 0 -0.059999999 0 0 1 0 0 0 0 1
            1 0 0 -0.090000004 0 1 0 -0.059999999 0 0 1 0 0 0 0 1
            1 0 0 -0.090000004 0 1 0 -0.059999999 0 0 1 0 0 0 0 1
            1 0 0 -0.090000004 0 1 0 -0.059999999 0 0 1 0 0 0 0 1
            1 0 0 -0.090000004 0 1 0 -0.059999999 0 0 1 0 0 0 0 1
            1 0 0 -0.090000004 0 1 0 -0.059999999 0 0 1 0 0 0 0 1
          </float_array>
          <technique_common>
            <accessor source="#Idle-UpperLeg_L-output-array" count="49" stride="16">
              <param name="TRANSFORM" type="float4x4"/>
            </accessor>
          </technique_common>
        </source>
        <source id="Idle-UpperLeg_L-interp">
          <Name_array id="Idle-UpperLeg_L-interp-array" count="49">LINEAR LINEAR LINEAR LINEAR LINEAR LINEAR LINEAR LINEAR LINEAR LINEAR LINEAR LINEAR LINEAR LINEAR LINEAR LINEAR LINEAR LINEAR LINEAR LINEAR LINEAR LINEAR LINEAR LINEAR LINEAR LINEAR LINEAR LINEAR LINEAR LINEAR LINEAR LINEAR LINEAR LINEAR LINEAR LINEAR LINEAR LINEAR LINEAR LINEAR LINEAR LINEAR LINEAR LINEAR LINEAR LINEAR LINEAR LINEAR LINEAR</Name_array>
          <technique_common>
            <accessor source="#Idle-UpperLeg_L-interp-array" count="49" stride="1">
              <param name="INTERPOLATION" type="name"/>
            </accessor>
          </technique_common>
        </source>
        <sampler id="Idle-UpperLeg_L-sampler">
          <input semantic="INPUT" source="#Idle-UpperLeg_L-input"/>
          <input semantic="OUTPUT" source="#Idle-UpperLeg_L-output"/>
          <input semantic="INTERPOLATION" source="#Idle-UpperLeg_L-interp"/>
        </sampler>
        <channel source="#Idle-UpperLeg_L-sampler" target="UpperLeg_L/matrix"/>
        <source id="Idle-LowerLeg_L-input">
          <float_array id="Idle-LowerLeg_L-input-array" count="49">
            0 0.041666668 0.083333336 0.125 0.16666667 0.20833333 0.25 0.29166666
            0.33333334 0.375 0.41666666 0.45833334 0.5 0.54166669 0.58333331 0.625
            0.66666669 0.70833331 0.75 0.79166669 0.83333331 0.875 0.91666669 0.95833331
            1 1.0416666 1.0833334 1.125 1.1666666 1.2083334 1.25 1.2916666
            1.3333334 1.375 1.4166666 1.4583334 1.5 1.5416666 1.5833334 1.625
            1.6666666 1.7083334 1.75 1.7916666 1.8333334 1.875 1.9166666 1.9583334
            2
          </float_array>
          <technique_common>
            <accessor source="#Idle-LowerLeg_L-input-array" count="49" stride="1">
              <param name="TIME" type="float"/>
            </accessor>
          </technique_common>
        </source>
        <source id="Idle-LowerLeg_L-output">
          <float_array id="Idle-LowerLeg_L-output-array" count="784">
            1 0 0 0 0 1 0 -0.36000001 0 0 1 0 0 0 0 1
            1 0 0 0 0 1 0 -0.36000001 0 0 1 0 0 0 0 1
            1 0 0 0 0 1 0 -0.36000001 0 0 1 0 0 0 0 1
            1 0 0 0 0 1 0 -0.36000001 0 0 1 0 0 0 0 1
            1 0 0 0 0 1 0 -0.36000001 0 0 1 0 0 0 0 1
            1 0 0 0 0 1 0 -0.36000001 0 0 1 0 0 0 0 1
            1 0 0 0 0 1 0 -0.36000001 0 0 1 0 0 0 0 1
            1 0 0 0 0 1 0 -0.36000001 0 0 1 0 0 0 0 1
            1 0 0 0 0 1 0 -0.36000001 0 0 1 0 0 0 0 1
            1 0 0 0 0 1 0 -0.36000001 0 0 1 0 0 0 0 1
            1 0 0 0 0 1 0 -0.36000001 0 0 1 0 0 0 0 1
            1 0 0 0 0 1 0 -0.36000001 0 0 1 0 0 0 0 1
            1 0 0 0 0 1 0 -0.36000001 0 0 1 0 0 0 0 1
            1 0 0 0 0 1 0 -0.36000001 0 0 1 0 0 0 0 1
            1 0 0 0 0 1 0 -0.36000001 0 0 1 0 0 0 0 1
            1 0 0 0 0 1 0 -0.36000001 0 0 1 0 0 0 0 1
            1 0 0 0 0 1 0 -0.36000001 0 0 1 0 0 0 0 1
            1 0 0 0 0 1 0 -0.36000001 0 0 1 0 0 0 0 1
            1 0 0 0 0 1 0 -0.36000001 0 0 1 0 0 0 0 1
            1 0 0 0 0 1 0 -0.36000001 0 0 1 0 0 0 0 1
            1 0 0 0 0 1 0 -0.36000001 0 0 1 0 0 0 0 1
            1 0 0 0 0 1 0 -0.36000001 0 0 1 0 0 0 0 1
            1 0 0 0 0 1 0 -0.36000001 0 0 1 0 0 0 0 1
            1 0 0 0 0 1 0 -0.36000001 0 0 1 0 0 0 0 1
            1 0 0 0 0 1 0 -0.36000001 0 0 1 0 0 0 0 1
            1 0 0 0 0 1 0 -0.36000001 0 0 1 0 0 0 0 1
            1 0 0 0 0 1 0 -0.36000001 0 0 1 0 0 0 0 1
            1 0 0 0 0 1 0 -0.36000001 0 0 1 0 0 0 0 1
            1 0 0 0 0 1 0 -0.36000001 0 0 1 0 0 0 0 1
            1 0 0 0 0 1 0 -0.36000001 0 0 1 0 0 0 0 1
            1 0 0 0 0 1 0 -0.36000001 0 0 1 0 0 0 0 1
            1 0 0 0 0 1 0 -0.36000001 0 0 1 0 0 0 0 1
            1 0 0 0 0 1 0 -0.36000001 0 0 1 0 0 0 0 1
            1 0 0 0 0 1 0 -0.36000001 0 0 1 0 0 0 0 1
            1 0 0 0 0 1 0 -0.36000001 0 0 1 0 0 0 0 1
            1 0 0 0 0 1 0 -0.36000001 0 0 1 0 0 0 0 1
            1 0 0 0 0 1 0 -0.36000001 0 0 1 0 0 0 0 1
            1 0 0 0 0 1 0 -0.36000001 0 0 1 0 0 0 0 1
            1 0 0 0 0 1 0 -0.36000001 0 0 1 0 0 0 0 1
            1 0 0 0 0 1 0 -0.36000001 0 0 1 0 0 0 0 1
            1 0 0 0 0 1 0 -0.36000001 0 0 1 0 0 0 0 1
            1 0 0 0 0 1 0 -0.36000001 0 0 1 0 0 0 0 1
            1 0 0 0 0 1 0 -0.36000001 0 0 1 0 0 0 0 1
            1 0 0 0 0 1 0 -0.36000001 0 0 1 0 0 0 0 1
            1 0 0 0 0 1 0 -0.36000001 0 0 1 0 0 0 0 1
            1 0 0 0 0 1 0 -0.36000001 0 0 1 0 0 0 0 1
            1 0 0 0 0 1 0 -0.36000001 0 0 1 0 0 0 0 1
            1 0 0 0 0 1 0 -0.36000001 0 0 1 0 0 0 0 1
            1 0 0 0 0 1 0 -0.36000001 0 0 1 0 0 0 0 1
          </float_array>
          <technique_common>
            <accessor source="#Idle-LowerLeg_L-output-array" count="49" stride="16">
              <param name="TRANSFORM" type="float4x4"/>
            </accessor>
          </technique_common>
        </source>
        <source id="Idle-LowerLeg_L-interp">
          <Name_array id="Idle-LowerLeg_L-interp-array" count="49">LINEAR LINEAR LINEAR LINEAR LINEAR LINEAR LINEAR LINEAR LINEAR LINEAR LINEAR LINEAR LINEAR LINEAR LINEAR LINEAR LINEAR LINEAR LINEAR LINEAR LINEAR LINEAR LINEAR LINEAR LINEAR LINEAR LINEAR LINEAR LINEAR LINEAR LINEAR LINEAR LINEAR LINEAR LINEAR LINEAR LINEAR LINEAR LINEAR LINEAR LINEAR LINEAR LINEAR LINEAR LINEAR LINEAR LINEAR LINEAR LINEAR</Name_array>
          <technique_common>
            <accessor source="#Idle-LowerLeg_L-interp-array" count="49" stride="1">
              <param name="INTERPOLATION" type="name"/>
            </accessor>
          </technique_common>
        </source>
        <sampler id="Idle-LowerLeg_L-sampler">
          <input semantic="INPUT" source="#Idle-LowerLeg_L-input"/>
          <input semantic="OUTPUT" source="#Idle-LowerLeg_L-output"/>
          <input semantic="INTERPOLATION" source="#Idle-LowerLeg_L-interp"/>
        </sampler>
        <channel source="#Idle-LowerLeg_L-sampler" target="LowerLeg_L/matrix"/>
        <source id="Idle-Foot_L-input">
          <float_array id="Idle-Foot_L-input-array" count="49">
            0 0.041666668 0.083333336 0.125 0.16666667 0.20833333 0.25 0.29166666
            0.33333334 0.375 0.41666666 0.45833334 0.5 0.54166669 0.58333331 0.625
            0.66666669 0.70833331 0.75 0.79166669 0.83333331 0.875 0.91666669 0.95833331
            1 1.0416666 1.0833334 1.125 1.1666666 1.2083334 1.25 1.2916666
            1.3333334 1.375 1.4166666 1.4583334 1.5 1.5416666 1.5833334 1.625
            1.6666666 1.7083334 1.75 1.7916666 1.8333334 1.875 1.9166666 1.9583334
            2
          </float_array>
          <technique_common>
            <accessor source="#Idle-Foot_L-input-array" count="49" stride="1">
              <param name="TIME" type="float"/>
            </accessor>
          </technique_common>
        </source>
        <source id="Idle-Foot_L-output">
          <float_array id="Idle-Foot_L-output-array" count="784">
            1 0 0 0 0 1 0 -0.34 0 0 1 0.059999999 0 0 0 1
            1 0 0 0 0 1 0 -0.34 0 0 1 0.059999999 0 0 0 1
            1 0 0 0 0 1 0 -0.34 0 0 1 0.059999999 0 0 0 1
            1 0 0 0 0 1 0 -0.34 0 0 1 0.059999999 0 0 0 1
            1 0 0 0 0 1 0 -0.34 0 0 1 0.059999999 0 0 0 1
            1 0 0 0 0 1 0 -0.34 0 0 1 0.059999999 0 0 0 1
            1 0 0 0 0 1 0 -0.34 0 0 1 0.059999999 0 0 0 1
            1 0 0 0 0 1 0 -0.34 0 0 1 0.059999999 0 0 0 1
            1 0 0 0 0 1 0 -0.34 0 0 1 0.059999999 0 0 0 1
            1 0 0 0 0 1 0 -0.34 0 0 1 0.059999999 0 0 0 1
            1 0 0 0 0 1 0 -0.34 0 0 1 0.059999999 0 0 0 1
            1 0 0 0 0 1 0 -0.34 0 0 1 0.059999999 0 0 0 1
            1 0 0 0 0 1 0 -0.34 0 0 1 0.059999999 0 0 0 1
            1 0 0 0 0 1 0 -0.34 0 0 1 0.059999999 0 0 0 1
            1 0 0 0 0 1 0 -0.34 0 0 1 0.059999999 0 0 0 1
            1 0 0 0 0 1 0 -0.34 0 0 1 0.059999999 0 0 0 1
            1 0 0 0 0 1 0 -0.34 0 0 1 0.059999999 0 0 0 1
            1 0 0 0 0 1 0 -0.34 0 0 1 0.059999999 0 0 0 1
            1 0 0 0 0 1 0 -0.34 0 0 1 0.059999999 0 0 0 1
            1 0 0 0 0 1 0 -0.34 0 0 1 0.059999999 0 0 0 1
            1 0 0 0 0 1 0 -0.34 0 0 1 0.059999999 0 0 0 1
            1 0 0 0 0 1 0 -0.34 0 0 1 0.059999999 0 0 0 1
            1 0 0 0 0 1 0 -0.34 0 0 1 0.059999999 0 0 0 1
            1 0 0 0 0 1 0 -0.34 0 0 1 0.059999999 0 0 0 1
            1 0 0 0 0 1 0 -0.34 0 0 1 0.059999999 0 0 0 1
            1 0 0 0 0 1 0 -0.34 0 0 1 0.059999999 0 0 0 1
            1 0 0 0 0 1 0 -0.34 0 0 1 0.059999999 0 0 0 1
            1 0 0 0 0 1 0 -0.34 0 0 1 0.059999999 0 0 0 1
            1 0 0 0 0 1 0 -0.34 0 0 1 0.059999999 0 0 0 1
            1 0 0 0 0 1 0 -0.34 0 0 1 0.059999999 0 0 0 1
            1 0 0 0 0 1 0 -0.34 0 0 1 0.059999999 0 0 0 1
            1 0 0 0 0 1 0 -0.34 0 0 1 0.059999999 0 0 0 1
            1 0 0 0 0 1 0 -0.34 0 0 1 0.059999999 0 0 0 1
            1 0 0 0 0 1 0 -0.34 0 0 1 0.059999999 0 0 0 1
            1 0 0 0 0 1 0 -0.34 0 0 1 0.059999999 0 0 0 1
            1 0 0 0 0 1 0 -0.34 0 0 1 0.059999999 0 0 0 1
            1 0 0 0 0 1 0 -0.34 0 0 1 0.059999999 0 0 0 1
            1 0 0 0 0 1 0 -0.34 0 0 1 0.059999999 0 0 0 1
            1 0 0 0 0 1 0 -0.34 0 0 1 0.059999999 0 0 0 1
            1 0 0 0 0 1 0 -0.34 0 0 1 0.059999999 0 0 0 1
            1 0 0 0 0 1 0 -0.34 0 0 1 0.059999999 0 0 0 1
            1 0 0 0 0 1 0 -0.34 0 0 1 0.059999999 0 0 0 1
            1 0 0 0 0 1 0 -0.34 0 0 1 0.059999999 0 0 0 1
            1 0 0 0 0 1 0 -0.34 0 0 1 0.059999999 0 0 0 1
            1 0 0 0 0 1 0 -0.34 0 0 1 0.059999999 0 0 0 1
            1 0 0 0 0 1 0 -0.34 0 0 1 0.059999999 0 0 0 1
            1 0 0 0 0 1 0 -0.34 0 0 1 0.059999999 0 0 0 1
            1 0 0 0 0 1 0 -0.34 0 0 1 0.059999999 0 0 0 1
            1 0 0 0 0 1 0 -0.34 0 0 1 0.059999999 0 0 0 1
          </float_array>
          <technique_common>
            <accessor source="#Idle-Foot_L-output-array" count="49" stride="16">
              <param name="TRANSFORM" type="float4x4"/>
            </accessor>
          </technique_common>
        </source>
        <source id="Idle-Foot_L-interp">
          <Name_array id="Idle-Foot_L-interp-array" count="49">LINEAR LINEAR LINEAR LINEAR LINEAR LINEAR LINEAR LINEAR LINEAR LINEAR LINEAR LINEAR LINEAR LINEAR LINEAR LINEAR LINEAR LINEAR LINEAR LINEAR LINEAR LINEAR LINEAR LINEAR LINEAR LINEAR LINEAR LINEAR LINEAR LINEAR LINEAR LINEAR LINEAR LINEAR LINEAR LINEAR LINEAR LINEAR LINEAR LINEAR LINEAR LINEAR LINEAR LINEAR LINEAR LINEAR LINEAR LINEAR LINEAR</Name_array>
          <technique_common>
            <accessor source="#Idle-Foot_L-interp-array" count="49" stride="1">
              <param name="INTERPOLATION" type="name"/>
            </accessor>
          </technique_common>
        </source>
        <sampler id="Idle-Foot_L-sampler">
          <input semantic="INPUT" source="#Idle-Foot_L-input"/>
          <input semantic="OUTPUT" source="#Idle-Foot_L-output"/>
          <input semantic="INTERPOLATION" source="#Idle-Foot_L-interp"/>
        </sampler>
        <channel source="#Idle-Foot_L-sampler" target="Foot_L/matrix"/>
        <source id="Idle-UpperLeg_R-input">
          <float_array id="Idle-UpperLeg_R-input-array" count="49">
            0 0.041666668 0.083333336 0.125 0.16666667 0.20833333 0.25 0.29166666
            0.33333334 0.375 0.41666666 0.45833334 0.5 0.54166669 0.58333331 0.625
            0.66666669 0.70833331 0.75 0.79166669 0.83333331 0.875 0.91666669 0.95833331
            1 1.0416666 1.0833334 1.125 1.1666666 1.2083334 1.25 1.2916666
            1.3333334 1.375 1.4166666 1.4583334 1.5 1.5416666 1.5833334 1.625
            1.6666666 1.7083334 1.75 1.7916666 1.8333334 1.875 1.9166666 1.9583334
            2
          </float_array>
          <technique_common>
            <accessor source="#Idle-UpperLeg_R-input-array" count="49" stride="1">
              <param name="TIME" type="float"/>
            </accessor>
          </technique_common>
        </source>
        <source id="Idle-UpperLeg_R-output">
          <float_array id="Idle-UpperLeg_R-output-array" count="784">
            1 0 0 0.090000004 0 1 0 -0.059999999 0 0 1 0 0 0 0 1
            1 0 0 0.090000004 0 1 0 -0.059999999 0 0 1 0 0 0 0 1
            1 0 0 0.090000004 0 1 0 -0.059999999 0 0 1 0 0 0 0 1
            1 0 0 0.090000004 0 1 0 -0.059999999 0 0 1 0 0 0 0 1
            1 0 0 0.090000004 0 1 0 -0.059999999 0 0 1 0 0 0 0 1
            1 0 0 0.090000004 0 1 0 -0.059999999 0 0 1 0 0 0 0 1
            1 0 0 0.090000004 0 1 0 -0.059999999 0 0 1 0 0 0 0 1
            1 0 0 0.090000004 0 1 0 -0.059999999 0 0 1 0 0 0 0 1
            1 0 0 0.090000004 0 1 0 -0.059999999 0 0 1 0 0 0 0 1
            1 0 0 0.090000004 0 1 0 -0.059999999 0 0 1 0 0 0 0 1
            1 0 0 0.090000004 0 1 0 -0.059999999 0 0 1 0 0 0 0 1
            1 0 0 0.090000004 0 1 0 -0.059999999 0 0 1 0 0 0 0 1
            1 0 0 0.090000004 0 1 0 -0.059999999 0 0 1 0 0 0 0 1
            1 0 0 0.090000004 0 1 0 -0.059999999 0 0 1 0 0 0 0 1
            1 0 0 0.090000004 0 1 0 -0.059999999 0 0 1 0 0 0 0 1
            1 0 0 0.090000004 0 1 0 -0.059999999 0 0 1 0 0 0 0 1
            1 0 0 0.090000004 0 1 0 -0.059999999 0 0 1 0 0 0 0 1
            1 0 0 0.090000004 0 1 0 -0.059999999 0 0 1 0 0 0 0 1
            1 0 0 0.090000004 0 1 0 -0.059999999 0 0 1 0 0 0 0 1
            1 0 0 0.090000004 0 1 0 -0.059999999 0 0 1 0 0 0 0 1
            1 0 0 0.090000004 0 1 0 -0.059999999 0 0 1 0 0 0 0 1
            1 0 0 0.090000004 0 1 0 -0.059999999 0 0 1 0 0 0 0 1
            1 0 0 0.090000004 0 1 0 -0.059999999 0 0 1 0 0 0 0 1
            1 0 0 0.090000004 0 1 0 -0.059999999 0 0 1 0 0 0 0 1
            1 0 0 0.090000004 0 1 0 -0.059999999 0 0 1 0 0 0 0 1
            1 0 0 0.090000004 0 1 0 -0.059999999 0 0 1 0 0 0 0 1
            1 0 0 0.090000004 0 1 0 -0.059999999 0 0 1 0 0 0 0 1
            1 0 0 0.090000004 0 1 0 -0.059999999 0 0 1 0 0 0 0 1
            1 0 0 0.090000004 0 1 0 -0.059999999 0 0 1 0 0 0 0 1
            1 0 0 0.090000004 0 1 0 -0.059999999 0 0 1 0 0 0 0 1
            1 0 0 0.090000004 0 1 0 -0.059999999 0 0 1 0 0 0 0 1
            1 0 0 0.090000004 0 1 0 -0.059999999 0 0 1 0 0 0 0 1
            1 0 0 0.090000004 0 1 0 -0.059999999 0 0 1 0 0 0 0 1
            1 0 0 0.090000004 0 1 0 -0.059999999 0 0 1 0 0 0 0 1
            1 0 0 0.090000004 0 1 0 -0.059999999 0 0 1 0 0 0 0 1
            1 0 0 0.090000004 0 1 0 -0.059999999 0 0 1 0 0 0 0 1
            1 0 0 0.090000004 0 1 0 -0.059999999 0 0 1 0 0 0 0 1
            1 0 0 0.090000004 0 1 0 -0.059999999 0 0 1 0 0 0 0 1
            1 0 0 0.090000004 0 1 0 -0.059999999 0 0 1 0 0 0 0 1
            1 0 0 0.090000004 0 1 0 -0.059999999 0 0 1 0 0 0 0 1
            1 0 0 0.090000004 0 1 0 -0.059999999 0 0 1 0 0 0 0 1
            1 0 0 0.090000004 0 1 0 -0.059999999 0 0 1 0 0 0 0 1
            1 0 0 0.090000004 0 1 0 -0.059999999 0 0 1 0 0 0 0 1
            1 0 0 0.090000004 0 1 0 -0.059999999 0 0 1 0 0 0 0 1
            1 0 0 0.090000004 0 1 0 -0.059999999 0 0 1 0 0 0 0 1
            1 0 0 0.090000004 0 1 0 -0.059999999 0 0 1 0 0 0 0 1
            1 0 0 0.090000004 0 1 0 -0.059999999 0 0 1 0 0 0 0 1
            1 0 0 0.090000004 0 1 0 -0.059999999 0 0 1 0 0 0 0 1
            1 0 0 0.090000004 0 1 0 -0.059999999 0 0 1 0 0 0 0 1
          </float_array>
          <technique_common>
            <accessor source="#Idle-UpperLeg_R-output-array" count="49" stride="16">
              <param name="TRANSFORM" type="float4x4"/>
            </accessor>
          </technique_common>
        </source>
        <source id="Idle-UpperLeg_R-interp">
          <Name_array id="Idle-UpperLeg_R-interp-array" count="49">LINEAR LINEAR LINEAR LINEAR LINEAR LINEAR LINEAR LINEAR LINEAR LINEAR LINEAR LINEAR LINEAR LINEAR LINEAR LINEAR LINEAR LINEAR LINEAR LINEAR LINEAR LINEAR LINEAR LINEAR LINEAR LINEAR LINEAR LINEAR LINEAR LINEAR LINEAR LINEAR LINEAR LINEAR LINEAR LINEAR LINEAR LINEAR LINEAR LINEAR LINEAR LINEAR LINEAR LINEAR LINEAR LINEAR LINEAR LINEAR LINEAR</Name_array>
          <technique_common>
            <accessor source="#Idle-UpperLeg_R-interp-array" count="49" stride="1">
              <param name="INTERPOLATION" type="name"/>
            </accessor>
          </technique_common>
        </source>
        <sampler id="Idle-UpperLeg_R-sampler">
          <input semantic="INPUT" source="#Idle-UpperLeg_R-input"/>
          <input semantic="OUTPUT" source="#Idle-UpperLeg_R-output"/>
          <input semantic="INTERPOLATION" source="#Idle-UpperLeg_R-interp"/>
        </sampler>
        <channel source="#Idle-UpperLeg_R-sampler" target="UpperLeg_R/matrix"/>
        <source id="Idle-LowerLeg_R-input">
          <float_array id="Idle-LowerLeg_R-input-array" count="49">
            0 0.041666668 0.083333336 0.125 0.16666667 0.20833333 0.25 0.29166666
            0.33333334 0.375 0.41666666 0.45833334 0.5 0.54166669 0.58333331 0.625
            0.66666669 0.70833331 0.75 0.79166669 0.83333331 0.875 0.91666669 0.95833331
            1 1.0416666 1.0833334 1.125 1.1666666 1.2083334 1.25 1.2916666
            1.3333334 1.375 1.4166666 1.4583334 1.5 1.5416666 1.5833334 1.625
            1.6666666 1.7083334 1.75 1.7916666 1.8333334 1.875 1.9166666 1.9583334
            2
          </float_array>
          <technique_common>
            <accessor source="#Idle-LowerLeg_R-input-array" count="49" stride="1">
              <param name="TIME" type="float"/>
            </accessor>
          </technique_common>
        </source>
        <source id="Idle-LowerLeg_R-output">
          <float_array id="Idle-LowerLeg_R-output-array" count="784">
            1 0 0 0 0 1 0 -0.36000001 0 0 1 0 0 0 0 1
            1 0 0 0 0 1 0 -0.36000001 0 0 1 0 0 0 0 1
            1 0 0 0 0 1 0 -0.36000001 0 0 1 0 0 0 0 1
            1 0 0 0 0 1 0 -0.36000001 0 0 1 0 0 0 0 1
            1 0 0 0 0 1 0 -0.36000001 0 0 1 0 0 0 0 1
            1 0 0 0 0 1 0 -0.36000001 0 0 1 0 0 0 0 1
            1 0 0 0 0 1 0 -0.36000001 0 0 1 0 0 0 0 1
            1 0 0 0 0 1 0 -0.36000001 0 0 1 0 0 0 0 1
            1 0 0 0 0 1 0 -0.36000001 0 0 1 0 0 0 0 1
            1 0 0 0 0 1 0 -0.36000001 0 0 1 0 0 0 0 1
            1 0 0 0 0 1 0 -0.36000001 0 0 1 0 0 0 0 1
            1 0 0 0 0 1 0 -0.36000001 0 0 1 0 0 0 0 1
            1 0 0 0 0 1 0 -0.36000001 0 0 1 0 0 0 0 1
            1 0 0 0 0 1 0 -0.36000001 0 0 1 0 0 0 0 1
            1 0 0 0 0 1 0 -0.36000001 0 0 1 0 0 0 0 1
            1 0 0 0 0 1 0 -0.36000001 0 0 1 0 0 0 0 1
            1 0 0 0 0 1 0 -0.36000001 0 0 1 0 0 0 0 1
            1 0 0 0 0 1 0 -0.36000001 0 0 1 0 0 0 0 1
            1 0 0 0 0 1 0 -0.36000001 0 0 1 0 0 0 0 1
            1 0 0 0 0 1 0 -0.36000001 0 0 1 0 0 0 0 1
            1 0 0 0 0 1 0 -0.36000001 0 0 1 0 0 0 0 1
            1 0 0 0 0 1 0 -0.36000001 0 0 1 0 0 0 0 1
            1 0 0 0 0 1 0 -0.36000001 0 0 1 0 0 0 0 1
            1 0 0 0 0 1 0 -0.36000001 0 0 1 0 0 0 0 1
            1 0 0 0 0 1 0 -0.36000001 0 0 1 0 0 0 0 1
            1 0 0 0 0 1 0 -0.36000001 0 0 1 0 0 0 0 1
            1 0 0 0 0 1 0 -0.36000001 0 0 1 0 0 0 0 1
            1 0 0 0 0 1 0 -0.36000001 0 0 1 0 0 0 0 1
            1 0 0 0 0 1 0 -0.36000001 0 0 1 0 0 0 0 1
            1 0 0 0 0 1 0 -0.36000001 0 0 1 0 0 0 0 1
            1 0 0 0 0 1 0 -0.36000001 0 0 1 0 0 0 0 1
            1 0 0 0 0 1 0 -0.36000001 0 0 1 0 0 0 0 1
            1 0 0 0 0 1 0 -0.36000001 0 0 1 0 0 0 0 1
            1 0 0 0 0 1 0 -0.36000001 0 0 1 0 0 0 0 1
            1 0 0 0 0 1 0 -0.36000001 0 0 1 0 0 0 0 1
            1 0 0 0 0 1 0 -0.36000001 0 0 1 0 0 0 0 1
            1 0 0 0 0 1 0 -0.36000001 0 0 1 0 0 0 0 1
            1 0 0 0 0 1 0 -0.36000001 0 0 1 0 0 0 0 1
            1 0 0 0 0 1 0 -0.36000001 0 0 1 0 0 0 0 1
            1 0 0 0 0 1 0 -0.36000001 0 0 1 0 0 0 0 1
            1 0 0 0 0 1 0 -0.36000001 0 0 1 0 0 0 0 1
            1 0 0 0 0 1 0 -0.36000001 0 0 1 0 0 0 0 1
            1 0 0 0 0 1 0 -0.36000001 0 0 1 0 0 0 0 1
            1 0 0 0 0 1 0 -0.36000001 0 0 1 0 0 0 0 1
            1 0 0 0 0 1 0 -0.36000001 0 0 1 0 0 0 0 1
            1 0 0 0 0 1 0 -0.36000001 0 0 1 0 0 0 0 1
            1 0 0 0 0 1 0 -0.36000001 0 0 1 0 0 0 0 1
            1 0 0 0 0 1 0 -0.36000001 0 0 1 0 0 0 0 1
            1 0 0 0 0 1 0 -0.36000001 0 0 1 0 0 0 0 1
          </float_array>
          <technique_common>
            <accessor source="#Idle-LowerLeg_R-output-array" count="49" stride="16">
              <param name="TRANSFORM" type="float4x4"/>
            </accessor>
          </technique_common>
        </source>
        <source id="Idle-LowerLeg_R-interp">
          <Name_array id="Idle-LowerLeg_R-interp-array" count="49">LINEAR LINEAR LINEAR LINEAR LINEAR LINEAR LINEAR LINEAR LINEAR LINEAR LINEAR LINEAR LINEAR LINEAR LINEAR LINEAR LINEAR LINEAR LINEAR LINEAR LINEAR LINEAR LINEAR LINEAR LINEAR LINEAR LINEAR LINEAR LINEAR LINEAR LINEAR LINEAR LINEAR LINEAR LINEAR LINEAR LINEAR LINEAR LINEAR LINEAR LINEAR LINEAR LINEAR LINEAR LINEAR LINEAR LINEAR LINEAR LINEAR</Name_array>
          <technique_common>
            <accessor source="#Idle-LowerLeg_R-interp-array" count="49" stride="1">
              <param name="INTERPOLATION" type="name"/>
            </accessor>
          </technique_common>
        </source>
        <sampler id="Idle-LowerLeg_R-sampler">
          <input semantic="INPUT" source="#Idle-LowerLeg_R-input"/>
          <input semantic="OUTPUT" source="#Idle-LowerLeg_R-output"/>
          <input semantic="INTERPOLATION" source="#Idle-LowerLeg_R-interp"/>
        </sampler>
        <channel source="#Idle-LowerLeg_R-sampler" target="LowerLeg_R/matrix"/>
        <source id="Idle-Foot_R-input">
          <float_array id="Idle-Foot_R-input-array" count="49">
            0 0.041666668 0.083333336 0.125 0.16666667 0.20833333 0.25 0.29166666
            0.33333334 0.375 0.41666666 0.45833334 0.5 0.54166669 0.58333331 0.625
            0.66666669 0.70833331 0.75 0.79166669 0.83333331 0.875 0.91666669 0.95833331
            1 1.0416666 1.0833334 1.125 1.1666666 1.2083334 1.25 1.2916666
            1.3333334 1.375 1.4166666 1.4583334 1.5 1.5416666 1.5833334 1.625
            1.6666666 1.7083334 1.75 1.7916666 1.8333334 1.875 1.9166666 1.9583334
            2
          </float_array>
          <technique_common>
            <accessor source="#Idle-Foot_R-input-array" count="49" stride="1">
              <param name="TIME" type="float"/>
            </accessor>
          </technique_common>
        </source>
        <source id="Idle-Foot_R-output">
          <float_array id="Idle-Foot_R-output-array" count="784">
            1 0 0 0 0 1 0 -0.34 0 0 1 0.059999999 0 0 0 1
            1 0 0 0 0 1 0 -0.34 0 0 1 0.059999999 0 0 0 1
            1 0 0 0 0 1 0 -0.34 0 0 1 0.059999999 0 0 0 1
            1 0 0 0 0 1 0 -0.34 0 0 1 0.059999999 0 0 0 1
            1 0 0 0 0 1 0 -0.34 0 0 1 0.059999999 0 0 0 1
            1 0 0 0 0 1 0 -0.34 0 0 1 0.059999999 0 0 0 1
            1 0 0 0 0 1 0 -0.34 0 0 1 0.059999999 0 0 0 1
            1 0 0 0 0 1 0 -0.34 0 0 1 0.059999999 0 0 0 1
            1 0 0 0 0 1 0 -0.34 0 0 1 0.059999999 0 0 0 1
            1 0 0 0 0 1 0 -0.34 0 0 1 0.059999999 0 0 0 1
            1 0 0 0 0 1 0 -0.34 0 0 1 0.059999999 0 0 0 1
            1 0 0 0 0 1 0 -0.34 0 0 1 0.059999999 0 0 0 1
            1 0 0 0 0 1 0 -0.34 0 0 1 0.059999999 0 0 0 1
            1 0 0 0 0 1 0 -0.34 0 0 1 0.059999999 0 0 0 1
            1 0 0 0 0 1 0 -0.34 0 0 1 0.059999999 0 0 0 1
            1 0 0 0 0 1 0 -0.34 0 0 1 0.059999999 0 0 0 1
            1 0 0 0 0 1 0 -0.34 0 0 1 0.059999999 0 0 0 1
            1 0 0 0 0 1 0 -0.34 0 0 1 0.059999999 0 0 0 1
            1 0 0 0 0 1 0 -0.34 0 0 1 0.059999999 0 0 0 1
            1 0 0 0 0 1 0 -0.34 0 0 1 0.059999999 0 0 0 1
            1 0 0 0 0 1 0 -0.34 0 0 1 0.059999999 0 0 0 1
            1 0 0 0 0 1 0 -0.34 0 0 1 0.059999999 0 0 0 1
            1 0 0 0 0 1 0 -0.34 0 0 1 0.059999999 0 0 0 1
            1 0 0 0 0 1 0 -0.34 0 0 1 0.059999999 0 0 0 1
            1 0 0 0 0 1 0 -0.34 0 0 1 0.059999999 0 0 0 1
            1 0 0 0 0 1 0 -0.34 0 0 1 0.059999999 0 0 0 1
            1 0 0 0 0 1 0 -0.34 0 0 1 0.059999999 0 0 0 1
            1 0 0 0 0 1 0 -0.34 0 0 1 0.059999999 0 0 0 1
            1 0 0 0 0 1 0 -0.34 0 0 1 0.059999999 0 0 0 1
            1 0 0 0 0 1 0 -0.34 0 0 1 0.059999999 0 0 0 1
            1 0 0 0 0 1 0 -0.34 0 0 1 0.059999999 0 0 0 1
            1 0 0 0 0 1 0 -0.34 0 0 1 0.059999999 0 0 0 1
            1 0 0 0 0 1 0 -0.34 0 0 1 0.059999999 0 0 0 1
            1 0 0 0 0 1 0 -0.34 0 0 1 0.059999999 0 0 0 1
            1 0 0 0 0 1 0 -0.34 0 0 1 0.059999999 0 0 0 1
            1 0 0 0 0 1 0 -0.34 0 0 1 0.059999999 0 0 0 1
            1 0 0 0 0 1 0 -0.34 0 0 1 0.059999999 0 0 0 1
            1 0 0 0 0 1 0 -0.34 0 0 1 0.059999999 0 0 0 1
            1 0 0 0 0 1 0 -0.34 0 0 1 0.059999999 0 0 0 1
            1 0 0 0 0 1 0 -0.34 0 0 1 0.059999999 0 0 0 1
            1 0 0 0 0 1 0 -0.34 0 0 1 0.059999999 0 0 0 1
            1 0 0 0 0 1 0 -0.34 0 0 1 0.059999999 0 0 0 1
            1 0 0 0 0 1 0 -0.34 0 0 1 0.059999999 0 0 0 1
            1 0 0 0 0 1 0 -0.34 0 0 1 0.059999999 0 0 0 1
            1 0 0 0 0 1 0 -0.34 0 0 1 0.059999999 0 0 0 1
            1 0 0 0 0 1 0 -0.34 0 0 1 0.059999999 0 0 0 1
            1 0 0 0 0 1 0 -0.34 0 0 1 0.059999999 0 0 0 1
            1 0 0 0 0 1 0 -0.34 0 0 1 0.059999999 0 0 0 1
            1 0 0 0 0 1 0 -0.34 0 0 1 0.059999999 0 0 0 1
          </float_array>
          <technique_common>
            <accessor source="#Idle-Foot_R-output-array" count="49" stride="16">
              <param name="TRANSFORM" type="float4x4"/>
            </accessor>
          </technique_common>
        </source>
        <source id="Idle-Foot_R-interp">
          <Name_array id="Idle-Foot_R-interp-array" count="49">LINEAR LINEAR LINEAR LINEAR LINEAR LINEAR LINEAR LINEAR LINEAR LINEAR LINEAR LINEAR LINEAR LINEAR LINEAR LINEAR LINEAR LINEAR LINEAR LINEAR LINEAR LINEAR LINEAR LINEAR LINEAR LINEAR LINEAR LINEAR LINEAR LINEAR LINEAR LINEAR LINEAR LINEAR LINEAR LINEAR LINEAR LINEAR LINEAR LINEAR LINEAR LINEAR LINEAR LINEAR LINEAR LINEAR LINEAR LINEAR LINEAR</Name_array>
          <technique_common>
            <accessor source="#Idle-Foot_R-interp-array" count="49" stride="1">
              <param name="INTERPOLATION" type="name"/>
            </accessor>
          </technique_common>
        </source>
        <sampler id="Idle-Foot_R-sampler">
          <input semantic="INPUT" source="#Idle-Foot_R-input"/>
          <input semantic="OUTPUT" source="#Idle-Foot_R-output"/>
          <input semantic="INTERPOLATION" source="#Idle-Foot_R-interp"/>
        </sampler>
        <channel source="#Idle-Foot_R-sampler" target="Foot_R/matrix"/>
      </animation>
      <animation id="Walk" name="Walk">
        <source id="Walk-Root-input">
          <float_array id="Walk-Root-input-array" count="25">
            0 0.041666668 0.083333336 0.125 0.16666667 0.20833333 0.25 0.29166666
            0.33333334 0.375 0.41666666 0.45833334 0.5 0.54166669 0.58333331 0.625
            0.66666669 0.70833331 0.75 0.79166669 0.83333331 0.875 0.91666669 0.95833331
            1
          </float_array>
          <technique_common>
            <accessor source="#Walk-Root-input-array" count="25" stride="1">
              <param name="TIME" type="float"/>
            </accessor>
          </technique_common>
        </source>
        <source id="Walk-Root-output">
          <float_array id="Walk-Root-output-array" count="400">
            1 0 0 0 0 1 0 0 0 0 1 0 0 0 0 1
            1 0 0 0 0 1 0 0 0 0 1 0 0 0 0 1
            1 0 0 0 0 1 0 0 0 0 1 0 0 0 0 1
            1 0 0 0 0 1 0 0 0 0 1 0 0 0 0 1
            1 0 0 0 0 1 0 0 0 0 1 0 0 0 0 1
            1 0 0 0 0 1 0 0 0 0 1 0 0 0 0 1
            1 0 0 0 0 1 0 0 0 0 1 0 0 0 0 1
            1 0 0 0 0 1 0 0 0 0 1 0 0 0 0 1
            1 0 0 0 0 1 0 0 0 0 1 0 0 0 0 1
            1 0 0 0 0 1 0 0 0 0 1 0 0 0 0 1
            1 0 0 0 0 1 0 0 0 0 1 0 0 0 0 1
            1 0 0 0 0 1 0 0 0 0 1 0 0 0 0 1
            1 0 0 0 0 1 0 0 0 0 1 0 0 0 0 1
            1 0 0 0 0 1 0 0 0 0 1 0 0 0 0 1
            1 0 0 0 0 1 0 0 0 0 1 0 0 0 0 1
            1 0 0 0 0 1 0 0 0 0 1 0 0 0 0 1
            1 0 0 0 0 1 0 0 0 0 1 0 0 0 0 1
            1 0 0 0 0 1 0 0 0 0 1 0 0 0 0 1
            1 0 0 0 0 1 0 0 0 0 1 0 0 0 0 1
            1 0 0 0 0 1 0 0 0 0 1 0 0 0 0 1
            1 0 0 0 0 1 0 0 0 0 1 0 0 0 0 1
            1 0 0 0 0 1 0 0 0 0 1 0 0 0 0 1
            1 0 0 0 0 1 0 0 0 0 1 0 0 0 0 1
            1 0 0 0 0 1 0 0 0 0 1 0 0 0 0 1
            1 0 0 0 0 1 0 0 0 0 1 0 0 0 0 1
          </float_array>
          <technique_common>
            <accessor source="#Walk-Root-output-array" count="25" stride="16">
              <param name="TRANSFORM" type="float4x4"/>
            </accessor>
          </technique_common>
        </source>
        <source id="Walk-Root-interp">
          <Name_array id="Walk-Root-interp-array" count="25">LINEAR LINEAR LINEAR LINEAR LINEAR LINEAR LINEAR LINEAR LINEAR LINEAR LINEAR LINEAR LINEAR LINEAR LINEAR LINEAR LINEAR LINEAR LINEAR LINEAR LINEAR LINEAR LINEAR LINEAR LINEAR</Name_array>
          <technique_common>
            <accessor source="#Walk-Root-interp-array" count="25" stride="1">
              <param name="INTERPOLATION" type="name"/>
            </accessor>
          </technique_common>
        </source>
        <sampler id="Walk-Root-sampler">
          <input semantic="INPUT" source="#Walk-Root-input"/>
          <input semantic="OUTPUT" source="#Walk-Root-output"/>
          <input semantic="INTERPOLATION" source="#Walk-Root-interp"/>
        </sampler>
        <channel source="#Walk-Root-sampler" target="Root/matrix"/>
        <source id="Walk-Hips-input">
          <float_array id="Walk-Hips-input-array" count="25">
            0 0.041666668 0.083333336 0.125 0.16666667 0.20833333 0.25 0.29166666
            0.33333334 0.375 0.41666666 0.45833334 0.5 0.54166669 0.58333331 0.625
            0.66666669 0.70833331 0.75 0.79166669 0.83333331 0.875 0.91666669 0.95833331
            1
          </float_array>
          <technique_common>
            <accessor source="#Walk-Hips-input-array" count="25" stride="1">
              <param name="TIME" type="float"/>
            </accessor>
          </technique_common>
        </source>
        <source id="Walk-Hips-output">
          <float_array id="Walk-Hips-output-array" count="400">
            1 0 0 0 0 1 0 0.838 0 0 1 0 0 0 0 1
            0.99958138 -0.012940591 0.025876848 0 0.012936257 0.99991627 0.00033488975 0.83738667 -0.025879015 -7.1965324e-12 0.99966508 0 0 0 0 1
            0.99843817 -0.024997396 0.049963551 0 0.024966155 0.99968752 0.0012493491 0.83558846 -0.049979168 -1.1843325e-11 0.99875026 0 0 0 0 1
            0.99687767 -0.035347975 0.070607614 0 0.035259642 0.99937507 0.0024973968 0.83272791 -0.070651766 7.6229325e-11 0.99750104 0 0 0 0 1
            0.9953185 -0.043287743 0.086413256 0 0.043125515 0.99906265 0.0037441442 0.829 -0.086494331 1.253383e-10 0.99625234 0 0 0 0 1
            0.99417796 -0.048277517 0.096329994 0 0.048052475 0.99883396 0.0046560021 0.82465875 -0.09644245 -2.2773465e-11 0.99533856 0 0 0 0 1
            0.99376067 -0.04997917 0.099708651 0 0.049729482 0.99875026 0.0049895913 0.81999999 -0.099833417 3.3384628e-11 0.99500417 0 0 0 0 1
            0.99417796 -0.048277517 0.096329994 0 0.048052475 0.99883396 0.0046560021 0.82465875 -0.09644245 -2.2773465e-11 0.99533856 0 0 0 0 1
            0.9953185 -0.043287743 0.086413256 0 0.043125515 0.99906265 0.0037441442 0.829 -0.086494331 1.253383e-10 0.99625234 0 0 0 0 1
            0.99687767 -0.035347975 0.070607614 0 0.035259642 0.99937507 0.0024973968 0.83272791 -0.070651766 7.6229325e-11 0.99750104 0 0 0 0 1
            0.99843817 -0.024997396 0.049963551 0 0.024966155 0.99968752 0.0012493491 0.83558846 -0.049979168 -1.1843325e-11 0.99875026 0 0 0 0 1
            0.99958138 -0.012940591 0.025876848 0 0.012936257 0.99991627 0.00033488975 0.83738667 -0.025879015 -7.1965324e-12 0.99966508 0 0 0 0 1
            1 -6.1232338e-18 1.2246468e-17 0 6.1232338e-18 1 7.4987986e-35 0.838 -1.2246468e-17 -9.2729267e-43 1 0 0 0 0 1
            0.99958138 0.012940591 -0.025876848 0 -0.012936257 0.99991627 0.00033488975 0.83738667 0.025879015 -7.1965324e-12 0.99966508 0 0 0 0 1
            0.99843817 0.024997396 -0.049963551 0 -0.024966155 0.99968752 0.0012493491 0.83558846 0.049979168 -1.1843325e-11 0.99875026 0 0 0 0 1
            0.99687767 0.035347975 -0.070607614 0 -0.035259642 0.99937507 0.0024973968 0.83272791 0.070651766 7.6229325e-11 0.99750104 0 0 0 0 1
            0.9953185 0.043287743 -0.086413256 0 -0.043125515 0.99906265 0.0037441442 0.829 0.086494331 1.253383e-10 0.99625234 0 0 0 0 1
            0.99417796 0.048277517 -0.096329994 0 -0.048052475 0.99883396 0.0046560021 0.82465875 0.09644245 -2.2773465e-11 0.99533856 0 0 0 0 1
            0.99376067 0.04997917 -0.099708651 0 -0.049729482 0.99875026 0.0049895913 0.81999999 0.099833417 3.3384628e-11 0.99500417 0 0 0 0 1
            0.99417796 0.048277517 -0.096329994 0 -0.048052475 0.99883396 0.0046560021 0.82465875 0.09644245 -2.2773465e-11 0.99533856 0 0 0 0 1
            0.9953185 0.043287743 -0.086413256 0 -0.043125515 0.99906265 0.0037441442 0.829 0.086494331 1.253383e-10 0.99625234 0 0 0 0 1
            0.99687767 0.035347975 -0.070607614 0 -0.035259642 0.99937507 0.0024973968 0.83272791 0.070651766 7.6229325e-11 0.99750104 0 0 0 0 1
            0.99843817 0.024997396 -0.049963551 0 -0.024966155 0.99968752 0.0012493491 0.83558846 0.049979168 -1.1843325e-11 0.99875026 0 0 0 0 1
            0.99958138 0.012940591 -0.025876848 0 -0.012936257 0.99991627 0.00033488975 0.83738667 0.025879015 -7.1965324e-12 0.99966508 0 0 0 0 1
            1 0 0 0 0 1 0 0.838 0 0 1 0 0 0 0 1
          </float_array>
          <technique_common>
            <accessor source="#Walk-Hips-output-array" count="25" stride="16">
              <param name="TRANSFORM" type="float4x4"/>
            </accessor>
          </technique_common>
        </source>
        <source id="Walk-Hips-interp">
          <Name_array id="Walk-Hips-interp-array" count="25">LINEAR LINEAR LINEAR LINEAR LINEAR LINEAR LINEAR LINEAR LINEAR LINEAR LINEAR LINEAR LINEAR LINEAR LINEAR LINEAR LINEAR LINEAR LINEAR LINEAR LINEAR LINEAR LINEAR LINEAR LINEAR</Name_array>
          <technique_common>
            <accessor source="#Walk-Hips-interp-array" count="25" stride="1">
              <param name="INTERPOLATION" type="name"/>
            </accessor>
          </technique_common>
        </source>
        <sampler id="Walk-Hips-sampler">
          <input semantic="INPUT" source="#Walk-Hips-input"/>
          <input semantic="OUTPUT" source="#Walk-Hips-output"/>
          <input semantic="INTERPOLATION" source="#Walk-Hips-interp"/>
        </sampler>
        <channel source="#Walk-Hips-sampler" target="Hips/matrix"/>
        <source id="Walk-Spine-input">
          <float_array id="Walk-Spine-input-array" count="25">
            0 0.041666668 0.083333336 0.125 0.16666667 0.20833333 0.25 0.29166666
            0.33333334 0.375 0.41666666 0.45833334 0.5 0.54166669 0.58333331 0.625
            0.66666669 0.70833331 0.75 0.79166669 0.83333331 0.875 0.91666669 0.95833331
            1
          </float_array>
          <technique_common>
            <accessor source="#Walk-Spine-input-array" count="25" stride="1">
              <param name="TIME" type="float"/>
            </accessor>
          </technique_common>
        </source>
        <source id="Walk-Spine-output">
          <float_array id="Walk-Spine-output-array" count="400">
            1 0 0 0 0 0.99920011 -0.039989332 0.12 0 0.039989332 0.99920011 0 0 0 0 1
            0.99978565 -0.00082794094 -0.020687484 0 1.555981e-12 0.99920011 -0.039989333 0.12 0.020704045 0.039980762 0.99898593 0 0 0 0 1
            0.99920011 -0.0015991468 -0.039957346 0 2.7401095e-11 0.99920011 -0.039989334 0.12 0.039989334 0.039957346 0.99840085 0 0 0 0 1
            0.99840043 -0.0022609319 -0.05649315 0 5.5231428e-11 0.99920011 -0.039989333 0.12 0.056538374 0.039925367 0.99760181 0 0 0 0 1
            0.99760096 -0.0027683266 -0.069171248 0 -7.8579023e-12 0.99920011 -0.039989335 0.12 0.069226622 0.039893399 0.99680299 0 0 0 0 1
            0.99701584 -0.003087064 -0.077135439 0 7.041201e-12 0.99920011 -0.039989333 0.12 0.077197188 0.039869998 0.99621834 0 0 0 0 1
            0.99680171 -0.0031957355 -0.07985077 0 8.9369634e-11 0.99920011 -0.039989334 0.12 0.079914693 0.039861437 0.99600437 0 0 0 0 1
            0.99701584 -0.003087064 -0.077135439 0 7.041201e-12 0.99920011 -0.039989333 0.12 0.077197188 0.039869998 0.99621834 0 0 0 0 1
            0.99760096 -0.0027683266 -0.069171248 0 -7.8579023e-12 0.99920011 -0.039989335 0.12 0.069226622 0.039893399 0.99680299 0 0 0 0 1
            0.99840043 -0.0022609319 -0.05649315 0 5.5231428e-11 0.99920011 -0.039989333 0.12 0.056538374 0.039925367 0.99760181 0 0 0 0 1
            0.99920011 -0.0015991468 -0.039957346 0 2.7401095e-11 0.99920011 -0.039989334 0.12 0.039989334 0.039957346 0.99840085 0 0 0 0 1
            0.99978565 -0.00082794094 -0.020687484 0 1.555981e-12 0.99920011 -0.039989333 0.12 0.020704045 0.039980762 0.99898593 0 0 0 0 1
            1 -3.9178245e-19 -9.7893372e-18 0 1.236289e-26 0.99920011 -0.039989332 0.12 9.7971739e-18 0.039989332 0.99920011 0 0 0 0 1
            0.99978565 0.00082794094 0.020687484 0 -1.555981e-12 0.99920011 -0.039989333 0.12 -0.020704045 0.039980762 0.99898593 0 0 0 0 1
            0.99920011 0.0015991468 0.039957346 0 -2.7401095e-11 0.99920011 -0.039989334 0.12 -0.039989334 0.039957346 0.99840085 0 0 0 0 1
            0.99840043 0.0022609319 0.05649315 0 -5.5231428e-11 0.99920011 -0.039989333 0.12 -0.056538374 0.039925367 0.99760181 0 0 0 0 1
            0.99760096 0.0027683266 0.069171248 0 7.8579023e-12 0.99920011 -0.039989335 0.12 -0.069226622 0.039893399 0.99680299 0 0 0 0 1
            0.99701584 0.003087064 0.077135439 0 -7.041201e-12 0.99920011 -0.039989333 0.12 -0.077197188 0.039869998 0.99621834 0 0 0 0 1
            0.99680171 0.0031957355 0.07985077 0 -8.9369634e-11 0.99920011 -0.039989334 0.12 -0.079914693 0.039861437 0.99600437 0 0 0 0 1
            0.99701584 0.003087064 0.077135439 0 -7.041201e-12 0.99920011 -0.039989333 0.12 -0.077197188 0.039869998 0.99621834 0 0 0 0 1
            0.99760096 0.0027683266 0.069171248 0 7.8579023e-12 0.99920011 -0.039989335 0.12 -0.069226622 0.039893399 0.99680299 0 0 0 0 1
            0.99840043 0.0022609319 0.05649315 0 -5.5231428e-11 0.99920011 -0.039989333 0.12 -0.056538374 0.039925367 0.99760181 0 0 0 0 1
            0.99920011 0.0015991468 0.039957346 0 -2.7401095e-11 0.99920011 -0.039989334 0.12 -0.039989334 0.039957346 0.99840085 0 0 0 0 1
            0.99978565 0.00082794094 0.020687484 0 -1.555981e-12 0.99920011 -0.039989333 0.12 -0.020704045 0.039980762 0.99898593 0 0 0 0 1
            1 0 0 0 0 0.99920011 -0.039989332 0.12 0 0.039989332 0.99920011 0 0 0 0 1
          </float_array>
          <technique_common>
            <accessor source="#Walk-Spine-output-array" count="25" stride="16">
              <param name="TRANSFORM" type="float4x4"/>
            </accessor>
          </technique_common>
        </source>
        <source id="Walk-Spine-interp">
          <Name_array id="Walk-Spine-interp-array" count="25">LINEAR LINEAR LINEAR LINEAR LINEAR LINEAR LINEAR LINEAR LINEAR LINEAR LINEAR LINEAR LINEAR LINEAR LINEAR LINEAR LINEAR LINEAR LINEAR LINEAR LINEAR LINEAR LINEAR LINEAR LINEAR</Name_array>
          <technique_common>
            <accessor source="#Walk-Spine-interp-array" count="25" stride="1">
              <param name="INTERPOLATION" type="name"/>
            </accessor>
          </technique_common>
        </source>
        <sampler id="Walk-Spine-sampler">
          <input semantic="INPUT" source="#Walk-Spine-input"/>
          <input semantic="OUTPUT" source="#Walk-Spine-output"/>
          <input semantic="INTERPOLATION" source="#Walk-Spine-interp"/>
        </sampler>
        <channel source="#Walk-Spine-sampler" target="Spine/matrix"/>
        <source id="Walk-Chest-input">
          <float_array id="Walk-Chest-input-array" count="25">
            0 0.041666668 0.083333336 0.125 0.16666667 0.20833333 0.25 0.29166666
            0.33333334 0.375 0.41666666 0.45833334 0.5 0.54166669 0.58333331 0.625
            0.66666669 0.70833331 0.75 0.79166669 0.83333331 0.875 0.91666669 0.95833331
            1
          </float_array>
          <technique_common>
            <accessor source="#Walk-Chest-input-array" count="25" stride="1">
              <param name="TIME" type="float"/>
            </accessor>
          </technique_common>
        </source>
        <source id="Walk-Chest-output">
          <float_array id="Walk-Chest-output-array" count="400">
            1 0 0 0 0 0.999872 -0.015999318 0.2 0 0.015999318 0.999872 0 0 0 0 1
            0.99987943 -0.00024844571 -0.015526531 0 1.8859949e-12 0.999872 -0.015999318 0.2 0.015528519 0.015997389 0.99975144 0 0 0 0 1
            0.99955003 -0.00047990753 -0.02999166 0 -7.7221838e-12 0.999872 -0.015999318 0.2 0.0299955 0.015992119 0.99942209 0 0 0 0 1
            0.99910014 -0.00067858988 -0.042408249 0 3.5221919e-11 0.999872 -0.015999316 0.2 0.042413678 0.015984919 0.99897225 0 0 0 0 1
            0.9986503 -0.00083097488 -0.051931498 0 -1.3808886e-12 0.999872 -0.015999318 0.2 0.051938146 0.015977723 0.99852248 0 0 0 0 1
            0.99832105 -0.00092673023 -0.057915695 0 7.5231661e-12 0.999872 -0.015999318 0.2 0.057923109 0.015972456 0.99819326 0 0 0 0 1
            0.99820054 -0.0009593832 -0.059956331 0 -4.2175643e-13 0.999872 -0.015999318 0.2 0.059964006 0.015970528 0.99807277 0 0 0 0 1
            0.99832105 -0.00092673023 -0.057915695 0 7.5231661e-12 0.999872 -0.015999318 0.2 0.057923109 0.015972456 0.99819326 0 0 0 0 1
            0.9986503 -0.00083097488 -0.051931498 0 -1.3808886e-12 0.999872 -0.015999318 0.2 0.051938146 0.015977723 0.99852248 0 0 0 0 1
            0.99910014 -0.00067858988 -0.042408249 0 3.5221919e-11 0.999872 -0.015999316 0.2 0.042413678 0.015984919 0.99897225 0 0 0 0 1
            0.99955003 -0.00047990753 -0.02999166 0 -7.7221838e-12 0.999872 -0.015999318 0.2 0.0299955 0.015992119 0.99942209 0 0 0 0 1
            0.99987943 -0.00024844571 -0.015526531 0 1.8859949e-12 0.999872 -0.015999318 0.2 0.015528519 0.015997389 0.99975144 0 0 0 0 1
            1 -1.1756108e-19 -7.3469407e-18 0 -2.423318e-27 0.999872 -0.015999318 0.2 7.3478812e-18 0.015999318 0.999872 0 0 0 0 1
            0.99987943 0.00024844571 0.015526531 0 -1.8859949e-12 0.999872 -0.015999318 0.2 -0.015528519 0.015997389 0.99975144 0 0 0 0 1
            0.99955003 0.00047990753 0.02999166 0 7.7221838e-12 0.999872 -0.015999318 0.2 -0.0299955 0.015992119 0.99942209 0 0 0 0 1
            0.99910014 0.00067858988 0.042408249 0 -3.5221919e-11 0.999872 -0.015999316 0.2 -0.042413678 0.015984919 0.99897225 0 0 0 0 1
            0.9986503 0.00083097488 0.051931498 0 1.3808886e-12 0.999872 -0.015999318 0.2 -0.051938146 0.015977723 0.99852248 0 0 0 0 1
            0.99832105 0.00092673023 0.057915695 0 -7.5231661e-12 0.999872 -0.015999318 0.2 -0.057923109 0.015972456 0.99819326 0 0 0 0 1
            0.99820054 0.0009593832 0.059956331 0 4.2175643e-13 0.999872 -0.015999318 0.2 -0.059964006 0.015970528 0.99807277 0 0 0 0 1
            0.99832105 0.00092673023 0.057915695 0 -7.5231661e-12 0.999872 -0.015999318 0.2 -0.057923109 0.015972456 0.99819326 0 0 0 0 1
            0.9986503 0.00083097488 0.051931498 0 1.3808886e-12 0.999872 -0.015999318 0.2 -0.051938146 0.015977723 0.99852248 0 0 0 0 1
            0.99910014 0.00067858988 0.042408249 0 -3.5221919e-11 0.999872 -0.015999316 0.2 -0.042413678 0.015984919 0.99897225 0 0 0 0 1
            0.99955003 0.00047990753 0.02999166 0 7.7221838e-12 0.999872 -0.015999318 0.2 -0.0299955 0.015992119 0.99942209 0 0 0 0 1
            0.99987943 0.00024844571 0.015526531 0 -1.8859949e-12 0.999872 -0.015999318 0.2 -0.015528519 0.015997389 0.99975144 0 0 0 0 1
            1 0 0 0 0 0.999872 -0.015999318 0.2 0 0.015999318 0.999872 0 0 0 0 1
          </float_array>
          <technique_common>
            <accessor source="#Walk-Chest-output-array" count="25" stride="16">
              <param name="TRANSFORM" type="float4x4"/>
            </accessor>
          </technique_common>
        </source>
        <source id="Walk-Chest-interp">
          <Name_array id="Walk-Chest-interp-array" count="25">LINEAR LINEAR LINEAR LINEAR LINEAR LINEAR LINEAR LINEAR LINEAR LINEAR LINEAR LINEAR LINEAR LINEAR LINEAR LINEAR LINEAR LINEAR LINEAR LINEAR LINEAR LINEAR LINEAR LINEAR LINEAR</Name_array>
          <technique_common>
            <accessor source="#Walk-Chest-interp-array" count="25" stride="1">
              <param name="INTERPOLATION" type="name"/>
            </accessor>
          </technique_common>
        </source>
        <sampler id="Walk-Chest-sampler">
          <input semantic="INPUT" source="#Walk-Chest-input"/>
          <input semantic="OUTPUT" source="#Walk-Chest-output"/>
          <input semantic="INTERPOLATION" source="#Walk-Chest-interp"/>
        </sampler>
        <channel source="#Walk-Chest-sampler" target="Chest/matrix"/>
        <source id="Walk-Neck-input">
          <float_array id="Walk-Neck-input-array" count="25">
            0 0.041666668 0.083333336 0.125 0.16666667 0.20833333 0.25 0.29166666
            0.33333334 0.375 0.41666666 0.45833334 0.5 0.54166669 0.58333331 0.625
            0.66666669 0.70833331 0.75 0.79166669 0.83333331 0.875 0.91666669 0.95833331
            1
          </float_array>
          <technique_common>
            <accessor source="#Walk-Neck-input-array" count="25" stride="1">
              <param name="TIME" type="float"/>
            </accessor>
          </technique_common>
        </source>
        <source id="Walk-Neck-output">
          <float_array id="Walk-Neck-output-array" count="400">
            1 0 0 0 0 1 0 0.18000001 0 0 1 0 0 0 0 1
            1 0 0 0 0 1 0 0.18000001 0 0 1 0 0 0 0 1
            1 0 0 0 0 1 0 0.18000001 0 0 1 0 0 0 0 1
            1 0 0 0 0 1 0 0.18000001 0 0 1 0 0 0 0 1
            1 0 0 0 0 1 0 0.18000001 0 0 1 0 0 0 0 1
            1 0 0 0 0 1 0 0.18000001 0 0 1 0 0 0 0 1
            1 0 0 0 0 1 0 0.18000001 0 0 1 0 0 0 0 1
            1 0 0 0 0 1 0 0.18000001 0 0 1 0 0 0 0 1
            1 0 0 0 0 1 0 0.18000001 0 0 1 0 0 0 0 1
            1 0 0 0 0 1 0 0.18000001 0 0 1 0 0 0 0 1
            1 0 0 0 0 1 0 0.18000001 0 0 1 0 0 0 0 1
            1 0 0 0 0 1 0 0.18000001 0 0 1 0 0 0 0 1
            1 0 0 0 0 1 0 0.18000001 0 0 1 0 0 0 0 1
            1 0 0 0 0 1 0 0.18000001 0 0 1 0 0 0 0 1
            1 0 0 0 0 1 0 0.18000001 0 0 1 0 0 0 0 1
            1 0 0 0 0 1 0 0.18000001 0 0 1 0 0 0 0 1
            1 0 0 0 0 1 0 0.18000001 0 0 1 0 0 0 0 1
            1 0 0 0 0 1 0 0.18000001 0 0 1 0 0 0 0 1
            1 0 0 0 0 1 0 0.18000001 0 0 1 0 0 0 0 1
            1 0 0 0 0 1 0 0.18000001 0 0 1 0 0 0 0 1
            1 0 0 0 0 1 0 0.18000001 0 0 1 0 0 0 0 1
            1 0 0 0 0 1 0 0.18000001 0 0 1 0 0 0 0 1
            1 0 0 0 0 1 0 0.18000001 0 0 1 0 0 0 0 1
            1 0 0 0 0 1 0 0.18000001 0 0 1 0 0 0 0 1
            1 0 0 0 0 1 0 0.18000001 0 0 1 0 0 0 0 1
          </float_array>
          <technique_common>
            <accessor source="#Walk-Neck-output-array" count="25" stride="16">
              <param name="TRANSFORM" type="float4x4"/>
            </accessor>
          </technique_common>
        </source>
        <source id="Walk-Neck-interp">
          <Name_array id="Walk-Neck-interp-array" count="25">LINEAR LINEAR LINEAR LINEAR LINEAR LINEAR LINEAR LINEAR LINEAR LINEAR LINEAR LINEAR LINEAR LINEAR LINEAR LINEAR LINEAR LINEAR LINEAR LINEAR LINEAR LINEAR LINEAR LINEAR LINEAR</Name_array>
          <technique_common>
            <accessor source="#Walk-Neck-interp-array" count="25" stride="1">
              <param name="INTERPOLATION" type="name"/>
            </accessor>
          </technique_common>
        </source>
        <sampler id="Walk-Neck-sampler">
          <input semantic="INPUT" source="#Walk-Neck-input"/>
          <input semantic="OUTPUT" source="#Walk-Neck-output"/>
          <input semantic="INTERPOLATION" source="#Walk-Neck-interp"/>
        </sampler>
        <channel source="#Walk-Neck-sampler" target="Neck/matrix"/>
        <source id="Walk-Head-input">
          <float_array id="Walk-Head-input-array" count="25">
            0 0.041666668 0.083333336 0.125 0.16666667 0.20833333 0.25 0.29166666
            0.33333334 0.375 0.41666666 0.45833334 0.5 0.54166669 0.58333331 0.625
            0.66666669 0.70833331 0.75 0.79166669 0.83333331 0.875 0.91666669 0.95833331
            1
          </float_array>
          <technique_common>
            <accessor source="#Walk-Head-input-array" count="25" stride="1">
              <param name="TIME" type="float"/>
            </accessor>
          </technique_common>
        </source>
        <source id="Walk-Head-output">
          <float_array id="Walk-Head-output-array" count="400">
            1 -0 0 0 0 0.999928 0.011999712 0.1 -0 -0.011999712 0.999928 0 0 0 0 1
            0.99978565 -0.00024844257 0.020702554 0 1.1856531e-12 0.999928 0.011999712 0.1 -0.020704045 -0.01199714 0.99971366 0 0 0 0 1
            0.99920011 -0.00047986048 0.039986454 0 2.1672073e-12 0.999928 0.011999712 0.1 -0.039989333 -0.011990114 0.99912817 0 0 0 0 1
            0.99840043 -0.00067844423 0.056534307 0 -4.6262072e-12 0.999928 0.011999712 0.1 -0.056538378 -0.011980517 0.99832854 0 0 0 0 1
            0.99760096 -0.00083069948 0.069221635 0 1.9087365e-11 0.999928 0.011999711 0.1 -0.06922662 -0.011970924 0.99752913 0 0 0 0 1
            0.99701584 -0.00092634399 0.07719163 0 -1.1743757e-11 0.999928 0.011999712 0.1 -0.077197188 -0.011963903 0.99694406 0 0 0 0 1
            0.99680171 -0.00095895334 0.079908942 0 -1.0427423e-12 0.999928 0.011999712 0.1 -0.079914696 -0.011961334 0.99672994 0 0 0 0 1
            0.99701584 -0.00092634399 0.07719163 0 -1.1743757e-11 0.999928 0.011999712 0.1 -0.077197188 -0.011963903 0.99694406 0 0 0 0 1
            0.99760096 -0.00083069948 0.069221635 0 1.9087365e-11 0.999928 0.011999711 0.1 -0.06922662 -0.011970924 0.99752913 0 0 0 0 1
            0.99840043 -0.00067844423 0.056534307 0 -4.6262072e-12 0.999928 0.011999712 0.1 -0.056538378 -0.011980517 0.99832854 0 0 0 0 1
            0.99920011 -0.00047986048 0.039986454 0 2.1672073e-12 0.999928 0.011999712 0.1 -0.039989333 -0.011990114 0.99912817 0 0 0 0 1
            0.99978565 -0.00024844257 0.020702554 0 1.1856531e-12 0.999928 0.011999712 0.1 -0.020704045 -0.01199714 0.99971366 0 0 0 0 1
            1 -1.1756327e-19 9.7964691e-18 0 -4.199246e-27 0.999928 0.011999712 0.1 -9.7971745e-18 -0.011999712 0.999928 0 0 0 0 1
            0.99978565 0.00024844257 -0.020702554 0 -1.1856531e-12 0.999928 0.011999712 0.1 0.020704045 -0.01199714 0.99971366 0 0 0 0 1
            0.99920011 0.00047986048 -0.039986454 0 -2.1672073e-12 0.999928 0.011999712 0.1 0.039989333 -0.011990114 0.99912817 0 0 0 0 1
            0.99840043 0.00067844423 -0.056534307 0 4.6262072e-12 0.999928 0.011999712 0.1 0.056538378 -0.011980517 0.99832854 0 0 0 0 1
            0.99760096 0.00083069948 -0.069221635 0 -1.9087365e-11 0.999928 0.011999711 0.1 0.06922662 -0.011970924 0.99752913 0 0 0 0 1
            0.99701584 0.00092634399 -0.07719163 0 1.1743757e-11 0.999928 0.011999712 0.1 0.077197188 -0.011963903 0.99694406 0 0 0 0 1
            0.99680171 0.00095895334 -0.079908942 0 1.0427423e-12 0.999928 0.011999712 0.1 0.079914696 -0.011961334 0.99672994 0 0 0 0 1
            0.99701584 0.00092634399 -0.07719163 0 1.1743757e-11 0.999928 0.011999712 0.1 0.077197188 -0.011963903 0.99694406 0 0 0 0 1
            0.99760096 0.00083069948 -0.069221635 0 -1.9087365e-11 0.999928 0.011999711 0.1 0.06922662 -0.011970924 0.99752913 0 0 0 0 1
            0.99840043 0.00067844423 -0.056534307 0 4.6262072e-12 0.999928 0.011999712 0.1 0.056538378 -0.011980517 0.99832854 0 0 0 0 1
            0.99920011 0.00047986048 -0.039986454 0 -2.1672073e-12 0.999928 0.011999712 0.1 0.039989333 -0.011990114 0.99912817 0 0 0 0 1
            0.99978565 0.00024844257 -0.020702554 0 -1.1856531e-12 0.999928 0.011999712 0.1 0.020704045 -0.01199714 0.99971366 0 0 0 0 1
            1 -0 0 0 0 0.999928 0.011999712 0.1 -0 -0.011999712 0.999928 0 0 0 0 1
          </float_array>
          <technique_common>
            <accessor source="#Walk-Head-output-array" count="25" stride="16">
              <param name="TRANSFORM" type="float4x4"/>
            </accessor>
          </technique_common>
        </source>
        <source id="Walk-Head-interp">
          <Name_array id="Walk-Head-interp-array" count="25">LINEAR LINEAR LINEAR LINEAR LINEAR LINEAR LINEAR LINEAR LINEAR LINEAR LINEAR LINEAR LINEAR LINEAR LINEAR LINEAR LINEAR LINEAR LINEAR LINEAR LINEAR LINEAR LINEAR LINEAR LINEAR</Name_array>
          <technique_common>
            <accessor source="#Walk-Head-interp-array" count="25" stride="1">
              <param name="INTERPOLATION" type="name"/>
            </accessor>
          </technique_common>
        </source>
        <sampler id="Walk-Head-sampler">
          <input semantic="INPUT" source="#Walk-Head-input"/>
          <input semantic="OUTPUT" source="#Walk-Head-output"/>
          <input semantic="INTERPOLATION" source="#Walk-Head-interp"/>
        </sampler>
        <channel source="#Walk-Head-sampler" target="Head/matrix"/>
        <source id="Walk-UpperArm_L-input">
          <float_array id="Walk-UpperArm_L-input-array" count="25">
            0 0.041666668 0.083333336 0.125 0.16666667 0.20833333 0.25 0.29166666
            0.33333334 0.375 0.41666666 0.45833334 0.5 0.54166669 0.58333331 0.625
            0.66666669 0.70833331 0.75 0.79166669 0.83333331 0.875 0.91666669 0.95833331
            1
          </float_array>
          <technique_common>
            <accessor source="#Walk-UpperArm_L-input-array" count="25" stride="1">
              <param name="TIME" type="float"/>
            </accessor>
          </technique_common>
        </source>
        <source id="Walk-UpperArm_L-output">
          <float_array id="Walk-UpperArm_L-output-array" count="400">
            0.99680171 -0.079914693 0 -0.2 0.079914693 0.99680171 0 0.1 0 0 1 0 0 0 0 1
            0.99680171 -0.079486815 0.0082586069 -0.2 0.079914695 0.99146463 -0.10301226 0.1 -2.876285e-10 0.10334278 0.9946458 0 0 0 0 1
            0.99680171 -0.078321719 0.015876599 -0.2 0.079914693 0.97693204 -0.19803392 0.1 -7.1419208e-10 0.19866933 0.98006658 0 0 0 0 1
            0.99680171 -0.076739358 0.022303116 -0.2 0.079914692 0.95719474 -0.27819395 0.1 2.7997327e-11 0.27908655 0.96026595 0 0 0 0 1
            0.99680171 -0.07516757 0.027132909 -0.2 0.079914695 0.9375893 -0.33843751 0.1 1.8390289e-10 0.33952341 0.94059761 0 0 0 0 1
            0.99680171 -0.074023617 0.030114159 -0.2 0.079914695 0.92332039 -0.3756236 0.1 9.6057645e-10 0.37682881 0.92628292 0 0 0 0 1
            0.99680171 -0.07360631 0.03112025 -0.2 0.079914697 0.91811516 -0.38817288 0.1 2.9668746e-10 0.38941836 0.92106099 0 0 0 0 1
            0.99680171 -0.074023617 0.030114159 -0.2 0.079914695 0.92332039 -0.3756236 0.1 9.6057645e-10 0.37682881 0.92628292 0 0 0 0 1
            0.99680171 -0.07516757 0.027132909 -0.2 0.079914695 0.9375893 -0.33843751 0.1 1.8390289e-10 0.33952341 0.94059761 0 0 0 0 1
            0.99680171 -0.076739358 0.022303116 -0.2 0.079914692 0.95719474 -0.27819395 0.1 2.7997327e-11 0.27908655 0.96026595 0 0 0 0 1
            0.99680171 -0.078321719 0.015876599 -0.2 0.079914693 0.97693204 -0.19803392 0.1 -7.1419208e-10 0.19866933 0.98006658 0 0 0 0 1
            0.99680171 -0.079486815 0.0082586069 -0.2 0.079914695 0.99146463 -0.10301226 0.1 -2.876285e-10 0.10334278 0.9946458 0 0 0 0 1
            0.99680171 -0.079914693 3.9146909e-18 -0.2 0.079914693 0.99680171 -4.8829201e-17 0.1 1.7832829e-26 4.8985872e-17 1 0 0 0 0 1
            0.99680171 -0.079486815 -0.0082586069 -0.2 0.079914695 0.99146463 0.10301226 0.1 2.876285e-10 -0.10334278 0.9946458 0 0 0 0 1
            0.99680171 -0.078321719 -0.015876599 -0.2 0.079914693 0.97693204 0.19803392 0.1 7.1419208e-10 -0.19866933 0.98006658 0 0 0 0 1
            0.99680171 -0.076739358 -0.022303116 -0.2 0.079914692 0.95719474 0.27819395 0.1 -2.7997327e-11 -0.27908655 0.96026595 0 0 0 0 1
            0.99680171 -0.07516757 -0.027132909 -0.2 0.079914695 0.9375893 0.33843751 0.1 -1.8390289e-10 -0.33952341 0.94059761 0 0 0 0 1
            0.99680171 -0.074023617 -0.030114159 -0.2 0.079914695 0.92332039 0.3756236 0.1 -9.6057645e-10 -0.37682881 0.92628292 0 0 0 0 1
            0.99680171 -0.07360631 -0.03112025 -0.2 0.079914697 0.91811516 0.38817288 0.1 -2.9668746e-10 -0.38941836 0.92106099 0 0 0 0 1
            0.99680171 -0.074023617 -0.030114159 -0.2 0.079914695 0.92332039 0.3756236 0.1 -9.6057645e-10 -0.37682881 0.92628292 0 0 0 0 1
            0.99680171 -0.07516757 -0.027132909 -0.2 0.079914695 0.9375893 0.33843751 0.1 -1.8390289e-10 -0.33952341 0.94059761 0 0 0 0 1
            0.99680171 -0.076739358 -0.022303116 -0.2 0.079914692 0.95719474 0.27819395 0.1 -2.7997327e-11 -0.27908655 0.96026595 0 0 0 0 1
            0.99680171 -0.078321719 -0.015876599 -0.2 0.079914693 0.97693204 0.19803392 0.1 7.1419208e-10 -0.19866933 0.98006658 0 0 0 0 1
            0.99680171 -0.079486815 -0.0082586069 -0.2 0.079914695 0.99146463 0.10301226 0.1 2.876285e-10 -0.10334278 0.9946458 0 0 0 0 1
            0.99680171 -0.079914693 0 -0.2 0.079914693 0.99680171 0 0.1 0 0 1 0 0 0 0 1
          </float_array>
          <technique_common>
            <accessor source="#Walk-UpperArm_L-output-array" count="25" stride="16">
              <param name="TRANSFORM" type="float4x4"/>
            </accessor>
          </technique_common>
        </source>
        <source id="Walk-UpperArm_L-interp">
          <Name_array id="Walk-UpperArm_L-interp-array" count="25">LINEAR LINEAR LINEAR LINEAR LINEAR LINEAR LINEAR LINEAR LINEAR LINEAR LINEAR LINEAR LINEAR LINEAR LINEAR LINEAR LINEAR LINEAR LINEAR LINEAR LINEAR LINEAR LINEAR LINEAR LINEAR</Name_array>
          <technique_common>
            <accessor source="#Walk-UpperArm_L-interp-array" count="25" stride="1">
              <param name="INTERPOLATION" type="name"/>
            </accessor>
          </technique_common>
        </source>
        <sampler id="Walk-UpperArm_L-sampler">
          <input semantic="INPUT" source="#Walk-UpperArm_L-input"/>
          <input semantic="OUTPUT" source="#Walk-UpperArm_L-output"/>
          <input semantic="INTERPOLATION" source="#Walk-UpperArm_L-interp"/>
        </sampler>
        <channel source="#Walk-UpperArm_L-sampler" target="UpperArm_L/matrix"/>
        <source id="Walk-LowerArm_L-input">
          <float_array id="Walk-LowerArm_L-input-array" count="25">
            0 0.041666668 0.083333336 0.125 0.16666667 0.20833333 0.25 0.29166666
            0.33333334 0.375 0.41666666 0.45833334 0.5 0.54166669 0.58333331 0.625
            0.66666669 0.70833331 0.75 0.79166669 0.83333331 0.875 0.91666669 0.95833331
            1
          </float_array>
          <technique_common>
            <accessor source="#Walk-LowerArm_L-input-array" count="25" stride="1">
              <param name="TIME" type="float"/>
            </accessor>
          </technique_common>
        </source>
        <source id="Walk-LowerArm_L-output">
          <float_array id="Walk-LowerArm_L-output-array" count="400">
            1 0 0 0 0 0.96891242 -0.24740395 -0.23999999 0 0.24740395 0.96891242 0 0 0 0 1
            1 0 0 0 0 0.96891242 -0.24740395 -0.23999999 0 0.24740395 0.96891242 0 0 0 0 1
            1 0 0 0 0 0.96891242 -0.24740395 -0.23999999 0 0.24740395 0.96891242 0 0 0 0 1
            1 0 0 0 0 0.96891242 -0.24740395 -0.23999999 0 0.24740395 0.96891242 0 0 0 0 1
            1 0 0 0 0 0.96891242 -0.24740395 -0.23999999 0 0.24740395 0.96891242 0 0 0 0 1
            1 0 0 0 0 0.96891242 -0.24740395 -0.23999999 0 0.24740395 0.96891242 0 0 0 0 1
            1 0 0 0 0 0.96891242 -0.24740395 -0.23999999 0 0.24740395 0.96891242 0 0 0 0 1
            1 0 0 0 0 0.96891242 -0.24740395 -0.23999999 0 0.24740395 0.96891242 0 0 0 0 1
            1 0 0 0 0 0.96891242 -0.24740395 -0.23999999 0 0.24740395 0.96891242 0 0 0 0 1
            1 0 0 0 0 0.96891242 -0.24740395 -0.23999999 0 0.24740395 0.96891242 0 0 0 0 1
            1 0 0 0 0 0.96891242 -0.24740395 -0.23999999 0 0.24740395 0.96891242 0 0 0 0 1
            1 0 0 0 0 0.96891242 -0.24740395 -0.23999999 0 0.24740395 0.96891242 0 0 0 0 1
            1 0 0 0 0 0.96891242 -0.24740395 -0.23999999 0 0.24740395 0.96891242 0 0 0 0 1
            1 0 0 0 0 0.95088781 -0.30953574 -0.23999999 0 0.30953574 0.95088781 0 0 0 0 1
            1 0 0 0 0 0.93050763 -0.36627252 -0.23999999 0 0.36627252 0.93050763 0 0 0 0 1
            1 0 0 0 0 0.91030472 -0.41393878 -0.23999999 0 0.41393878 0.91030472 0 0 0 0 1
            1 0 0 0 0 0.89314507 -0.4497687 -0.23999999 0 0.4497687 0.89314507 0 0 0 0 1
            1 0 0 0 0 0.88163468 -0.4719325 -0.23999999 0 0.4719325 0.88163468 0 0 0 0 1
            1 0 0 0 0 0.87758256 -0.47942555 -0.23999999 0 0.47942555 0.87758256 0 0 0 0 1
            1 0 0 0 0 0.88163468 -0.4719325 -0.23999999 0 0.4719325 0.88163468 0 0 0 0 1
            1 0 0 0 0 0.89314507 -0.4497687 -0.23999999 0 0.4497687 0.89314507 0 0 0 0 1
            1 0 0 0 0 0.91030472 -0.41393878 -0.23999999 0 0.41393878 0.91030472 0 0 0 0 1
            1 0 0 0 0 0.93050763 -0.36627252 -0.23999999 0 0.36627252 0.93050763 0 0 0 0 1
            1 0 0 0 0 0.95088781 -0.30953574 -0.23999999 0 0.30953574 0.95088781 0 0 0 0 1
            1 0 0 0 0 0.96891242 -0.24740395 -0.23999999 0 0.24740395 0.96891242 0 0 0 0 1
          </float_array>
          <technique_common>
            <accessor source="#Walk-LowerArm_L-output-array" count="25" stride="16">
              <param name="TRANSFORM" type="float4x4"/>
            </accessor>
          </technique_common>
        </source>
        <source id="Walk-LowerArm_L-interp">
          <Name_array id="Walk-LowerArm_L-interp-array" count="25">LINEAR LINEAR LINEAR LINEAR LINEAR LINEAR LINEAR LINEAR LINEAR LINEAR LINEAR LINEAR LINEAR LINEAR LINEAR LINEAR LINEAR LINEAR LINEAR LINEAR LINEAR LINEAR LINEAR LINEAR LINEAR</Name_array>
          <technique_common>
            <accessor source="#Walk-LowerArm_L-interp-array" count="25" stride="1">
              <param name="INTERPOLATION" type="name"/>
            </accessor>
          </technique_common>
        </source>
        <sampler id="Walk-LowerArm_L-sampler">
          <input semantic="INPUT" source="#Walk-LowerArm_L-input"/>
          <input semantic="OUTPUT" source="#Walk-LowerArm_L-output"/>
          <input semantic="INTERPOLATION" source="#Walk-LowerArm_L-interp"/>
        </sampler>
        <channel source="#Walk-LowerArm_L-sampler" target="LowerArm_L/matrix"/>
        <source id="Walk-Hand_L-input">
          <float_array id="Walk-Hand_L-input-array" count="25">
            0 0.041666668 0.083333336 0.125 0.16666667 0.20833333 0.25 0.29166666
            0.33333334 0.375 0.41666666 0.45833334 0.5 0.54166669 0.58333331 0.625
            0.66666669 0.70833331 0.75 0.79166669 0.83333331 0.875 0.91666669 0.95833331
            1
          </float_array>
          <technique_common>
            <accessor source="#Walk-Hand_L-input-array" count="25" stride="1">
              <param name="TIME" type="float"/>
            </accessor>
          </technique_common>
        </source>
        <source id="Walk-Hand_L-output">
          <float_array id="Walk-Hand_L-output-array" count="400">
            1 0 0 0 0 1 0 -0.22 0 0 1 0 0 0 0 1
            1 0 0 0 0 1 0 -0.22 0 0 1 0 0 0 0 1
            1 0 0 0 0 1 0 -0.22 0 0 1 0 0 0 0 1
            1 0 0 0 0 1 0 -0.22 0 0 1 0 0 0 0 1
            1 0 0 0 0 1 0 -0.22 0 0 1 0 0 0 0 1
            1 0 0 0 0 1 0 -0.22 0 0 1 0 0 0 0 1
            1 0 0 0 0 1 0 -0.22 0 0 1 0 0 0 0 1
            1 0 0 0 0 1 0 -0.22 0 0 1 0 0 0 0 1
            1 0 0 0 0 1 0 -0.22 0 0 1 0 0 0 0 1
            1 0 0 0 0 1 0 -0.22 0 0 1 0 0 0 0 1
            1 0 0 0 0 1 0 -0.22 0 0 1 0 0 0 0 1
            1 0 0 0 0 1 0 -0.22 0 0 1 0 0 0 0 1
            1 0 0 0 0 1 0 -0.22 0 0 1 0 0 0 0 1
            1 0 0 0 0 1 0 -0.22 0 0 1 0 0 0 0 1
            1 0 0 0 0 1 0 -0.22 0 0 1 0 0 0 0 1
            1 0 0 0 0 1 0 -0.22 0 0 1 0 0 0 0 1
            1 0 0 0 0 1 0 -0.22 0 0 1 0 0 0 0 1
            1 0 0 0 0 1 0 -0.22 0 0 1 0 0 0 0 1
            1 0 0 0 0 1 0 -0.22 0 0 1 0 0 0 0 1
            1 0 0 0 0 1 0 -0.22 0 0 1 0 0 0 0 1
            1 0 0 0 0 1 0 -0.22 0 0 1 0 0 0 0 1
            1 0 0 0 0 1 0 -0.22 0 0 1 0 0 0 0 1
            1 0 0 0 0 1 0 -0.22 0 0 1 0 0 0 0 1
            1 0 0 0 0 1 0 -0.22 0 0 1 0 0 0 0 1
            1 0 0 0 0 1 0 -0.22 0 0 1 0 0 0 0 1
          </float_array>
          <technique_common>
            <accessor source="#Walk-Hand_L-output-array" count="25" stride="16">
              <param name="TRANSFORM" type="float4x4"/>
            </accessor>
          </technique_common>
        </source>
        <source id="Walk-Hand_L-interp">
          <Name_array id="Walk-Hand_L-interp-array" count="25">LINEAR LINEAR LINEAR LINEAR LINEAR LINEAR LINEAR LINEAR LINEAR LINEAR LINEAR LINEAR LINEAR LINEAR LINEAR LINEAR LINEAR LINEAR LINEAR LINEAR LINEAR LINEAR LINEAR LINEAR LINEAR</Name_array>
          <technique_common>
            <accessor source="#Walk-Hand_L-interp-array" count="25" stride="1">
              <param name="INTERPOLATION" type="name"/>
            </accessor>
          </technique_common>
        </source>
        <sampler id="Walk-Hand_L-sampler">
          <input semantic="INPUT" source="#Walk-Hand_L-input"/>
          <input semantic="OUTPUT" source="#Walk-Hand_L-output"/>
          <input semantic="INTERPOLATION" source="#Walk-Hand_L-interp"/>
        </sampler>
        <channel source="#Walk-Hand_L-sampler" target="Hand_L/matrix"/>
        <source id="Walk-UpperArm_R-input">
          <float_array id="Walk-UpperArm_R-input-array" count="25">
            0 0.041666668 0.083333336 0.125 0.16666667 0.20833333 0.25 0.29166666
            0.33333334 0.375 0.41666666 0.45833334 0.5 0.54166669 0.58333331 0.625
            0.66666669 0.70833331 0.75 0.79166669 0.83333331 0.875 0.91666669 0.95833331
            1
          </float_array>
          <technique_common>
            <accessor source="#Walk-UpperArm_R-input-array" count="25" stride="1">
              <param name="TIME" type="float"/>
            </accessor>
          </technique_common>
        </source>
        <source id="Walk-UpperArm_R-output">
          <float_array id="Walk-UpperArm_R-output-array" count="400">
            0.99680171 0.079914693 0 0.2 -0.079914693 0.99680171 -0 0.1 -0 0 1 0 0 0 0 1
            0.99680171 0.079486815 0.0082586069 0.2 -0.079914695 0.99146463 0.10301226 0.1 -2.876285e-10 -0.10334278 0.9946458 0 0 0 0 1
            0.99680171 0.078321719 0.015876599 0.2 -0.079914693 0.97693204 0.19803392 0.1 -7.1419208e-10 -0.19866933 0.98006658 0 0 0 0 1
            0.99680171 0.076739358 0.022303116 0.2 -0.079914692 0.95719474 0.27819395 0.1 2.7997327e-11 -0.27908655 0.96026595 0 0 0 0 1
            0.99680171 0.07516757 0.027132909 0.2 -0.079914695 0.9375893 0.33843751 0.1 1.8390289e-10 -0.33952341 0.94059761 0 0 0 0 1
            0.99680171 0.074023617 0.030114159 0.2 -0.079914695 0.92332039 0.3756236 0.1 9.6057645e-10 -0.37682881 0.92628292 0 0 0 0 1
            0.99680171 0.07360631 0.03112025 0.2 -0.079914697 0.91811516 0.38817288 0.1 2.9668746e-10 -0.38941836 0.92106099 0 0 0 0 1
            0.99680171 0.074023617 0.030114159 0.2 -0.079914695 0.92332039 0.3756236 0.1 9.6057645e-10 -0.37682881 0.92628292 0 0 0 0 1
            0.99680171 0.07516757 0.027132909 0.2 -0.079914695 0.9375893 0.33843751 0.1 1.8390289e-10 -0.33952341 0.94059761 0 0 0 0 1
            0.99680171 0.076739358 0.022303116 0.2 -0.079914692 0.95719474 0.27819395 0.1 2.7997327e-11 -0.27908655 0.96026595 0 0 0 0 1
            0.99680171 0.078321719 0.015876599 0.2 -0.079914693 0.97693204 0.19803392 0.1 -7.1419208e-10 -0.19866933 0.98006658 0 0 0 0 1
            0.99680171 0.079486815 0.0082586069 0.2 -0.079914695 0.99146463 0.10301226 0.1 -2.876285e-10 -0.10334278 0.9946458 0 0 0 0 1
            0.99680171 0.079914693 3.9146909e-18 0.2 -0.079914693 0.99680171 4.8829201e-17 0.1 1.7832829e-26 -4.8985872e-17 1 0 0 0 0 1
            0.99680171 0.079486815 -0.0082586069 0.2 -0.079914695 0.99146463 -0.10301226 0.1 2.876285e-10 0.10334278 0.9946458 0 0 0 0 1
            0.99680171 0.078321719 -0.015876599 0.2 -0.079914693 0.97693204 -0.19803392 0.1 7.1419208e-10 0.19866933 0.98006658 0 0 0 0 1
            0.99680171 0.076739358 -0.022303116 0.2 -0.079914692 0.95719474 -0.27819395 0.1 -2.7997327e-11 0.27908655 0.96026595 0 0 0 0 1
            0.99680171 0.07516757 -0.027132909 0.2 -0.079914695 0.9375893 -0.33843751 0.1 -1.8390289e-10 0.33952341 0.94059761 0 0 0 0 1
            0.99680171 0.074023617 -0.030114159 0.2 -0.079914695 0.92332039 -0.3756236 0.1 -9.6057645e-10 0.37682881 0.92628292 0 0 0 0 1
            0.99680171 0.07360631 -0.03112025 0.2 -0.079914697 0.91811516 -0.38817288 0.1 -2.9668746e-10 0.38941836 0.92106099 0 0 0 0 1
            0.99680171 0.074023617 -0.030114159 0.2 -0.079914695 0.92332039 -0.3756236 0.1 -9.6057645e-10 0.37682881 0.92628292 0 0 0 0 1
            0.99680171 0.07516757 -0.027132909 0.2 -0.079914695 0.9375893 -0.33843751 0.1 -1.8390289e-10 0.33952341 0.94059761 0 0 0 0 1
            0.99680171 0.076739358 -0.022303116 0.2 -0.079914692 0.95719474 -0.27819395 0.1 -2.7997327e-11 0.27908655 0.96026595 0 0 0 0 1
            0.99680171 0.078321719 -0.015876599 0.2 -0.079914693 0.97693204 -0.19803392 0.1 7.1419208e-10 0.19866933 0.98006658 0 0 0 0 1
            0.99680171 0.079486815 -0.0082586069 0.2 -0.079914695 0.99146463 -0.10301226 0.1 2.876285e-10 0.10334278 0.9946458 0 0 0 0 1
            0.99680171 0.079914693 0 0.2 -0.079914693 0.99680171 -0 0.1 -0 0 1 0 0 0 0 1
          </float_array>
          <technique_common>
            <accessor source="#Walk-UpperArm_R-output-array" count="25" stride="16">
              <param name="TRANSFORM" type="float4x4"/>
            </accessor>
          </technique_common>
        </source>
        <source id="Walk-UpperArm_R-interp">
          <Name_array id="Walk-UpperArm_R-interp-array" count="25">LINEAR LINEAR LINEAR LINEAR LINEAR LINEAR LINEAR LINEAR LINEAR LINEAR LINEAR LINEAR LINEAR LINEAR LINEAR LINEAR LINEAR LINEAR LINEAR LINEAR LINEAR LINEAR LINEAR LINEAR LINEAR</Name_array>
          <technique_common>
            <accessor source="#Walk-UpperArm_R-interp-array" count="25" stride="1">
              <param name="INTERPOLATION" type="name"/>
            </accessor>
          </technique_common>
        </source>
        <sampler id="Walk-UpperArm_R-sampler">
          <input semantic="INPUT" source="#Walk-UpperArm_R-input"/>
          <input semantic="OUTPUT" source="#Walk-UpperArm_R-output"/>
          <input semantic="INTERPOLATION" source="#Walk-UpperArm_R-interp"/>
        </sampler>
        <channel source="#Walk-UpperArm_R-sampler" target="UpperArm_R/matrix"/>
        <source id="Walk-LowerArm_R-input">
          <float_array id="Walk-LowerArm_R-input-array" count="25">
            0 0.041666668 0.083333336 0.125 0.16666667 0.20833333 0.25 0.29166666
            0.33333334 0.375 0.41666666 0.45833334 0.5 0.54166669 0.58333331 0.625
            0.66666669 0.70833331 0.75 0.79166669 0.83333331 0.875 0.91666669 0.95833331
            1
          </float_array>
          <technique_common>
            <accessor source="#Walk-LowerArm_R-input-array" count="25" stride="1">
              <param name="TIME" type="float"/>
            </accessor>
          </technique_common>
        </source>
        <source id="Walk-LowerArm_R-output">
          <float_array id="Walk-LowerArm_R-output-array" count="400">
            1 0 0 0 0 0.96891242 -0.24740395 -0.23999999 0 0.24740395 0.96891242 0 0 0 0 1
            1 0 0 0 0 0.95088781 -0.30953574 -0.23999999 0 0.30953574 0.95088781 0 0 0 0 1
            1 0 0 0 0 0.93050763 -0.36627252 -0.23999999 0 0.36627252 0.93050763 0 0 0 0 1
            1 0 0 0 0 0.91030472 -0.41393878 -0.23999999 0 0.41393878 0.91030472 0 0 0 0 1
            1 0 0 0 0 0.89314507 -0.4497687 -0.23999999 0 0.4497687 0.89314507 0 0 0 0 1
            1 0 0 0 0 0.88163468 -0.4719325 -0.23999999 0 0.4719325 0.88163468 0 0 0 0 1
            1 0 0 0 0 0.87758256 -0.47942555 -0.23999999 0 0.47942555 0.87758256 0 0 0 0 1
            1 0 0 0 0 0.88163468 -0.4719325 -0.23999999 0 0.4719325 0.88163468 0 0 0 0 1
            1 0 0 0 0 0.89314507 -0.4497687 -0.23999999 0 0.4497687 0.89314507 0 0 0 0 1
            1 0 0 0 0 0.91030472 -0.41393878 -0.23999999 0 0.41393878 0.91030472 0 0 0 0 1
            1 0 0 0 0 0.93050763 -0.36627252 -0.23999999 0 0.36627252 0.93050763 0 0 0 0 1
            1 0 0 0 0 0.95088781 -0.30953574 -0.23999999 0 0.30953574 0.95088781 0 0 0 0 1
            1 0 0 0 0 0.96891242 -0.24740395 -0.23999999 0 0.24740395 0.96891242 0 0 0 0 1
            1 0 0 0 0 0.96891242 -0.24740395 -0.23999999 0 0.24740395 0.96891242 0 0 0 0 1
            1 0 0 0 0 0.96891242 -0.24740395 -0.23999999 0 0.24740395 0.96891242 0 0 0 0 1
            1 0 0 0 0 0.96891242 -0.24740395 -0.23999999 0 0.24740395 0.96891242 0 0 0 0 1
            1 0 0 0 0 0.96891242 -0.24740395 -0.23999999 0 0.24740395 0.96891242 0 0 0 0 1
            1 0 0 0 0 0.96891242 -0.24740395 -0.23999999 0 0.24740395 0.96891242 0 0 0 0 1
            1 0 0 0 0 0.96891242 -0.24740395 -0.23999999 0 0.24740395 0.96891242 0 0 0 0 1
            1 0 0 0 0 0.96891242 -0.24740395 -0.23999999 0 0.24740395 0.96891242 0 0 0 0 1
            1 0 0 0 0 0.96891242 -0.24740395 -0.23999999 0 0.24740395 0.96891242 0 0 0 0 1
            1 0 0 0 0 0.96891242 -0.24740395 -0.23999999 0 0.24740395 0.96891242 0 0 0 0 1
            1 0 0 0 0 0.96891242 -0.24740395 -0.23999999 0 0.24740395 0.96891242 0 0 0 0 1
            1 0 0 0 0 0.96891242 -0.24740395 -0.23999999 0 0.24740395 0.96891242 0 0 0 0 1
            1 0 0 0 0 0.96891242 -0.24740395 -0.23999999 0 0.24740395 0.96891242 0 0 0 0 1
          </float_array>
          <technique_common>
            <accessor source="#Walk-LowerArm_R-output-array" count="25" stride="16">
              <param name="TRANSFORM" type="float4x4"/>
            </accessor>
          </technique_common>
        </source>
        <source id="Walk-LowerArm_R-interp">
          <Name_array id="Walk-LowerArm_R-interp-array" count="25">LINEAR LINEAR LINEAR LINEAR LINEAR LINEAR LINEAR LINEAR LINEAR LINEAR LINEAR LINEAR LINEAR LINEAR LINEAR LINEAR LINEAR LINEAR LINEAR LINEAR LINEAR LINEAR LINEAR LINEAR LINEAR</Name_array>
          <technique_common>
            <accessor source="#Walk-LowerArm_R-interp-array" count="25" stride="1">
              <param name="INTERPOLATION" type="name"/>
            </accessor>
          </technique_common>
        </source>
        <sampler id="Walk-LowerArm_R-sampler">
          <input semantic="INPUT" source="#Walk-LowerArm_R-input"/>
          <input semantic="OUTPUT" source="#Walk-LowerArm_R-output"/>
          <input semantic="INTERPOLATION" source="#Walk-LowerArm_R-interp"/>
        </sampler>
        <channel source="#Walk-LowerArm_R-sampler" target="LowerArm_R/matrix"/>
        <source id="Walk-Hand_R-input">
          <float_array id="Walk-Hand_R-input-array" count="25">
            0 0.041666668 0.083333336 0.125 0.16666667 0.20833333 0.25 0.29166666
            0.33333334 0.375 0.41666666 0.45833334 0.5 0.54166669 0.58333331 0.625
            0.66666669 0.70833331 0.75 0.79166669 0.83333331 0.875 0.91666669 0.95833331
            1
          </float_array>
          <technique_common>
            <accessor source="#Walk-Hand_R-input-array" count="25" stride="1">
              <param name="TIME" type="float"/>
            </accessor>
          </technique_common>
        </source>
        <source id="Walk-Hand_R-output">
          <float_array id="Walk-Hand_R-output-array" count="400">
            1 0 0 0 0 1 0 -0.22 0 0 1 0 0 0 0 1
            1 0 0 0 0 1 0 -0.22 0 0 1 0 0 0 0 1
            1 0 0 0 0 1 0 -0.22 0 0 1 0 0 0 0 1
            1 0 0 0 0 1 0 -0.22 0 0 1 0 0 0 0 1
            1 0 0 0 0 1 0 -0.22 0 0 1 0 0 0 0 1
            1 0 0 0 0 1 0 -0.22 0 0 1 0 0 0 0 1
            1 0 0 0 0 1 0 -0.22 0 0 1 0 0 0 0 1
            1 0 0 0 0 1 0 -0.22 0 0 1 0 0 0 0 1
            1 0 0 0 0 1 0 -0.22 0 0 1 0 0 0 0 1
            1 0 0 0 0 1 0 -0.22 0 0 1 0 0 0 0 1
            1 0 0 0 0 1 0 -0.22 0 0 1 0 0 0 0 1
            1 0 0 0 0 1 0 -0.22 0 0 1 0 0 0 0 1
            1 0 0 0 0 1 0 -0.22 0 0 1 0 0 0 0 1
            1 0 0 0 0 1 0 -0.22 0 0 1 0 0 0 0 1
            1 0 0 0 0 1 0 -0.22 0 0 1 0 0 0 0 1
            1 0 0 0 0 1 0 -0.22 0 0 1 0 0 0 0 1
            1 0 0 0 0 1 0 -0.22 0 0 1 0 0 0 0 1
            1 0 0 0 0 1 0 -0.22 0 0 1 0 0 0 0 1
            1 0 0 0 0 1 0 -0.22 0 0 1 0 0 0 0 1
            1 0 0 0 0 1 0 -0.22 0 0 1 0 0 0 0 1
            1 0 0 0 0 1 0 -0.22 0 0 1 0 0 0 0 1
            1 0 0 0 0 1 0 -0.22 0 0 1 0 0 0 0 1
            1 0 0 0 0 1 0 -0.22 0 0 1 0 0 0 0 1
            1 0 0 0 0 1 0 -0.22 0 0 1 0 0 0 0 1
            1 0 0 0 0 1 0 -0.22 0 0 1 0 0 0 0 1
          </float_array>
          <technique_common>
            <accessor source="#Walk-Hand_R-output-array" count="25" stride="16">
              <param name="TRANSFORM" type="float4x4"/>
            </accessor>
          </technique_common>
        </source>
        <source id="Walk-Hand_R-interp">
          <Name_array id="Walk-Hand_R-interp-array" count="25">LINEAR LINEAR LINEAR LINEAR LINEAR LINEAR LINEAR LINEAR LINEAR LINEAR LINEAR LINEAR LINEAR LINEAR LINEAR LINEAR LINEAR LINEAR LINEAR LINEAR LINEAR LINEAR LINEAR LINEAR LINEAR</Name_array>
          <technique_common>
            <accessor source="#Walk-Hand_R-interp-array" count="25" stride="1">
              <param name="INTERPOLATION" type="name"/>
            </accessor>
          </technique_common>
        </source>
        <sampler id="Walk-Hand_R-sampler">
          <input semantic="INPUT" source="#Walk-Hand_R-input"/>
          <input semantic="OUTPUT" source="#Walk-Hand_R-output"/>
          <input semantic="INTERPOLATION" source="#Walk-Hand_R-interp"/>
        </sampler>
        <channel source="#Walk-Hand_R-sampler" target="Hand_R/matrix"/>
        <source id="Walk-UpperLeg_L-input">
          <float_array id="Walk-UpperLeg_L-input-array" count="25">
            0 0.041666668 0.083333336 0.125 0.16666667 0.20833333 0.25 0.29166666
            0.33333334 0.375 0.41666666 0.45833334 0.5 0.54166669 0.58333331 0.625
            0.66666669 0.70833331 0.75 0.79166669 0.83333331 0.875 0.91666669 0.95833331
            1
          </float_array>
          <technique_common>
            <accessor source="#Walk-UpperLeg_L-input-array" count="25" stride="1">
              <param name="TIME" type="float"/>
            </accessor>
          </technique_common>
        </source>
        <source id="Walk-UpperLeg_L-output">
          <float_array id="Walk-UpperLeg_L-output-array" count="400">
            1 0 0 -0.090000004 0 1 0 -0.059999999 0 0 1 0 0 0 0 1
            1 -0 0 -0.090000004 0 0.98988527 0.14187021 -0.059999999 -0 -0.14187021 0.98988527 0 0 0 0 1
            1 -0 0 -0.090000004 0 0.9624252 0.27154693 -0.059999999 -0 -0.27154693 0.9624252 0 0 0 0 1
            1 -0 0 -0.090000004 0 0.9253234 0.37917886 -0.059999999 -0 -0.37917886 0.9253234 0 0 0 0 1
            1 -0 0 -0.090000004 0 0.88869102 0.45850657 -0.059999999 -0 -0.45850657 0.88869102 0 0 0 0 1
            1 -0 0 -0.090000004 0 0.86216984 0.50661936 -0.059999999 -0 -0.50661936 0.86216984 0 0 0 0 1
            1 -0 0 -0.090000004 0 0.85252452 0.52268723 -0.059999999 -0 -0.52268723 0.85252452 0 0 0 0 1
            1 -0 0 -0.090000004 0 0.86216984 0.50661936 -0.059999999 -0 -0.50661936 0.86216984 0 0 0 0 1
            1 -0 0 -0.090000004 0 0.88869102 0.45850657 -0.059999999 -0 -0.45850657 0.88869102 0 0 0 0 1
            1 -0 0 -0.090000004 0 0.9253234 0.37917886 -0.059999999 -0 -0.37917886 0.9253234 0 0 0 0 1
            1 -0 0 -0.090000004 0 0.9624252 0.27154693 -0.059999999 -0 -0.27154693 0.9624252 0 0 0 0 1
            1 -0 0 -0.090000004 0 0.98988527 0.14187021 -0.059999999 -0 -0.14187021 0.98988527 0 0 0 0 1
            1 -0 0 -0.090000004 0 1 6.7355577e-17 -0.059999999 -0 -6.7355577e-17 1 0 0 0 0 1
            1 0 0 -0.090000004 0 0.98988527 -0.14187021 -0.059999999 0 0.14187021 0.98988527 0 0 0 0 1
            1 0 0 -0.090000004 0 0.9624252 -0.27154693 -0.059999999 0 0.27154693 0.9624252 0 0 0 0 1
            1 0 0 -0.090000004 0 0.9253234 -0.37917886 -0.059999999 0 0.37917886 0.9253234 0 0 0 0 1
            1 0 0 -0.090000004 0 0.88869102 -0.45850657 -0.059999999 0 0.45850657 0.88869102 0 0 0 0 1
            1 0 0 -0.090000004 0 0.86216984 -0.50661936 -0.059999999 0 0.50661936 0.86216984 0 0 0 0 1
            1 0 0 -0.090000004 0 0.85252452 -0.52268723 -0.059999999 0 0.52268723 0.85252452 0 0 0 0 1
            1 0 0 -0.090000004 0 0.86216984 -0.50661936 -0.059999999 0 0.50661936 0.86216984 0 0 0 0 1
            1 0 0 -0.090000004 0 0.88869102 -0.45850657 -0.059999999 0 0.45850657 0.88869102 0 0 0 0 1
            1 0 0 -0.090000004 0 0.9253234 -0.37917886 -0.059999999 0 0.37917886 0.9253234 0 0 0 0 1
            1 0 0 -0.090000004 0 0.9624252 -0.27154693 -0.059999999 0 0.27154693 0.9624252 0 0 0 0 1
            1 0 0 -0.090000004 0 0.98988527 -0.14187021 -0.059999999 0 0.14187021 0.98988527 0 0 0 0 1
            1 0 0 -0.090000004 0 1 0 -0.059999999 0 0 1 0 0 0 0 1
          </float_array>
          <technique_common>
            <accessor source="#Walk-UpperLeg_L-output-array" count="25" stride="16">
              <param name="TRANSFORM" type="float4x4"/>
            </accessor>
          </technique_common>
        </source>
        <source id="Walk-UpperLeg_L-interp">
          <Name_array id="Walk-UpperLeg_L-interp-array" count="25">LINEAR LINEAR LINEAR LINEAR LINEAR LINEAR LINEAR LINEAR LINEAR LINEAR LINEAR LINEAR LINEAR LINEAR LINEAR LINEAR LINEAR LINEAR LINEAR LINEAR LINEAR LINEAR LINEAR LINEAR LINEAR</Name_array>
          <technique_common>
            <accessor source="#Walk-UpperLeg_L-interp-array" count="25" stride="1">
              <param name="INTERPOLATION" type="name"/>
            </accessor>
          </technique_common>
        </source>
        <sampler id="Walk-UpperLeg_L-sampler">
          <input semantic="INPUT" source="#Walk-UpperLeg_L-input"/>
          <input semantic="OUTPUT" source="#Walk-UpperLeg_L-output"/>
          <input semantic="INTERPOLATION" source="#Walk-UpperLeg_L-interp"/>
        </sampler>
        <channel source="#Walk-UpperLeg_L-sampler" target="UpperLeg_L/matrix"/>
        <source id="Walk-LowerLeg_L-input">
          <float_array id="Walk-LowerLeg_L-input-array" count="25">
            0 0.041666668 0.083333336 0.125 0.16666667 0.20833333 0.25 0.29166666
            0.33333334 0.375 0.41666666 0.45833334 0.5 0.54166669 0.58333331 0.625
            0.66666669 0.70833331 0.75 0.79166669 0.83333331 0.875 0.91666669 0.95833331
            1
          </float_array>
          <technique_common>
            <accessor source="#Walk-LowerLeg_L-input-array" count="25" stride="1">
              <param name="TIME" type="float"/>
            </accessor>
          </technique_common>
        </source>
        <source id="Walk-LowerLeg_L-output">
          <float_array id="Walk-LowerLeg_L-output-array" count="400">
            1 0 0 0 0 1 0 -0.36000001 0 0 1 0 0 0 0 1
            1 0 0 0 0 1 0 -0.36000001 0 0 1 0 0 0 0 1
            1 0 0 0 0 1 0 -0.36000001 0 0 1 0 0 0 0 1
            1 0 0 0 0 1 0 -0.36000001 0 0 1 0 0 0 0 1
            1 0 0 0 0 1 0 -0.36000001 0 0 1 0 0 0 0 1
            1 0 0 0 0 1 0 -0.36000001 0 0 1 0 0 0 0 1
            1 0 0 0 0 1 0 -0.36000001 0 0 1 0 0 0 0 1
            1 0 0 0 0 1 0 -0.36000001 0 0 1 0 0 0 0 1
            1 0 0 0 0 1 0 -0.36000001 0 0 1 0 0 0 0 1
            1 0 0 0 0 1 0 -0.36000001 0 0 1 0 0 0 0 1
            1 0 0 0 0 1 0 -0.36000001 0 0 1 0 0 0 0 1
            1 0 0 0 0 1 0 -0.36000001 0 0 1 0 0 0 0 1
            1 0 0 0 0 1 0 -0.36000001 0 0 1 0 0 0 0 1
            1 0 0 0 0 0.98363295 -0.18018382 -0.36000001 0 0.18018382 0.98363295 0 0 0 0 1
            1 0 0 0 0 0.93937272 -0.3428978 -0.36000001 0 0.3428978 0.93937272 0 0 0 0 1
            1 0 0 0 0 0.8799807 -0.47500943 -0.36000001 0 0.47500943 0.8799807 0 0 0 0 1
            1 0 0 0 0 0.82180884 -0.56976331 -0.36000001 0 0.56976331 0.82180884 0 0 0 0 1
            1 0 0 0 0 0.77998901 -0.62579321 -0.36000001 0 0.62579321 0.77998901 0 0 0 0 1
            1 0 0 0 0 0.7648422 -0.64421768 -0.36000001 0 0.64421768 0.7648422 0 0 0 0 1
            1 0 0 0 0 0.77998901 -0.62579321 -0.36000001 0 0.62579321 0.77998901 0 0 0 0 1
            1 0 0 0 0 0.82180884 -0.56976331 -0.36000001 0 0.56976331 0.82180884 0 0 0 0 1
            1 0 0 0 0 0.8799807 -0.47500943 -0.36000001 0 0.47500943 0.8799807 0 0 0 0 1
            1 0 0 0 0 0.93937272 -0.3428978 -0.36000001 0 0.3428978 0.93937272 0 0 0 0 1
            1 0 0 0 0 0.98363295 -0.18018382 -0.36000001 0 0.18018382 0.98363295 0 0 0 0 1
            1 0 0 0 0 1 0 -0.36000001 0 0 1 0 0 0 0 1
          </float_array>
          <technique_common>
            <accessor source="#Walk-LowerLeg_L-output-array" count="25" stride="16">
              <param name="TRANSFORM" type="float4x4"/>
            </accessor>
          </technique_common>
        </source>
        <source id="Walk-LowerLeg_L-interp">
          <Name_array id="Walk-LowerLeg_L-interp-array" count="25">LINEAR LINEAR LINEAR LINEAR LINEAR LINEAR LINEAR LINEAR LINEAR LINEAR LINEAR LINEAR LINEAR LINEAR LINEAR LINEAR LINEAR LINEAR LINEAR LINEAR LINEAR LINEAR LINEAR LINEAR LINEAR</Name_array>
          <technique_common>
            <accessor source="#Walk-LowerLeg_L-interp-array" count="25" stride="1">
              <param name="INTERPOLATION" type="name"/>
            </accessor>
          </technique_common>
        </source>
        <sampler id="Walk-LowerLeg_L-sampler">
          <input semantic="INPUT" source="#Walk-LowerLeg_L-input"/>
          <input semantic="OUTPUT" source="#Walk-LowerLeg_L-output"/>
          <input semantic="INTERPOLATION" source="#Walk-LowerLeg_L-interp"/>
        </sampler>
        <channel source="#Walk-LowerLeg_L-sampler" target="LowerLeg_L/matrix"/>
        <source id="Walk-Foot_L-input">
          <float_array id="Walk-Foot_L-input-array" count="25">
            0 0.041666668 0.083333336 0.125 0.16666667 0.20833333 0.25 0.29166666
            0.33333334 0.375 0.41666666 0.45833334 0.5 0.54166669 0.58333331 0.625
            0.66666669 0.70833331 0.75 0.79166669 0.83333331 0.875 0.91666669 0.95833331
            1
          </float_array>
          <technique_common>
            <accessor source="#Walk-Foot_L-input-array" count="25" stride="1">
              <param name="TIME" type="float"/>
            </accessor>
          </technique_common>
        </source>
        <source id="Walk-Foot_L-output">
          <float_array id="Walk-Foot_L-output-array" count="400">
            1 0 0 0 0 1 0 -0.34 0 0 1 0.059999999 0 0 0 1
            1 -0 0 0 0 0.99924649 0.038813106 -0.34 -0 -0.038813106 0.99924649 0.059999999 0 0 0 1
            1 -0 0 0 0 0.99718882 0.074929703 -0.34 -0 -0.074929703 0.99718882 0.059999999 0 0 0 1
            1 -0 0 0 0 0.99438027 0.10586725 -0.34 -0 -0.10586725 0.99438027 0.059999999 0 0 0 1
            1 -0 0 0 0 0.99157436 0.12953877 -0.34 -0 -0.12953877 0.99157436 0.059999999 0 0 0 1
            1 -0 0 0 0 0.98952196 0.14438247 -0.34 -0 -0.14438247 0.98952196 0.059999999 0 0 0 1
            1 -0 0 0 0 0.98877108 0.14943813 -0.34 -0 -0.14943813 0.98877108 0.059999999 0 0 0 1
            1 -0 0 0 0 0.98952196 0.14438247 -0.34 -0 -0.14438247 0.98952196 0.059999999 0 0 0 1
            1 -0 0 0 0 0.99157436 0.12953877 -0.34 -0 -0.12953877 0.99157436 0.059999999 0 0 0 1
            1 -0 0 0 0 0.99438027 0.10586725 -0.34 -0 -0.10586725 0.99438027 0.059999999 0 0 0 1
            1 -0 0 0 0 0.99718882 0.074929703 -0.34 -0 -0.074929703 0.99718882 0.059999999 0 0 0 1
            1 -0 0 0 0 0.99924649 0.038813106 -0.34 -0 -0.038813106 0.99924649 0.059999999 0 0 0 1
            1 -0 0 0 0 1 1.8369703e-17 -0.34 -0 -1.8369703e-17 1 0.059999999 0 0 0 1
            1 0 0 0 0 1 0 -0.34 0 0 1 0.059999999 0 0 0 1
            1 0 0 0 0 1 0 -0.34 0 0 1 0.059999999 0 0 0 1
            1 0 0 0 0 1 0 -0.34 0 0 1 0.059999999 0 0 0 1
            1 0 0 0 0 1 0 -0.34 0 0 1 0.059999999 0 0 0 1
            1 0 0 0 0 1 0 -0.34 0 0 1 0.059999999 0 0 0 1
            1 0 0 0 0 1 0 -0.34 0 0 1 0.059999999 0 0 0 1
            1 0 0 0 0 1 0 -0.34 0 0 1 0.059999999 0 0 0 1
            1 0 0 0 0 1 0 -0.34 0 0 1 0.059999999 0 0 0 1
            1 0 0 0 0 1 0 -0.34 0 0 1 0.059999999 0 0 0 1
            1 0 0 0 0 1 0 -0.34 0 0 1 0.059999999 0 0 0 1
            1 0 0 0 0 1 0 -0.34 0 0 1 0.059999999 0 0 0 1
            1 0 0 0 0 1 0 -0.34 0 0 1 0.059999999 0 0 0 1
          </float_array>
          <technique_common>
            <accessor source="#Walk-Foot_L-output-array" count="25" stride="16">
              <param name="TRANSFORM" type="float4x4"/>
            </accessor>
          </technique_common>
        </source>
        <source id="Walk-Foot_L-interp">
          <Name_array id="Walk-Foot_L-interp-array" count="25">LINEAR LINEAR LINEAR LINEAR LINEAR LINEAR LINEAR LINEAR LINEAR LINEAR LINEAR LINEAR LINEAR LINEAR LINEAR LINEAR LINEAR LINEAR LINEAR LINEAR LINEAR LINEAR LINEAR LINEAR LINEAR</Name_array>
          <technique_common>
            <accessor source="#Walk-Foot_L-interp-array" count="25" stride="1">
              <param name="INTERPOLATION" type="name"/>
            </accessor>
          </technique_common>
        </source>
        <sampler id="Walk-Foot_L-sampler">
          <input semantic="INPUT" source="#Walk-Foot_L-input"/>
          <input semantic="OUTPUT" source="#Walk-Foot_L-output"/>
          <input semantic="INTERPOLATION" source="#Walk-Foot_L-interp"/>
        </sampler>
        <channel source="#Walk-Foot_L-sampler" target="Foot_L/matrix"/>
        <source id="Walk-UpperLeg_R-input">
          <float_array id="Walk-UpperLeg_R-input-array" count="25">
            0 0.041666668 0.083333336 0.125 0.16666667 0.20833333 0.25 0.29166666
            0.33333334 0.375 0.41666666 0.45833334 0.5 0.54166669 0.58333331 0.625
            0.66666669 0.70833331 0.75 0.79166669 0.83333331 0.875 0.91666669 0.95833331
            1
          </float_array>
          <technique_common>
            <accessor source="#Walk-UpperLeg_R-input-array" count="25" stride="1">
              <param name="TIME" type="float"/>
            </accessor>
          </technique_common>
        </source>
        <source id="Walk-UpperLeg_R-output">
          <float_array id="Walk-UpperLeg_R-output-array" count="400">
            1 -0 0 0.090000004 0 1 6.7355577e-17 -0.059999999 -0 -6.7355577e-17 1 0 0 0 0 1
            1 0 0 0.090000004 0 0.98988527 -0.14187021 -0.059999999 0 0.14187021 0.98988527 0 0 0 0 1
            1 0 0 0.090000004 0 0.9624252 -0.27154693 -0.059999999 0 0.27154693 0.9624252 0 0 0 0 1
            1 0 0 0.090000004 0 0.9253234 -0.37917886 -0.059999999 0 0.37917886 0.9253234 0 0 0 0 1
            1 0 0 0.090000004 0 0.88869102 -0.45850657 -0.059999999 0 0.45850657 0.88869102 0 0 0 0 1
            1 0 0 0.090000004 0 0.86216984 -0.50661936 -0.059999999 0 0.50661936 0.86216984 0 0 0 0 1
            1 0 0 0.090000004 0 0.85252452 -0.52268723 -0.059999999 0 0.52268723 0.85252452 0 0 0 0 1
            1 0 0 0.090000004 0 0.86216984 -0.50661936 -0.059999999 0 0.50661936 0.86216984 0 0 0 0 1
            1 0 0 0.090000004 0 0.88869102 -0.45850657 -0.059999999 0 0.45850657 0.88869102 0 0 0 0 1
            1 0 0 0.090000004 0 0.9253234 -0.37917886 -0.059999999 0 0.37917886 0.9253234 0 0 0 0 1
            1 0 0 0.090000004 0 0.9624252 -0.27154693 -0.059999999 0 0.27154693 0.9624252 0 0 0 0 1
            1 0 0 0.090000004 0 0.98988527 -0.14187021 -0.059999999 0 0.14187021 0.98988527 0 0 0 0 1
            1 0 0 0.090000004 0 1 -1.3471115e-16 -0.059999999 0 1.3471115e-16 1 0 0 0 0 1
            1 -0 0 0.090000004 0 0.98988527 0.14187021 -0.059999999 -0 -0.14187021 0.98988527 0 0 0 0 1
            1 -0 0 0.090000004 0 0.9624252 0.27154693 -0.059999999 -0 -0.27154693 0.9624252 0 0 0 0 1
            1 -0 0 0.090000004 0 0.9253234 0.37917886 -0.059999999 -0 -0.37917886 0.9253234 0 0 0 0 1
            1 -0 0 0.090000004 0 0.88869102 0.45850657 -0.059999999 -0 -0.45850657 0.88869102 0 0 0 0 1
            1 -0 0 0.090000004 0 0.86216984 0.50661936 -0.059999999 -0 -0.50661936 0.86216984 0 0 0 0 1
            1 -0 0 0.090000004 0 0.85252452 0.52268723 -0.059999999 -0 -0.52268723 0.85252452 0 0 0 0 1
            1 -0 0 0.090000004 0 0.86216984 0.50661936 -0.059999999 -0 -0.50661936 0.86216984 0 0 0 0 1
            1 -0 0 0.090000004 0 0.88869102 0.45850657 -0.059999999 -0 -0.45850657 0.88869102 0 0 0 0 1
            1 -0 0 0.090000004 0 0.9253234 0.37917886 -0.059999999 -0 -0.37917886 0.9253234 0 0 0 0 1
            1 -0 0 0.090000004 0 0.9624252 0.27154693 -0.059999999 -0 -0.27154693 0.9624252 0 0 0 0 1
            1 -0 0 0.090000004 0 0.98988527 0.14187021 -0.059999999 -0 -0.14187021 0.98988527 0 0 0 0 1
            1 -0 0 0.090000004 0 1 6.7355577e-17 -0.059999999 -0 -6.7355577e-17 1 0 0 0 0 1
          </float_array>
          <technique_common>
            <accessor source="#Walk-UpperLeg_R-output-array" count="25" stride="16">
              <param name="TRANSFORM" type="float4x4"/>
            </accessor>
          </technique_common>
        </source>
        <source id="Walk-UpperLeg_R-interp">
          <Name_array id="Walk-UpperLeg_R-interp-array" count="25">LINEAR LINEAR LINEAR LINEAR LINEAR LINEAR LINEAR LINEAR LINEAR LINEAR LINEAR LINEAR LINEAR LINEAR LINEAR LINEAR LINEAR LINEAR LINEAR LINEAR LINEAR LINEAR LINEAR LINEAR LINEAR</Name_array>
          <technique_common>
            <accessor source="#Walk-UpperLeg_R-interp-array" count="25" stride="1">
              <param name="INTERPOLATION" type="name"/>
            </accessor>
          </technique_common>
        </source>
        <sampler id="Walk-UpperLeg_R-sampler">
          <input semantic="INPUT" source="#Walk-UpperLeg_R-input"/>
          <input semantic="OUTPUT" source="#Walk-UpperLeg_R-output"/>
          <input semantic="INTERPOLATION" source="#Walk-UpperLeg_R-interp"/>
        </sampler>
        <channel source="#Walk-UpperLeg_R-sampler" target="UpperLeg_R/matrix"/>
        <source id="Walk-LowerLeg_R-input">
          <float_array id="Walk-LowerLeg_R-input-array" count="25">
            0 0.041666668 0.083333336 0.125 0.16666667 0.20833333 0.25 0.29166666
            0.33333334 0.375 0.41666666 0.45833334 0.5 0.54166669 0.58333331 0.625
            0.66666669 0.70833331 0.75 0.79166669 0.83333331 0.875 0.91666669 0.95833331
            1
          </float_array>
          <technique_common>
            <accessor source="#Walk-LowerLeg_R-input-array" count="25" stride="1">
              <param name="TIME" type="float"/>
            </accessor>
          </technique_common>
        </source>
        <source id="Walk-LowerLeg_R-output">
          <float_array id="Walk-LowerLeg_R-output-array" count="400">
            1 0 0 0 0 1 0 -0.36000001 0 0 1 0 0 0 0 1
            1 0 0 0 0 0.98363295 -0.18018382 -0.36000001 0 0.18018382 0.98363295 0 0 0 0 1
            1 0 0 0 0 0.93937272 -0.3428978 -0.36000001 0 0.3428978 0.93937272 0 0 0 0 1
            1 0 0 0 0 0.8799807 -0.47500943 -0.36000001 0 0.47500943 0.8799807 0 0 0 0 1
            1 0 0 0 0 0.82180884 -0.56976331 -0.36000001 0 0.56976331 0.82180884 0 0 0 0 1
            1 0 0 0 0 0.77998901 -0.62579321 -0.36000001 0 0.62579321 0.77998901 0 0 0 0 1
            1 0 0 0 0 0.7648422 -0.64421768 -0.36000001 0 0.64421768 0.7648422 0 0 0 0 1
            1 0 0 0 0 0.77998901 -0.62579321 -0.36000001 0 0.62579321 0.77998901 0 0 0 0 1
            1 0 0 0 0 0.82180884 -0.56976331 -0.36000001 0 0.56976331 0.82180884 0 0 0 0 1
            1 0 0 0 0 0.8799807 -0.47500943 -0.36000001 0 0.47500943 0.8799807 0 0 0 0 1
            1 0 0 0 0 0.93937272 -0.3428978 -0.36000001 0 0.3428978 0.93937272 0 0 0 0 1
            1 0 0 0 0 0.98363295 -0.18018382 -0.36000001 0 0.18018382 0.98363295 0 0 0 0 1
            1 0 0 0 0 1 -8.5725273e-17 -0.36000001 0 8.5725273e-17 1 0 0 0 0 1
            1 0 0 0 0 1 0 -0.36000001 0 0 1 0 0 0 0 1
            1 0 0 0 0 1 0 -0.36000001 0 0 1 0 0 0 0 1
            1 0 0 0 0 1 0 -0.36000001 0 0 1 0 0 0 0 1
            1 0 0 0 0 1 0 -0.36000001 0 0 1 0 0 0 0 1
            1 0 0 0 0 1 0 -0.36000001 0 0 1 0 0 0 0 1
            1 0 0 0 0 1 0 -0.36000001 0 0 1 0 0 0 0 1
            1 0 0 0 0 1 0 -0.36000001 0 0 1 0 0 0 0 1
            1 0 0 0 0 1 0 -0.36000001 0 0 1 0 0 0 0 1
            1 0 0 0 0 1 0 -0.36000001 0 0 1 0 0 0 0 1
            1 0 0 0 0 1 0 -0.36000001 0 0 1 0 0 0 0 1
            1 0 0 0 0 1 0 -0.36000001 0 0 1 0 0 0 0 1
            1 0 0 0 0 1 0 -0.36000001 0 0 1 0 0 0 0 1
          </float_array>
          <technique_common>
            <accessor source="#Walk-LowerLeg_R-output-array" count="25" stride="16">
              <param name="TRANSFORM" type="float4x4"/>
            </accessor>
          </technique_common>
        </source>
        <source id="Walk-LowerLeg_R-interp">
          <Name_array id="Walk-LowerLeg_R-interp-array" count="25">LINEAR LINEAR LINEAR LINEAR LINEAR LINEAR LINEAR LINEAR LINEAR LINEAR LINEAR LINEAR LINEAR LINEAR LINEAR LINEAR LINEAR LINEAR LINEAR LINEAR LINEAR LINEAR LINEAR LINEAR LINEAR</Name_array>
          <technique_common>
            <accessor source="#Walk-LowerLeg_R-interp-array" count="25" stride="1">
              <param name="INTERPOLATION" type="name"/>
            </accessor>
          </technique_common>
        </source>
        <sampler id="Walk-LowerLeg_R-sampler">
          <input semantic="INPUT" source="#Walk-LowerLeg_R-input"/>
          <input semantic="OUTPUT" source="#Walk-LowerLeg_R-output"/>
          <input semantic="INTERPOLATION" source="#Walk-LowerLeg_R-interp"/>
        </sampler>
        <channel source="#Walk-LowerLeg_R-sampler" target="LowerLeg_R/matrix"/>
        <source id="Walk-Foot_R-input">
          <float_array id="Walk-Foot_R-input-array" count="25">
            0 0.041666668 0.083333336 0.125 0.16666667 0.20833333 0.25 0.29166666
            0.33333334 0.375 0.41666666 0.45833334 0.5 0.54166669 0.58333331 0.625
            0.66666669 0.70833331 0.75 0.79166669 0.83333331 0.875 0.91666669 0.95833331
            1
          </float_array>
          <technique_common>
            <accessor source="#Walk-Foot_R-input-array" count="25" stride="1">
              <param name="TIME" type="float"/>
            </accessor>
          </technique_common>
        </source>
        <source id="Walk-Foot_R-output">
          <float_array id="Walk-Foot_R-output-array" count="400">
            1 0 0 0 0 1 0 -0.34 0 0 1 0.059999999 0 0 0 1
            1 0 0 0 0 1 0 -0.34 0 0 1 0.059999999 0 0 0 1
            1 0 0 0 0 1 0 -0.34 0 0 1 0.059999999 0 0 0 1
            1 0 0 0 0 1 0 -0.34 0 0 1 0.059999999 0 0 0 1
            1 0 0 0 0 1 0 -0.34 0 0 1 0.059999999 0 0 0 1
            1 0 0 0 0 1 0 -0.34 0 0 1 0.059999999 0 0 0 1
            1 0 0 0 0 1 0 -0.34 0 0 1 0.059999999 0 0 0 1
            1 0 0 0 0 1 0 -0.34 0 0 1 0.059999999 0 0 0 1
            1 0 0 0 0 1 0 -0.34 0 0 1 0.059999999 0 0 0 1
            1 0 0 0 0 1 0 -0.34 0 0 1 0.059999999 0 0 0 1
            1 0 0 0 0 1 0 -0.34 0 0 1 0.059999999 0 0 0 1
            1 0 0 0 0 1 0 -0.34 0 0 1 0.059999999 0 0 0 1
            1 0 0 0 0 1 0 -0.34 0 0 1 0.059999999 0 0 0 1
            1 -0 0 0 0 0.99924649 0.038813106 -0.34 -0 -0.038813106 0.99924649 0.059999999 0 0 0 1
            1 -0 0 0 0 0.99718882 0.074929703 -0.34 -0 -0.074929703 0.99718882 0.059999999 0 0 0 1
            1 -0 0 0 0 0.99438027 0.10586725 -0.34 -0 -0.10586725 0.99438027 0.059999999 0 0 0 1
            1 -0 0 0 0 0.99157436 0.12953877 -0.34 -0 -0.12953877 0.99157436 0.059999999 0 0 0 1
            1 -0 0 0 0 0.98952196 0.14438247 -0.34 -0 -0.14438247 0.98952196 0.059999999 0 0 0 1
            1 -0 0 0 0 0.98877108 0.14943813 -0.34 -0 -0.14943813 0.98877108 0.059999999 0 0 0 1
            1 -0 0 0 0 0.98952196 0.14438247 -0.34 -0 -0.14438247 0.98952196 0.059999999 0 0 0 1
            1 -0 0 0 0 0.99157436 0.12953877 -0.34 -0 -0.12953877 0.99157436 0.059999999 0 0 0 1
            1 -0 0 0 0 0.99438027 0.10586725 -0.34 -0 -0.10586725 0.99438027 0.059999999 0 0 0 1
            1 -0 0 0 0 0.99718882 0.074929703 -0.34 -0 -0.074929703 0.99718882 0.059999999 0 0 0 1
            1 -0 0 0 0 0.99924649 0.038813106 -0.34 -0 -0.038813106 0.99924649 0.059999999 0 0 0 1
            1 0 0 0 0 1 0 -0.34 0 0 1 0.059999999 0 0 0 1
          </float_array>
          <technique_common>
            <accessor source="#Walk-Foot_R-output-array" count="25" stride="16">
              <param name="TRANSFORM" type="float4x4"/>
            </accessor>
          </technique_common>
        </source>
        <source id="Walk-Foot_R-interp">
          <Name_array id="Walk-Foot_R-interp-array" count="25">LINEAR LINEAR LINEAR LINEAR LINEAR LINEAR LINEAR LINEAR LINEAR LINEAR LINEAR LINEAR LINEAR LINEAR LINEAR LINEAR LINEAR LINEAR LINEAR LINEAR LINEAR LINEAR LINEAR LINEAR LINEAR</Name_array>
          <technique_common>
            <accessor source="#Walk-Foot_R-interp-array" count="25" stride="1">
              <param name="INTERPOLATION" type="name"/>
            </accessor>
          </technique_common>
        </source>
        <sampler id="Walk-Foot_R-sampler">
          <input semantic="INPUT" source="#Walk-Foot_R-input"/>
          <input semantic="OUTPUT" source="#Walk-Foot_R-output"/>
          <input semantic="INTERPOLATION" source="#Walk-Foot_R-interp"/>
        </sampler>
        <channel source="#Walk-Foot_R-sampler" target="Foot_R/matrix"/>
      </animation>
      <animation id="Run" name="Run">
        <source id="Run-Root-input">
          <float_array id="Run-Root-input-array" count="17">
            0 0.041666668 0.083333336 0.125 0.16666667 0.20833333 0.25 0.29166666
            0.33333334 0.375 0.41666666 0.45833334 0.5 0.54166669 0.58333331 0.625
            0.66666669
          </float_array>
          <technique_common>
            <accessor source="#Run-Root-input-array" count="17" stride="1">
              <param name="TIME" type="float"/>
            </accessor>
          </technique_common>
        </source>
        <source id="Run-Root-output">
          <float_array id="Run-Root-output-array" count="272">
            1 0 0 0 0 1 0 0 0 0 1 0 0 0 0 1
            1 0 0 0 0 1 0 0 0 0 1 0 0 0 0 1
            1 0 0 0 0 1 0 0 0 0 1 0 0 0 0 1
            1 0 0 0 0 1 0 0 0 0 1 0 0 0 0 1
            1 0 0 0 0 1 0 0 0 0 1 0 0 0 0 1
            1 0 0 0 0 1 0 0 0 0 1 0 0 0 0 1
            1 0 0 0 0 1 0 0 0 0 1 0 0 0 0 1
            1 0 0 0 0 1 0 0 0 0 1 0 0 0 0 1
            1 0 0 0 0 1 0 0 0 0 1 0 0 0 0 1
            1 0 0 0 0 1 0 0 0 0 1 0 0 0 0 1
            1 0 0 0 0 1 0 0 0 0 1 0 0 0 0 1
            1 0 0 0 0 1 0 0 0 0 1 0 0 0 0 1
            1 0 0 0 0 1 0 0 0 0 1 0 0 0 0 1
            1 0 0 0 0 1 0 0 0 0 1 0 0 0 0 1
            1 0 0 0 0 1 0 0 0 0 1 0 0 0 0 1
            1 0 0 0 0 1 0 0 0 0 1 0 0 0 0 1
            1 0 0 0 0 1 0 0 0 0 1 0 0 0 0 1
          </float_array>
          <technique_common>
            <accessor source="#Run-Root-output-array" count="17" stride="16">
              <param name="TRANSFORM" type="float4x4"/>
            </accessor>
          </technique_common>
        </source>
        <source id="Run-Root-interp">
          <Name_array id="Run-Root-interp-array" count="17">LINEAR LINEAR LINEAR LINEAR LINEAR LINEAR LINEAR LINEAR LINEAR LINEAR LINEAR LINEAR LINEAR LINEAR LINEAR LINEAR LINEAR</Name_array>
          <technique_common>
            <accessor source="#Run-Root-interp-array" count="17" stride="1">
              <param name="INTERPOLATION" type="name"/>
            </accessor>
          </technique_common>
        </source>
        <sampler id="Run-Root-sampler">
          <input semantic="INPUT" source="#Run-Root-input"/>
          <input semantic="OUTPUT" source="#Run-Root-output"/>
          <input semantic="INTERPOLATION" source="#Run-Root-interp"/>
        </sampler>
        <channel source="#Run-Root-sampler" target="Root/matrix"/>
        <source id="Run-Hips-input">
          <float_array id="Run-Hips-input-array" count="17">
            0 0.041666668 0.083333336 0.125 0.16666667 0.20833333 0.25 0.29166666
            0.33333334 0.375 0.41666666 0.45833334 0.5 0.54166669 0.58333331 0.625
            0.66666669
          </float_array>
          <technique_common>
            <accessor source="#Run-Hips-input-array" count="17" stride="1">
              <param name="TIME" type="float"/>
            </accessor>
          </technique_common>
        </source>
        <source id="Run-Hips-output">
          <float_array id="Run-Hips-output-array" count="272">
            1 0 0 0 0 1 0 0.85000002 0 0 1 0 0 0 0 1
            0.9990858 -0.01912394 0.038233893 0 0.019109952 0.99981712 0.00073131638 0.84771866 -0.038240886 3.3729081e-11 0.99926855 0 0 0 0 1
            0.99688012 -0.035334101 0.070579975 0 0.035245872 0.99937556 0.0024954383 0.84122151 -0.070624075 -9.4787274e-11 0.997503 0 0 0 0 1
            0.99467566 -0.046166286 0.092135785 0 0.045969495 0.99893377 0.0042581072 0.83149683 -0.092234128 -1.5913381e-11 0.99573735 0 0 0 0 1
            0.99376067 -0.049979155 0.099708622 0 0.049729467 0.99875026 0.0049895881 0.82002354 -0.099833388 1.7208949e-10 0.99500417 0 0 0 0 1
            0.99466875 -0.046196283 0.092195389 0 0.045999109 0.99893238 0.0042636361 0.83145332 -0.092293924 8.0392745e-11 0.99573181 0 0 0 0 1
            0.99687032 -0.035389556 0.07069046 0 0.03530091 0.99937359 0.002503272 0.84118819 -0.070734768 -2.4235946e-11 0.99749516 0 0 0 0 1
            0.99907886 -0.019196434 0.038378719 0 0.019182286 0.99981573 0.00073687032 0.8477006 -0.038385792 1.699614e-11 0.99926299 0 0 0 0 1
            0.99999998 -7.8500532e-05 0.00015700106 0 7.8500531e-05 1 1.2324667e-08 0.84999996 -0.00015700106 -1.9021051e-16 0.99999999 0 0 0 0 1
            0.99909273 0.019051398 -0.038088969 0 -0.019037568 0.99981851 0.00072577982 0.8477366 0.038095883 -9.3457809e-12 0.99927409 0 0 0 0 1
            0.99688991 0.035278565 -0.070469317 0 -0.035190752 0.99937752 0.0024876048 0.84125477 0.070513211 8.0123048e-11 0.99751085 0 0 0 0 1
            0.9946826 0.046136181 -0.092075952 0 -0.045939775 0.99893516 0.0042525611 0.83154029 0.092174102 -1.2319437e-11 0.99574291 0 0 0 0 1
            0.9937607 0.049979032 -0.099708378 0 -0.049729346 0.99875027 0.0049895636 0.82007062 0.099833143 2.1220332e-10 0.99500419 0 0 0 0 1
            0.99466185 0.046226161 -0.09225477 0 -0.046028604 0.998931 0.0042691477 0.83140975 0.092353496 -8.7938403e-11 0.99572628 0 0 0 0 1
            0.99686053 0.035444917 -0.070800773 0 -0.035355855 0.99937163 0.0025111055 0.84115481 0.07084529 -1.3215006e-10 0.99748732 0 0 0 0 1
            0.9990719 0.01926888 -0.03852345 0 -0.019254571 0.99981434 0.0007424416 0.84768248 0.038530604 -1.5575025e-11 0.99925742 0 0 0 0 1
            1 0 0 0 0 1 0 0.85000002 0 0 1 0 0 0 0 1
          </float_array>
          <technique_common>
            <accessor source="#Run-Hips-output-array" count="17" stride="16">
              <param name="TRANSFORM" type="float4x4"/>
            </accessor>
          </technique_common>
        </source>
        <source id="Run-Hips-interp">
          <Name_array id="Run-Hips-interp-array" count="17">LINEAR LINEAR LINEAR LINEAR LINEAR LINEAR LINEAR LINEAR LINEAR LINEAR LINEAR LINEAR LINEAR LINEAR LINEAR LINEAR LINEAR</Name_array>
          <technique_common>
            <accessor source="#Run-Hips-interp-array" count="17" stride="1">
              <param name="INTERPOLATION" type="name"/>
            </accessor>
          </technique_common>
        </source>
        <sampler id="Run-Hips-sampler">
          <input semantic="INPUT" source="#Run-Hips-input"/>
          <input semantic="OUTPUT" source="#Run-Hips-output"/>
          <input semantic="INTERPOLATION" source="#Run-Hips-interp"/>
        </sampler>
        <channel source="#Run-Hips-sampler" target="Hips/matrix"/>
        <source id="Run-Spine-input">
          <float_array id="Run-Spine-input-array" count="17">
            0 0.041666668 0.083333336 0.125 0.16666667 0.20833333 0.25 0.29166666
            0.33333334 0.375 0.41666666 0.45833334 0.5 0.54166669 0.58333331 0.625
            0.66666669
          </float_array>
          <technique_common>
            <accessor source="#Run-Spine-input-array" count="17" stride="1">
              <param name="TIME" type="float"/>
            </accessor>
          </technique_common>
        </source>
        <source id="Run-Spine-output">
          <float_array id="Run-Spine-output-array" count="272">
            1 0 0 0 0 0.98384369 -0.17902958 0.12 0 0.17902958 0.98384369 0 0 0 0 1
            0.99953185 -0.0054774806 -0.030101085 0 5.2579028e-11 0.98384369 -0.17902958 0.12 0.030595394 0.17894577 0.98338311 0 0 0 0 1
            0.99840168 -0.010118072 -0.055603114 0 2.0456764e-10 0.98384369 -0.17902957 0.12 0.056516207 0.17874342 0.9822712 0 0 0 0 1
            0.9972712 -0.013216877 -0.072632363 0 -1.0395357e-10 0.98384369 -0.17902957 0.12 0.073825104 0.17854104 0.98115898 0 0 0 0 1
            0.99680171 -0.014307089 -0.078623544 0 9.5443657e-11 0.98384369 -0.17902957 0.12 0.07991467 0.17845698 0.98069707 0 0 0 0 1
            0.99726766 -0.013225454 -0.072679496 0 -3.3186188e-10 0.98384369 -0.17902958 0.12 0.073873012 0.17854041 0.98115549 0 0 0 0 1
            0.99839666 -0.010133941 -0.055690317 0 1.1408596e-11 0.98384369 -0.17902957 0.12 0.056604843 0.17874252 0.98226626 0 0 0 0 1
            0.9995283 -0.0054982398 -0.030215167 0 1.9838286e-10 0.98384369 -0.17902957 0.12 0.030711349 0.17894512 0.98337961 0 0 0 0 1
            0.99999999 -2.2486268e-05 -0.00012357161 0 5.160846e-14 0.98384369 -0.17902958 0.12 0.00012560085 0.17902958 0.98384368 0 0 0 0 1
            0.9995354 0.0054567069 0.029986927 0 -3.7665857e-11 0.98384369 -0.17902957 0.12 -0.030479361 0.17894639 0.9833866 0 0 0 0 1
            0.9984067 0.010102179 0.055515771 0 2.8370903e-10 0.98384369 -0.17902958 0.12 -0.05642743 0.17874433 0.98227614 0 0 0 0 1
            0.99727476 0.013208266 0.072585047 0 3.7927328e-10 0.98384369 -0.17902957 0.12 -0.073777011 0.17854168 0.98116249 0 0 0 0 1
            0.99680172 0.014307053 0.078623349 0 -3.1139237e-10 0.98384369 -0.17902956 0.12 -0.079914471 0.17845698 0.98069709 0 0 0 0 1
            0.99726412 0.013233999 0.072726456 0 -1.8552215e-11 0.98384369 -0.17902957 0.12 -0.073920743 0.17853977 0.98115201 0 0 0 0 1
            0.99839164 0.010149784 0.055777384 0 -1.4818899e-10 0.98384369 -0.17902957 0.12 -0.056693339 0.17874163 0.98226132 0 0 0 0 1
            0.99952473 0.0055189861 0.030329178 0 -1.5227222e-10 0.98384369 -0.17902957 0.12 -0.030827232 0.17894448 0.9833761 0 0 0 0 1
            1 0 0 0 0 0.98384369 -0.17902958 0.12 0 0.17902958 0.98384369 0 0 0 0 1
          </float_array>
          <technique_common>
            <accessor source="#Run-Spine-output-array" count="17" stride="16">
              <param name="TRANSFORM" type="float4x4"/>
            </accessor>
          </technique_common>
        </source>
        <source id="Run-Spine-interp">
          <Name_array id="Run-Spine-interp-array" count="17">LINEAR LINEAR LINEAR LINEAR LINEAR LINEAR LINEAR LINEAR LINEAR LINEAR LINEAR LINEAR LINEAR LINEAR LINEAR LINEAR LINEAR</Name_array>
          <technique_common>
            <accessor source="#Run-Spine-interp-array" count="17" stride="1">
              <param name="INTERPOLATION" type="name"/>
            </accessor>
          </technique_common>
        </source>
        <sampler id="Run-Spine-sampler">
          <input semantic="INPUT" source="#Run-Spine-input"/>
          <input semantic="OUTPUT" source="#Run-Spine-output"/>
          <input semantic="INTERPOLATION" source="#Run-Spine-interp"/>
        </sampler>
        <channel source="#Run-Spine-sampler" target="Spine/matrix"/>
        <source id="Run-Chest-input">
          <float_array id="Run-Chest-input-array" count="17">
            0 0.041666668 0.083333336 0.125 0.16666667 0.20833333 0.25 0.29166666
            0.33333334 0.375 0.41666666 0.45833334 0.5 0.54166669 0.58333331 0.625
            0.66666669
          </float_array>
          <technique_common>
            <accessor source="#Run-Chest-input-array" count="17" stride="1">
              <param name="TIME" type="float"/>
            </accessor>
          </technique_common>
        </source>
        <source id="Run-Chest-output">
          <float_array id="Run-Chest-output-array" count="272">
            1 0 0 0 0 0.99740912 -0.071937805 0.2 0 0.071937805 0.99740912 0 0 0 0 1
            0.99973666 -0.0016508368 -0.022888656 0 1.1500404e-11 0.99740912 -0.071937806 0.2 0.022948112 0.071918862 0.99714646 0 0 0 0 1
            0.99910084 -0.0030499501 -0.042287194 0 -3.3215043e-11 0.99740912 -0.071937808 0.2 0.04239704 0.071873125 0.99651229 0 0 0 0 1
            0.99846475 -0.0039846985 -0.055247371 0 -6.6419385e-11 0.99740912 -0.071937807 0.2 0.055390882 0.071827364 0.99587784 0 0 0 0 1
            0.99820054 -0.0043136782 -0.059808631 0 -3.9103916e-11 0.99740912 -0.071937811 0.2 0.059963991 0.071808361 0.99561432 0 0 0 0 1
            0.99846275 -0.0039872864 -0.055283252 0 7.9824395e-11 0.99740912 -0.071937804 0.2 0.055426856 0.071827218 0.99587585 0 0 0 0 1
            0.99909802 -0.0030547358 -0.042353546 0 6.0729979e-11 0.99740912 -0.071937807 0.2 0.042463564 0.071872921 0.99650947 0 0 0 0 1
            0.99973466 -0.0016570945 -0.022975417 0 2.7581948e-11 0.99740912 -0.071937807 0.2 0.023035098 0.071918719 0.99714446 0 0 0 0 1
            1 -6.7765872e-06 -9.3956577e-05 0 2.8869429e-14 0.99740912 -0.071937805 0.2 9.4200639e-05 0.071937804 0.99740912 0 0 0 0 1
            0.99973865 0.0016445752 0.022801839 0 -4.6729211e-11 0.99740912 -0.071937809 0.2 -0.022861069 0.071919008 0.99714845 0 0 0 0 1
            0.99910367 0.003045157 0.042220737 0 -2.0593777e-11 0.99740912 -0.071937809 0.2 -0.04233041 0.071873328 0.99651511 0 0 0 0 1
            0.99846675 0.0039821004 0.055211349 0 1.90494e-11 0.99740912 -0.071937806 0.2 -0.055354767 0.071827507 0.99587984 0 0 0 0 1
            0.99820055 0.0043136675 0.059808483 0 2.748464e-11 0.99740912 -0.071937811 0.2 -0.059963842 0.071808362 0.99561433 0 0 0 0 1
            0.99846076 0.0039898652 0.055319003 0 1.5873741e-10 0.99740912 -0.071937813 0.2 -0.0554627 0.071827083 0.99587387 0 0 0 0 1
            0.99909519 0.0030595135 0.042419792 0 -4.4748078e-11 0.99740912 -0.071937803 0.2 -0.042529982 0.071872713 0.99650666 0 0 0 0 1
            0.99973265 0.0016633479 0.023062121 0 -1.0259658e-11 0.99740912 -0.071937804 0.2 -0.023122027 0.071918572 0.99714246 0 0 0 0 1
            1 0 0 0 0 0.99740912 -0.071937805 0.2 0 0.071937805 0.99740912 0 0 0 0 1
          </float_array>
          <technique_common>
            <accessor source="#Run-Chest-output-array" count="17" stride="16">
              <param name="TRANSFORM" type="float4x4"/>
            </accessor>
          </technique_common>
        </source>
        <source id="Run-Chest-interp">
          <Name_array id="Run-Chest-interp-array" count="17">LINEAR LINEAR LINEAR LINEAR LINEAR LINEAR LINEAR LINEAR LINEAR LINEAR LINEAR LINEAR LINEAR LINEAR LINEAR LINEAR LINEAR</Name_array>
          <technique_common>
            <accessor source="#Run-Chest-interp-array" count="17" stride="1">
              <param name="INTERPOLATION" type="name"/>
            </accessor>
          </technique_common>
        </source>
        <sampler id="Run-Chest-sampler">
          <input semantic="INPUT" source="#Run-Chest-input"/>
          <input semantic="OUTPUT" source="#Run-Chest-output"/>
          <input semantic="INTERPOLATION" source="#Run-Chest-interp"/>
        </sampler>
        <channel source="#Run-Chest-sampler" target="Chest/matrix"/>
        <source id="Run-Neck-input">
          <float_array id="Run-Neck-input-array" count="17">
            0 0.041666668 0.083333336 0.125 0.16666667 0.20833333 0.25 0.29166666
            0.33333334 0.375 0.41666666 0.45833334 0.5 0.54166669 0.58333331 0.625
            0.66666669
          </float_array>
          <technique_common>
            <accessor source="#Run-Neck-input-array" count="17" stride="1">
              <param name="TIME" type="float"/>
            </accessor>
          </technique_common>
        </source>
        <source id="Run-Neck-output">
          <float_array id="Run-Neck-output-array" count="272">
            1 0 0 0 0 1 0 0.18000001 0 0 1 0 0 0 0 1
            1 0 0 0 0 1 0 0.18000001 0 0 1 0 0 0 0 1
            1 0 0 0 0 1 0 0.18000001 0 0 1 0 0 0 0 1
            1 0 0 0 0 1 0 0.18000001 0 0 1 0 0 0 0 1
            1 0 0 0 0 1 0 0.18000001 0 0 1 0 0 0 0 1
            1 0 0 0 0 1 0 0.18000001 0 0 1 0 0 0 0 1
            1 0 0 0 0 1 0 0.18000001 0 0 1 0 0 0 0 1
            1 0 0 0 0 1 0 0.18000001 0 0 1 0 0 0 0 1
            1 0 0 0 0 1 0 0.18000001 0 0 1 0 0 0 0 1
            1 0 0 0 0 1 0 0.18000001 0 0 1 0 0 0 0 1
            1 0 0 0 0 1 0 0.18000001 0 0 1 0 0 0 0 1
            1 0 0 0 0 1 0 0.18000001 0 0 1 0 0 0 0 1
            1 0 0 0 0 1 0 0.18000001 0 0 1 0 0 0 0 1
            1 0 0 0 0 1 0 0.18000001 0 0 1 0 0 0 0 1
            1 0 0 0 0 1 0 0.18000001 0 0 1 0 0 0 0 1
            1 0 0 0 0 1 0 0.18000001 0 0 1 0 0 0 0 1
            1 0 0 0 0 1 0 0.18000001 0 0 1 0 0 0 0 1
          </float_array>
          <technique_common>
            <accessor source="#Run-Neck-output-array" count="17" stride="16">
              <param name="TRANSFORM" type="float4x4"/>
            </accessor>
          </technique_common>
        </source>
        <source id="Run-Neck-interp">
          <Name_array id="Run-Neck-interp-array" count="17">LINEAR LINEAR LINEAR LINEAR LINEAR LINEAR LINEAR LINEAR LINEAR LINEAR LINEAR LINEAR LINEAR LINEAR LINEAR LINEAR LINEAR</Name_array>
          <technique_common>
            <accessor source="#Run-Neck-interp-array" count="17" stride="1">
              <param name="INTERPOLATION" type="name"/>
            </accessor>
          </technique_common>
        </source>
        <sampler id="Run-Neck-sampler">
          <input semantic="INPUT" source="#Run-Neck-input"/>
          <input semantic="OUTPUT" source="#Run-Neck-output"/>
          <input semantic="INTERPOLATION" source="#Run-Neck-interp"/>
        </sampler>
        <channel source="#Run-Neck-sampler" target="Neck/matrix"/>
        <source id="Run-Head-input">
          <float_array id="Run-Head-input-array" count="17">
            0 0.041666668 0.083333336 0.125 0.16666667 0.20833333 0.25 0.29166666
            0.33333334 0.375 0.41666666 0.45833334 0.5 0.54166669 0.58333331 0.625
            0.66666669
          </float_array>
          <technique_common>
            <accessor source="#Run-Head-input-array" count="17" stride="1">
              <param name="TIME" type="float"/>
            </accessor>
          </technique_common>
        </source>
        <source id="Run-Head-output">
          <float_array id="Run-Head-output-array" count="272">
            1 -0 0 0 0 0.99854235 0.053973758 0.1 -0 -0.053973758 0.99854235 0 0 0 0 1
            0.99953185 -0.0016513484 0.030550796 0 1.665057e-12 0.99854235 0.05397376 0.1 -0.030595394 -0.053948492 0.99807489 0 0 0 0 1
            0.99840168 -0.0030503921 0.056433825 0 -3.8068918e-11 0.99854235 0.053973761 0.1 -0.056516205 -0.053887494 0.99694637 0 0 0 0 1
            0.9972712 -0.0039846182 0.07371749 0 3.4533876e-11 0.99854235 0.053973758 0.1 -0.073825101 -0.053826474 0.99581754 0 0 0 0 1
            0.99680171 -0.0043132951 0.07979818 0 8.2164775e-11 0.99854235 0.05397376 0.1 -0.079914667 -0.053801136 0.99534872 0 0 0 0 1
            0.99726766 -0.0039872043 0.073765329 0 4.6983042e-11 0.99854235 0.053973761 0.1 -0.07387301 -0.053826287 0.99581399 0 0 0 0 1
            0.99839666 -0.0030551762 0.056522331 0 1.2171424e-11 0.99854235 0.053973762 0.1 -0.056604841 -0.053887224 0.99694135 0 0 0 0 1
            0.9995283 -0.0016576071 0.030666584 0 2.3201316e-11 0.99854235 0.05397376 0.1 -0.03071135 -0.0539483 0.99807134 0 0 0 0 1
            0.99999999 -6.7791503e-06 0.00012541777 0 2.0357889e-13 0.99854235 0.053973758 0.1 -0.00012560085 -0.053973758 0.99854235 0 0 0 0 1
            0.9995354 0.0016450857 -0.030434932 0 -5.3138362e-12 0.99854235 0.05397376 0.1 0.03047936 -0.053948684 0.99807843 0 0 0 0 1
            0.9984067 0.0030456006 -0.05634518 0 9.1176945e-11 0.99854235 0.053973761 0.1 0.056427431 -0.053887764 0.99695138 0 0 0 0 1
            0.99727476 0.0039820223 -0.073669466 0 -2.5221214e-11 0.99854235 0.053973758 0.1 0.073777006 -0.053826667 0.99582109 0 0 0 0 1
            0.99680172 0.0043132846 -0.079797987 0 4.1217336e-11 0.99854235 0.05397376 0.1 0.079914474 -0.053801137 0.99534874 0 0 0 0 1
            0.99726412 0.0039897803 -0.07381299 0 9.5824684e-11 0.99854235 0.053973761 0.1 0.07392074 -0.053826096 0.99581046 0 0 0 0 1
            0.99839164 0.0030599528 -0.0566107 0 5.6781886e-11 0.99854235 0.053973762 0.1 0.056693339 -0.053886953 0.99693634 0 0 0 0 1
            0.99952473 0.0016638616 -0.030782297 0 -1.9643197e-11 0.99854235 0.05397376 0.1 0.030827232 -0.053948107 0.99806777 0 0 0 0 1
            1 -0 0 0 0 0.99854235 0.053973758 0.1 -0 -0.053973758 0.99854235 0 0 0 0 1
          </float_array>
          <technique_common>
            <accessor source="#Run-Head-output-array" count="17" stride="16">
              <param name="TRANSFORM" type="float4x4"/>
            </accessor>
          </technique_common>
        </source>
        <source id="Run-Head-interp">
          <Name_array id="Run-Head-interp-array" count="17">LINEAR LINEAR LINEAR LINEAR LINEAR LINEAR LINEAR LINEAR LINEAR LINEAR LINEAR LINEAR LINEAR LINEAR LINEAR LINEAR LINEAR</Name_array>
          <technique_common>
            <accessor source="#Run-Head-interp-array" count="17" stride="1">
              <param name="INTERPOLATION" type="name"/>
            </accessor>
          </technique_common>
        </source>
        <sampler id="Run-Head-sampler">
          <input semantic="INPUT" source="#Run-Head-input"/>
          <input semantic="OUTPUT" source="#Run-Head-output"/>
          <input semantic="INTERPOLATION" source="#Run-Head-interp"/>
        </sampler>
        <channel source="#Run-Head-sampler" target="Head/matrix"/>
        <source id="Run-UpperArm_L-input">
          <float_array id="Run-UpperArm_L-input-array" count="17">
            0 0.041666668 0.083333336 0.125 0.16666667 0.20833333 0.25 0.29166666
            0.33333334 0.375 0.41666666 0.45833334 0.5 0.54166669 0.58333331 0.625
            0.66666669
          </float_array>
          <technique_common>
            <accessor source="#Run-UpperArm_L-input-array" count="17" stride="1">
              <param name="TIME" type="float"/>
            </accessor>
          </technique_common>
        </source>
        <source id="Run-UpperArm_L-output">
          <float_array id="Run-UpperArm_L-output-array" count="272">
            0.99680171 -0.079914693 0 -0.2 0.079914693 0.99680171 0 0.1 0 0 1 0 0 0 0 1
            0.99680171 -0.077067193 0.021142528 -0.2 0.079914697 0.96128388 -0.26371756 0.1 2.2102275e-10 0.26456371 0.96436821 0 0 0 0 1
            0.99680171 -0.07033076 0.037946566 -0.2 0.07991469 0.87725827 -0.47331974 0.1 -1.7227583e-09 0.47483841 0.880073 0 0 0 0 1
            0.99680171 -0.063784888 0.048144012 -0.2 0.079914691 0.79560948 -0.60051578 0.1 -3.2779011e-10 0.60244257 0.79816223 0 0 0 0 1
            0.99680171 -0.061122145 0.051482447 -0.2 0.079914698 0.76239615 -0.64215711 0.1 1.0264047e-09 0.64421751 0.76484234 0 0 0 0 1
            0.99680171 -0.063764644 0.048170824 -0.2 0.079914692 0.79535695 -0.6008502 0.1 -7.3558103e-10 0.60277806 0.7979089 0 0 0 0 1
            0.99680171 -0.070301268 0.038001191 -0.2 0.079914697 0.87689031 -0.47400108 0.1 5.5169925e-10 0.47552194 0.87970386 0 0 0 0 1
            0.99680171 -0.077045689 0.021220748 -0.2 0.079914695 0.96101568 -0.26469322 0.1 -1.7907254e-10 0.2655425 0.96409915 0 0 0 0 1
            0.99680171 -0.079914651 8.7826835e-05 -0.2 0.0799147 0.9968011 -0.0010954924 0.1 6.4273139e-12 0.0010990073 0.9999994 0 0 0 0 1
            0.99680171 -0.077088628 -0.021064234 -0.2 0.079914696 0.96155126 0.26274097 0.1 -1.6898106e-10 -0.26358399 0.96463645 0 0 0 0 1
            0.99680171 -0.070360266 -0.037891838 -0.2 0.079914695 0.87762624 0.47263709 0.1 -3.4022987e-10 -0.47415357 0.88044216 0 0 0 0 1
            0.99680171 -0.063805197 -0.048117093 -0.2 0.07991469 0.79586281 0.60017999 0.1 2.0230564e-09 -0.6021057 0.79841638 0 0 0 0 1
            0.99680171 -0.061122231 -0.051482342 -0.2 0.079914697 0.76239725 0.6421558 0.1 4.9980976e-10 -0.6442162 0.76484344 0 0 0 0 1
            0.99680171 -0.063744463 -0.048197521 -0.2 0.079914689 0.79510526 0.60118322 0.1 1.2328992e-09 -0.60311215 0.7976564 0 0 0 0 1
            0.99680171 -0.07027177 -0.038055702 -0.2 0.079914693 0.87652243 0.47468102 0.1 1.1325966e-09 -0.47620406 0.8793348 0 0 0 0 1
            0.99680171 -0.07702412 -0.021298894 -0.2 0.079914692 0.96074667 0.26566797 0.1 4.1732405e-10 -0.26652038 0.96382928 0 0 0 0 1
            0.99680171 -0.079914693 0 -0.2 0.079914693 0.99680171 0 0.1 0 0 1 0 0 0 0 1
          </float_array>
          <technique_common>
            <accessor source="#Run-UpperArm_L-output-array" count="17" stride="16">
              <param name="TRANSFORM" type="float4x4"/>
            </accessor>
          </technique_common>
        </source>
        <source id="Run-UpperArm_L-interp">
          <Name_array id="Run-UpperArm_L-interp-array" count="17">LINEAR LINEAR LINEAR LINEAR LINEAR LINEAR LINEAR LINEAR LINEAR LINEAR LINEAR LINEAR LINEAR LINEAR LINEAR LINEAR LINEAR</Name_array>
          <technique_common>
            <accessor source="#Run-UpperArm_L-interp-array" count="17" stride="1">
              <param name="INTERPOLATION" type="name"/>
            </accessor>
          </technique_common>
        </source>
        <sampler id="Run-UpperArm_L-sampler">
          <input semantic="INPUT" source="#Run-UpperArm_L-input"/>
          <input semantic="OUTPUT" source="#Run-UpperArm_L-output"/>
          <input semantic="INTERPOLATION" source="#Run-UpperArm_L-interp"/>
        </sampler>
        <channel source="#Run-UpperArm_L-sampler" target="UpperArm_L/matrix"/>
        <source id="Run-LowerArm_L-input">
          <float_array id="Run-LowerArm_L-input-array" count="17">
            0 0.041666668 0.083333336 0.125 0.16666667 0.20833333 0.25 0.29166666
            0.33333334 0.375 0.41666666 0.45833334 0.5 0.54166669 0.58333331 0.625
            0.66666669
          </float_array>
          <technique_common>
            <accessor source="#Run-LowerArm_L-input-array" count="17" stride="1">
              <param name="TIME" type="float"/>
            </accessor>
          </technique_common>
        </source>
        <source id="Run-LowerArm_L-output">
          <float_array id="Run-LowerArm_L-output-array" count="272">
            1 0 0 0 0 0.96891242 -0.24740395 -0.23999999 0 0.24740395 0.96891242 0 0 0 0 1
            1 0 0 0 0 0.96891242 -0.24740395 -0.23999999 0 0.24740395 0.96891242 0 0 0 0 1
            1 0 0 0 0 0.96891242 -0.24740395 -0.23999999 0 0.24740395 0.96891242 0 0 0 0 1
            1 0 0 0 0 0.96891242 -0.24740395 -0.23999999 0 0.24740395 0.96891242 0 0 0 0 1
            1 0 0 0 0 0.96891242 -0.24740395 -0.23999999 0 0.24740395 0.96891242 0 0 0 0 1
            1 0 0 0 0 0.96891242 -0.24740395 -0.23999999 0 0.24740395 0.96891242 0 0 0 0 1
            1 0 0 0 0 0.96891242 -0.24740395 -0.23999999 0 0.24740395 0.96891242 0 0 0 0 1
            1 0 0 0 0 0.96891242 -0.24740395 -0.23999999 0 0.24740395 0.96891242 0 0 0 0 1
            1 0 0 0 0 0.96891242 -0.24740395 -0.23999999 0 0.24740395 0.96891242 0 0 0 0 1
            1 0 0 0 0 0.94098655 -0.33844395 -0.23999999 0 0.33844395 0.94098655 0 0 0 0 1
            1 0 0 0 0 0.91044842 -0.41362263 -0.23999999 0 0.41362263 0.91044842 0 0 0 0 1
            1 0 0 0 0 0.88664242 -0.46245564 -0.23999999 0 0.46245564 0.88664242 0 0 0 0 1
            1 0 0 0 0 0.87758289 -0.47942494 -0.23999999 0 0.47942494 0.87758289 0 0 0 0 1
            1 0 0 0 0 0.88643404 -0.46285494 -0.23999999 0 0.46285494 0.88643404 0 0 0 0 1
            1 0 0 0 0 0.91010385 -0.41438024 -0.23999999 0 0.41438024 0.91010385 0 0 0 0 1
            1 0 0 0 0 0.94061791 -0.33946716 -0.23999999 0 0.33946716 0.94061791 0 0 0 0 1
            1 0 0 0 0 0.96891242 -0.24740395 -0.23999999 0 0.24740395 0.96891242 0 0 0 0 1
          </float_array>
          <technique_common>
            <accessor source="#Run-LowerArm_L-output-array" count="17" stride="16">
              <param name="TRANSFORM" type="float4x4"/>
            </accessor>
          </technique_common>
        </source>
        <source id="Run-LowerArm_L-interp">
          <Name_array id="Run-LowerArm_L-interp-array" count="17">LINEAR LINEAR LINEAR LINEAR LINEAR LINEAR LINEAR LINEAR LINEAR LINEAR LINEAR LINEAR LINEAR LINEAR LINEAR LINEAR LINEAR</Name_array>
          <technique_common>
            <accessor source="#Run-LowerArm_L-interp-array" count="17" stride="1">
              <param name="INTERPOLATION" type="name"/>
            </accessor>
          </technique_common>
        </source>
        <sampler id="Run-LowerArm_L-sampler">
          <input semantic="INPUT" source="#Run-LowerArm_L-input"/>
          <input semantic="OUTPUT" source="#Run-LowerArm_L-output"/>
          <input semantic="INTERPOLATION" source="#Run-LowerArm_L-interp"/>
        </sampler>
        <channel source="#Run-LowerArm_L-sampler" target="LowerArm_L/matrix"/>
        <source id="Run-Hand_L-input">
          <float_array id="Run-Hand_L-input-array" count="17">
            0 0.041666668 0.083333336 0.125 0.16666667 0.20833333 0.25 0.29166666
            0.33333334 0.375 0.41666666 0.45833334 0.5 0.54166669 0.58333331 0.625
            0.66666669
          </float_array>
          <technique_common>
            <accessor source="#Run-Hand_L-input-array" count="17" stride="1">
              <param name="TIME" type="float"/>
            </accessor>
          </technique_common>
        </source>
        <source id="Run-Hand_L-output">
          <float_array id="Run-Hand_L-output-array" count="272">
            1 0 0 0 0 1 0 -0.22 0 0 1 0 0 0 0 1
            1 0 0 0 0 1 0 -0.22 0 0 1 0 0 0 0 1
            1 0 0 0 0 1 0 -0.22 0 0 1 0 0 0 0 1
            1 0 0 0 0 1 0 -0.22 0 0 1 0 0 0 0 1
            1 0 0 0 0 1 0 -0.22 0 0 1 0 0 0 0 1
            1 0 0 0 0 1 0 -0.22 0 0 1 0 0 0 0 1
            1 0 0 0 0 1 0 -0.22 0 0 1 0 0 0 0 1
            1 0 0 0 0 1 0 -0.22 0 0 1 0 0 0 0 1
            1 0 0 0 0 1 0 -0.22 0 0 1 0 0 0 0 1
            1 0 0 0 0 1 0 -0.22 0 0 1 0 0 0 0 1
            1 0 0 0 0 1 0 -0.22 0 0 1 0 0 0 0 1
            1 0 0 0 0 1 0 -0.22 0 0 1 0 0 0 0 1
            1 0 0 0 0 1 0 -0.22 0 0 1 0 0 0 0 1
            1 0 0 0 0 1 0 -0.22 0 0 1 0 0 0 0 1
            1 0 0 0 0 1 0 -0.22 0 0 1 0 0 0 0 1
            1 0 0 0 0 1 0 -0.22 0 0 1 0 0 0 0 1
            1 0 0 0 0 1 0 -0.22 0 0 1 0 0 0 0 1
          </float_array>
          <technique_common>
            <accessor source="#Run-Hand_L-output-array" count="17" stride="16">
              <param name="TRANSFORM" type="float4x4"/>
            </accessor>
          </technique_common>
        </source>
        <source id="Run-Hand_L-interp">
          <Name_array id="Run-Hand_L-interp-array" count="17">LINEAR LINEAR LINEAR LINEAR LINEAR LINEAR LINEAR LINEAR LINEAR LINEAR LINEAR LINEAR LINEAR LINEAR LINEAR LINEAR LINEAR</Name_array>
          <technique_common>
            <accessor source="#Run-Hand_L-interp-array" count="17" stride="1">
              <param name="INTERPOLATION" type="name"/>
            </accessor>
          </technique_common>
        </source>
        <sampler id="Run-Hand_L-sampler">
          <input semantic="INPUT" source="#Run-Hand_L-input"/>
          <input semantic="OUTPUT" source="#Run-Hand_L-output"/>
          <input semantic="INTERPOLATION" source="#Run-Hand_L-interp"/>
        </sampler>
        <channel source="#Run-Hand_L-sampler" target="Hand_L/matrix"/>
        <source id="Run-UpperArm_R-input">
          <float_array id="Run-UpperArm_R-input-array" count="17">
            0 0.041666668 0.083333336 0.125 0.16666667 0.20833333 0.25 0.29166666
            0.33333334 0.375 0.41666666 0.45833334 0.5 0.54166669 0.58333331 0.625
            0.66666669
          </float_array>
          <technique_common>
            <accessor source="#Run-UpperArm_R-input-array" count="17" stride="1">
              <param name="TIME" type="float"/>
            </accessor>
          </technique_common>
        </source>
        <source id="Run-UpperArm_R-output">
          <float_array id="Run-UpperArm_R-output-array" count="272">
            0.99680171 0.079914693 0 0.2 -0.079914693 0.99680171 -0 0.1 -0 0 1 0 0 0 0 1
            0.99680171 0.077067193 0.021142528 0.2 -0.079914697 0.96128388 0.26371756 0.1 2.2102275e-10 -0.26456371 0.96436821 0 0 0 0 1
            0.99680171 0.07033076 0.037946566 0.2 -0.07991469 0.87725827 0.47331974 0.1 -1.7227583e-09 -0.47483841 0.880073 0 0 0 0 1
            0.99680171 0.063784888 0.048144012 0.2 -0.079914691 0.79560948 0.60051578 0.1 -3.2779011e-10 -0.60244257 0.79816223 0 0 0 0 1
            0.99680171 0.061122145 0.051482447 0.2 -0.079914698 0.76239615 0.64215711 0.1 1.0264047e-09 -0.64421751 0.76484234 0 0 0 0 1
            0.99680171 0.063764644 0.048170824 0.2 -0.079914692 0.79535695 0.6008502 0.1 -7.3558103e-10 -0.60277806 0.7979089 0 0 0 0 1
            0.99680171 0.070301268 0.038001191 0.2 -0.079914697 0.87689031 0.47400108 0.1 5.5169925e-10 -0.47552194 0.87970386 0 0 0 0 1
            0.99680171 0.077045689 0.021220748 0.2 -0.079914695 0.96101568 0.26469322 0.1 -1.7907254e-10 -0.2655425 0.96409915 0 0 0 0 1
            0.99680171 0.079914651 8.7826835e-05 0.2 -0.0799147 0.9968011 0.0010954924 0.1 6.4273139e-12 -0.0010990073 0.9999994 0 0 0 0 1
            0.99680171 0.077088628 -0.021064234 0.2 -0.079914696 0.96155126 -0.26274097 0.1 -1.6898106e-10 0.26358399 0.96463645 0 0 0 0 1
            0.99680171 0.070360266 -0.037891838 0.2 -0.079914695 0.87762624 -0.47263709 0.1 -3.4022987e-10 0.47415357 0.88044216 0 0 0 0 1
            0.99680171 0.063805197 -0.048117093 0.2 -0.07991469 0.79586281 -0.60017999 0.1 2.0230564e-09 0.6021057 0.79841638 0 0 0 0 1
            0.99680171 0.061122231 -0.051482342 0.2 -0.079914697 0.76239725 -0.6421558 0.1 4.9980976e-10 0.6442162 0.76484344 0 0 0 0 1
            0.99680171 0.063744463 -0.048197521 0.2 -0.079914689 0.79510526 -0.60118322 0.1 1.2328992e-09 0.60311215 0.7976564 0 0 0 0 1
            0.99680171 0.07027177 -0.038055702 0.2 -0.079914693 0.87652243 -0.47468102 0.1 1.1325966e-09 0.47620406 0.8793348 0 0 0 0 1
            0.99680171 0.07702412 -0.021298894 0.2 -0.079914692 0.96074667 -0.26566797 0.1 4.1732405e-10 0.26652038 0.96382928 0 0 0 0 1
            0.99680171 0.079914693 0 0.2 -0.079914693 0.99680171 -0 0.1 -0 0 1 0 0 0 0 1
          </float_array>
          <technique_common>
            <accessor source="#Run-UpperArm_R-output-array" count="17" stride="16">
              <param name="TRANSFORM" type="float4x4"/>
            </accessor>
          </technique_common>
        </source>
        <source id="Run-UpperArm_R-interp">
          <Name_array id="Run-UpperArm_R-interp-array" count="17">LINEAR LINEAR LINEAR LINEAR LINEAR LINEAR LINEAR LINEAR LINEAR LINEAR LINEAR LINEAR LINEAR LINEAR LINEAR LINEAR LINEAR</Name_array>
          <technique_common>
            <accessor source="#Run-UpperArm_R-interp-array" count="17" stride="1">
              <param name="INTERPOLATION" type="name"/>
            </accessor>
          </technique_common>
        </source>
        <sampler id="Run-UpperArm_R-sampler">
          <input semantic="INPUT" source="#Run-UpperArm_R-input"/>
          <input semantic="OUTPUT" source="#Run-UpperArm_R-output"/>
          <input semantic="INTERPOLATION" source="#Run-UpperArm_R-interp"/>
        </sampler>
        <channel source="#Run-UpperArm_R-sampler" target="UpperArm_R/matrix"/>
        <source id="Run-LowerArm_R-input">
          <float_array id="Run-LowerArm_R-input-array" count="17">
            0 0.041666668 0.083333336 0.125 0.16666667 0.20833333 0.25 0.29166666
            0.33333334 0.375 0.41666666 0.45833334 0.5 0.54166669 0.58333331 0.625
            0.66666669
          </float_array>
          <technique_common>
            <accessor source="#Run-LowerArm_R-input-array" count="17" stride="1">
              <param name="TIME" type="float"/>
            </accessor>
          </technique_common>
        </source>
        <source id="Run-LowerArm_R-output">
          <float_array id="Run-LowerArm_R-output-array" count="272">
            1 0 0 0 0 0.96891242 -0.24740395 -0.23999999 0 0.24740395 0.96891242 0 0 0 0 1
            1 0 0 0 0 0.94086372 -0.33878527 -0.23999999 0 0.33878527 0.94086372 0 0 0 0 1
            1 0 0 0 0 0.91033346 -0.41387558 -0.23999999 0 0.41387558 0.91033346 0 0 0 0 1
            1 0 0 0 0 0.88657271 -0.46258927 -0.23999999 0 0.46258927 0.88657271 0 0 0 0 1
            1 0 0 0 0 0.8775826 -0.47942547 -0.23999999 0 0.47942547 0.8775826 0 0 0 0 1
            1 0 0 0 0 0.88650325 -0.46272236 -0.23999999 0 0.46272236 0.88650325 0 0 0 0 1
            1 0 0 0 0 0.9102186 -0.41412813 -0.23999999 0 0.41412813 0.9102186 0 0 0 0 1
            1 0 0 0 0 0.94074083 -0.33912636 -0.23999999 0 0.33912636 0.94074083 0 0 0 0 1
            1 0 0 0 0 0.96881524 -0.24778424 -0.23999999 0 0.24778424 0.96881524 0 0 0 0 1
            1 0 0 0 0 0.96891242 -0.24740395 -0.23999999 0 0.24740395 0.96891242 0 0 0 0 1
            1 0 0 0 0 0.96891242 -0.24740395 -0.23999999 0 0.24740395 0.96891242 0 0 0 0 1
            1 0 0 0 0 0.96891242 -0.24740395 -0.23999999 0 0.24740395 0.96891242 0 0 0 0 1
            1 0 0 0 0 0.96891242 -0.24740395 -0.23999999 0 0.24740395 0.96891242 0 0 0 0 1
            1 0 0 0 0 0.96891242 -0.24740395 -0.23999999 0 0.24740395 0.96891242 0 0 0 0 1
            1 0 0 0 0 0.96891242 -0.24740395 -0.23999999 0 0.24740395 0.96891242 0 0 0 0 1
            1 0 0 0 0 0.96891242 -0.24740395 -0.23999999 0 0.24740395 0.96891242 0 0 0 0 1
            1 0 0 0 0 0.96891242 -0.24740395 -0.23999999 0 0.24740395 0.96891242 0 0 0 0 1
          </float_array>
          <technique_common>
            <accessor source="#Run-LowerArm_R-output-array" count="17" stride="16">
              <param name="TRANSFORM" type="float4x4"/>
            </accessor>
          </technique_common>
        </source>
        <source id="Run-LowerArm_R-interp">
          <Name_array id="Run-LowerArm_R-interp-array" count="17">LINEAR LINEAR LINEAR LINEAR LINEAR LINEAR LINEAR LINEAR LINEAR LINEAR LINEAR LINEAR LINEAR LINEAR LINEAR LINEAR LINEAR</Name_array>
          <technique_common>
            <accessor source="#Run-LowerArm_R-interp-array" count="17" stride="1">
              <param name="INTERPOLATION" type="name"/>
            </accessor>
          </technique_common>
        </source>
        <sampler id="Run-LowerArm_R-sampler">
          <input semantic="INPUT" source="#Run-LowerArm_R-input"/>
          <input semantic="OUTPUT" source="#Run-LowerArm_R-output"/>
          <input semantic="INTERPOLATION" source="#Run-LowerArm_R-interp"/>
        </sampler>
        <channel source="#Run-LowerArm_R-sampler" target="LowerArm_R/matrix"/>
        <source id="Run-Hand_R-input">
          <float_array id="Run-Hand_R-input-array" count="17">
            0 0.041666668 0.083333336 0.125 0.16666667 0.20833333 0.25 0.29166666
            0.33333334 0.375 0.41666666 0.45833334 0.5 0.54166669 0.58333331 0.625
            0.66666669
          </float_array>
          <technique_common>
            <accessor source="#Run-Hand_R-input-array" count="17" stride="1">
              <param name="TIME" type="float"/>
            </accessor>
          </technique_common>
        </source>
        <source id="Run-Hand_R-output">
          <float_array id="Run-Hand_R-output-array" count="272">
            1 0 0 0 0 1 0 -0.22 0 0 1 0 0 0 0 1
            1 0 0 0 0 1 0 -0.22 0 0 1 0 0 0 0 1
            1 0 0 0 0 1 0 -0.22 0 0 1 0 0 0 0 1
            1 0 0 0 0 1 0 -0.22 0 0 1 0 0 0 0 1
            1 0 0 0 0 1 0 -0.22 0 0 1 0 0 0 0 1
            1 0 0 0 0 1 0 -0.22 0 0 1 0 0 0 0 1
            1 0 0 0 0 1 0 -0.22 0 0 1 0 0 0 0 1
            1 0 0 0 0 1 0 -0.22 0 0 1 0 0 0 0 1
            1 0 0 0 0 1 0 -0.22 0 0 1 0 0 0 0 1
            1 0 0 0 0 1 0 -0.22 0 0 1 0 0 0 0 1
            1 0 0 0 0 1 0 -0.22 0 0 1 0 0 0 0 1
            1 0 0 0 0 1 0 -0.22 0 0 1 0 0 0 0 1
            1 0 0 0 0 1 0 -0.22 0 0 1 0 0 0 0 1
            1 0 0 0 0 1 0 -0.22 0 0 1 0 0 0 0 1
            1 0 0 0 0 1 0 -0.22 0 0 1 0 0 0 0 1
            1 0 0 0 0 1 0 -0.22 0 0 1 0 0 0 0 1
            1 0 0 0 0 1 0 -0.22 0 0 1 0 0 0 0 1
          </float_array>
          <technique_common>
            <accessor source="#Run-Hand_R-output-array" count="17" stride="16">
              <param name="TRANSFORM" type="float4x4"/>
            </accessor>
          </technique_common>
        </source>
        <source id="Run-Hand_R-interp">
          <Name_array id="Run-Hand_R-interp-array" count="17">LINEAR LINEAR LINEAR LINEAR LINEAR LINEAR LINEAR LINEAR LINEAR LINEAR LINEAR LINEAR LINEAR LINEAR LINEAR LINEAR LINEAR</Name_array>
          <technique_common>
            <accessor source="#Run-Hand_R-interp-array" count="17" stride="1">
              <param name="INTERPOLATION" type="name"/>
            </accessor>
          </technique_common>
        </source>
        <sampler id="Run-Hand_R-sampler">
          <input semantic="INPUT" source="#Run-Hand_R-input"/>
          <input semantic="OUTPUT" source="#Run-Hand_R-output"/>
          <input semantic="INTERPOLATION" source="#Run-Hand_R-interp"/>
        </sampler>
        <channel source="#Run-Hand_R-sampler" target="Hand_R/matrix"/>
        <source id="Run-UpperLeg_L-input">
          <float_array id="Run-UpperLeg_L-input-array" count="17">
            0 0.041666668 0.083333336 0.125 0.16666667 0.20833333 0.25 0.29166666
            0.33333334 0.375 0.41666666 0.45833334 0.5 0.54166669 0.58333331 0.625
            0.66666669
          </float_array>
          <technique_common>
            <accessor source="#Run-UpperLeg_L-input-array" count="17" stride="1">
              <param name="TIME" type="float"/>
            </accessor>
          </technique_common>
        </source>
        <source id="Run-UpperLeg_L-output">
          <float_array id="Run-UpperLeg_L-output-array" count="272">
            1 0 0 -0.090000004 0 1 0 -0.059999999 0 0 1 0 0 0 0 1
            1 -0 0 -0.090000004 0 0.94761023 0.31942894 -0.059999999 -0 -0.31942894 0.94761023 0 0 0 0 1
            1 -0 0 -0.090000004 0 0.82488092 0.56530652 -0.059999999 -0 -0.56530652 0.82488092 0 0 0 0 1
            1 -0 0 -0.090000004 0 0.70731335 0.70690015 -0.059999999 -0 -0.70690015 0.70731335 0 0 0 0 1
            1 -0 0 -0.090000004 0 0.65998335 0.75128023 -0.059999999 -0 -0.75128023 0.65998335 0 0 0 0 1
            1 -0 0 -0.090000004 0 0.70695245 0.70726108 -0.059999999 -0 -0.70726108 0.70695245 0 0 0 0 1
            1 -0 0 -0.090000004 0 0.82434731 0.56608437 -0.059999999 -0 -0.56608437 0.82434731 0 0 0 0 1
            1 -0 0 -0.090000004 0 0.94721578 0.32059675 -0.059999999 -0 -0.32059675 0.94721578 0 0 0 0 1
            1 -0 0 -0.090000004 0 0.99999911 0.0013345087 -0.059999999 -0 -0.0013345087 0.99999911 0 0 0 0 1
            1 0 0 -0.090000004 0 0.9480035 -0.31825989 -0.059999999 0 0.31825989 0.9480035 0 0 0 0 1
            1 0 0 -0.090000004 0 0.82541462 -0.56452697 -0.059999999 0 0.56452697 0.82541462 0 0 0 0 1
            1 0 0 -0.090000004 0 0.70767548 -0.70653763 -0.059999999 0 0.70653763 0.70767548 0 0 0 0 1
            1 0 0 -0.090000004 0 0.65998491 -0.75127886 -0.059999999 0 0.75127886 0.65998491 0 0 0 0 1
            1 0 0 -0.090000004 0 0.70659269 -0.7076205 -0.059999999 0 0.7076205 0.70659269 0 0 0 0 1
            1 0 0 -0.090000004 0 0.82381381 -0.56686049 -0.059999999 0 0.56686049 0.82381381 0 0 0 0 1
            1 0 0 -0.090000004 0 0.94682014 -0.32176331 -0.059999999 0 0.32176331 0.94682014 0 0 0 0 1
            1 0 0 -0.090000004 0 1 0 -0.059999999 0 0 1 0 0 0 0 1
          </float_array>
          <technique_common>
            <accessor source="#Run-UpperLeg_L-output-array" count="17" stride="16">
              <param name="TRANSFORM" type="float4x4"/>
            </accessor>
          </technique_common>
        </source>
        <source id="Run-UpperLeg_L-interp">
          <Name_array id="Run-UpperLeg_L-interp-array" count="17">LINEAR LINEAR LINEAR LINEAR LINEAR LINEAR LINEAR LINEAR LINEAR LINEAR LINEAR LINEAR LINEAR LINEAR LINEAR LINEAR LINEAR</Name_array>
          <technique_common>
            <accessor source="#Run-UpperLeg_L-interp-array" count="17" stride="1">
              <param name="INTERPOLATION" type="name"/>
            </accessor>
          </technique_common>
        </source>
        <sampler id="Run-UpperLeg_L-sampler">
          <input semantic="INPUT" source="#Run-UpperLeg_L-input"/>
          <input semantic="OUTPUT" source="#Run-UpperLeg_L-output"/>
          <input semantic="INTERPOLATION" source="#Run-UpperLeg_L-interp"/>
        </sampler>
        <channel source="#Run-UpperLeg_L-sampler" target="UpperLeg_L/matrix"/>
        <source id="Run-LowerLeg_L-input">
          <float_array id="Run-LowerLeg_L-input-array" count="17">
            0 0.041666668 0.083333336 0.125 0.16666667 0.20833333 0.25 0.29166666
            0.33333334 0.375 0.41666666 0.45833334 0.5 0.54166669 0.58333331 0.625
            0.66666669
          </float_array>
          <technique_common>
            <accessor source="#Run-LowerLeg_L-input-array" count="17" stride="1">
              <param name="TIME" type="float"/>
            </accessor>
          </technique_common>
        </source>
        <source id="Run-LowerLeg_L-output">
          <float_array id="Run-LowerLeg_L-output-array" count="272">
            1 0 0 0 0 1 0 -0.36000001 0 0 1 0 0 0 0 1
            1 0 0 0 0 1 0 -0.36000001 0 0 1 0 0 0 0 1
            1 0 0 0 0 1 0 -0.36000001 0 0 1 0 0 0 0 1
            1 0 0 0 0 1 0 -0.36000001 0 0 1 0 0 0 0 1
            1 0 0 0 0 1 0 -0.36000001 0 0 1 0 0 0 0 1
            1 0 0 0 0 1 0 -0.36000001 0 0 1 0 0 0 0 1
            1 0 0 0 0 1 0 -0.36000001 0 0 1 0 0 0 0 1
            1 0 0 0 0 1 0 -0.36000001 0 0 1 0 0 0 0 1
            1 0 0 0 0 1 0 -0.36000001 0 0 1 0 0 0 0 1
            1 0 0 0 0 0.92102066 -0.38951373 -0.36000001 0 0.38951373 0.92102066 0 0 0 0 1
            1 0 0 0 0 0.73779148 -0.67502869 -0.36000001 0 0.67502869 0.73779148 0 0 0 0 1
            1 0 0 0 0 0.56595611 -0.82443537 -0.36000001 0 0.82443537 0.56595611 0 0 0 0 1
            1 0 0 0 0 0.49757355 -0.86742179 -0.36000001 0 0.86742179 0.49757355 0 0 0 0 1
            1 0 0 0 0 0.56439553 -0.8255045 -0.36000001 0 0.8255045 0.56439553 0 0 0 0 1
            1 0 0 0 0 0.7354273 -0.67760363 -0.36000001 0 0.67760363 0.7354273 0 0 0 0 1
            1 0 0 0 0 0.91923176 -0.39371686 -0.36000001 0 0.39371686 0.91923176 0 0 0 0 1
            1 0 0 0 0 1 0 -0.36000001 0 0 1 0 0 0 0 1
          </float_array>
          <technique_common>
            <accessor source="#Run-LowerLeg_L-output-array" count="17" stride="16">
              <param name="TRANSFORM" type="float4x4"/>
            </accessor>
          </technique_common>
        </source>
        <source id="Run-LowerLeg_L-interp">
          <Name_array id="Run-LowerLeg_L-interp-array" count="17">LINEAR LINEAR LINEAR LINEAR LINEAR LINEAR LINEAR LINEAR LINEAR LINEAR LINEAR LINEAR LINEAR LINEAR LINEAR LINEAR LINEAR</Name_array>
          <technique_common>
            <accessor source="#Run-LowerLeg_L-interp-array" count="17" stride="1">
              <param name="INTERPOLATION" type="name"/>
            </accessor>
          </technique_common>
        </source>
        <sampler id="Run-LowerLeg_L-sampler">
          <input semantic="INPUT" source="#Run-LowerLeg_L-input"/>
          <input semantic="OUTPUT" source="#Run-LowerLeg_L-output"/>
          <input semantic="INTERPOLATION" source="#Run-LowerLeg_L-interp"/>
        </sampler>
        <channel source="#Run-LowerLeg_L-sampler" target="LowerLeg_L/matrix"/>
        <source id="Run-Foot_L-input">
          <float_array id="Run-Foot_L-input-array" count="17">
            0 0.041666668 0.083333336 0.125 0.16666667 0.20833333 0.25 0.29166666
            0.33333334 0.375 0.41666666 0.45833334 0.5 0.54166669 0.58333331 0.625
            0.66666669
          </float_array>
          <technique_common>
            <accessor source="#Run-Foot_L-input-array" count="17" stride="1">
              <param name="TIME" type="float"/>
            </accessor>
          </technique_common>
        </source>
        <source id="Run-Foot_L-output">
          <float_array id="Run-Foot_L-output-array" count="272">
            1 0 0 0 0 1 0 -0.34 0 0 1 0.059999999 0 0 0 1
            1 -0 0 0 0 0.99835449 0.057343843 -0.34 -0 -0.057343843 0.99835449 0.059999999 0 0 0 1
            1 -0 0 0 0 0.99438468 0.10582585 -0.34 -0 -0.10582585 0.99438468 0.059999999 0 0 0 1
            1 -0 0 0 0 0.99041755 0.13810529 -0.34 -0 -0.13810529 0.99041755 0.059999999 0 0 0 1
            1 -0 0 0 0 0.98877108 0.14943809 -0.34 -0 -0.14943809 0.98877108 0.059999999 0 0 0 1
            1 -0 0 0 0 0.99040511 0.13819449 -0.34 -0 -0.13819449 0.99040511 0.059999999 0 0 0 1
            1 -0 0 0 0 0.99436705 0.10599137 -0.34 -0 -0.10599137 0.99436705 0.059999999 0 0 0 1
            1 -0 0 0 0 0.99834199 0.057561005 -0.34 -0 -0.057561005 0.99834199 0.059999999 0 0 0 1
            1 -0 0 0 0 0.99999997 0.0002355016 -0.34 -0 -0.0002355016 0.99999997 0.059999999 0 0 0 1
            1 0 0 0 0 1 0 -0.34 0 0 1 0.059999999 0 0 0 1
            1 0 0 0 0 1 0 -0.34 0 0 1 0.059999999 0 0 0 1
            1 0 0 0 0 1 0 -0.34 0 0 1 0.059999999 0 0 0 1
            1 0 0 0 0 1 0 -0.34 0 0 1 0.059999999 0 0 0 1
            1 0 0 0 0 1 0 -0.34 0 0 1 0.059999999 0 0 0 1
            1 0 0 0 0 1 0 -0.34 0 0 1 0.059999999 0 0 0 1
            1 0 0 0 0 1 0 -0.34 0 0 1 0.059999999 0 0 0 1
            1 0 0 0 0 1 0 -0.34 0 0 1 0.059999999 0 0 0 1
          </float_array>
          <technique_common>
            <accessor source="#Run-Foot_L-output-array" count="17" stride="16">
              <param name="TRANSFORM" type="float4x4"/>
            </accessor>
          </technique_common>
        </source>
        <source id="Run-Foot_L-interp">
          <Name_array id="Run-Foot_L-interp-array" count="17">LINEAR LINEAR LINEAR LINEAR LINEAR LINEAR LINEAR LINEAR LINEAR LINEAR LINEAR LINEAR LINEAR LINEAR LINEAR LINEAR LINEAR</Name_array>
          <technique_common>
            <accessor source="#Run-Foot_L-interp-array" count="17" stride="1">
              <param name="INTERPOLATION" type="name"/>
            </accessor>
          </technique_common>
        </source>
        <sampler id="Run-Foot_L-sampler">
          <input semantic="INPUT" source="#Run-Foot_L-input"/>
          <input semantic="OUTPUT" source="#Run-Foot_L-output"/>
          <input semantic="INTERPOLATION" source="#Run-Foot_L-interp"/>
        </sampler>
        <channel source="#Run-Foot_L-sampler" target="Foot_L/matrix"/>
        <source id="Run-UpperLeg_R-input">
          <float_array id="Run-UpperLeg_R-input-array" count="17">
            0 0.041666668 0.083333336 0.125 0.16666667 0.20833333 0.25 0.29166666
            0.33333334 0.375 0.41666666 0.45833334 0.5 0.54166669 0.58333331 0.625
            0.66666669
          </float_array>
          <technique_common>
            <accessor source="#Run-UpperLeg_R-input-array" count="17" stride="1">
              <param name="TIME" type="float"/>
            </accessor>
          </technique_common>
        </source>
        <source id="Run-UpperLeg_R-output">
          <float_array id="Run-UpperLeg_R-output-array" count="272">
            1 -0 0 0.090000004 0 1 1.0409498e-16 -0.059999999 -0 -1.0409498e-16 1 0 0 0 0 1
            1 0 0 0.090000004 0 0.94761023 -0.31942894 -0.059999999 0 0.31942894 0.94761023 0 0 0 0 1
            1 0 0 0.090000004 0 0.82488092 -0.56530652 -0.059999999 0 0.56530652 0.82488092 0 0 0 0 1
            1 0 0 0.090000004 0 0.70731335 -0.70690015 -0.059999999 0 0.70690015 0.70731335 0 0 0 0 1
            1 0 0 0.090000004 0 0.65998335 -0.75128023 -0.059999999 0 0.75128023 0.65998335 0 0 0 0 1
            1 0 0 0.090000004 0 0.70695245 -0.70726108 -0.059999999 0 0.70726108 0.70695245 0 0 0 0 1
            1 0 0 0.090000004 0 0.82434731 -0.56608437 -0.059999999 0 0.56608437 0.82434731 0 0 0 0 1
            1 0 0 0.090000004 0 0.94721578 -0.32059675 -0.059999999 0 0.32059675 0.94721578 0 0 0 0 1
            1 0 0 0.090000004 0 0.99999911 -0.0013345087 -0.059999999 0 0.0013345087 0.99999911 0 0 0 0 1
            1 -0 0 0.090000004 0 0.9480035 0.31825989 -0.059999999 -0 -0.31825989 0.9480035 0 0 0 0 1
            1 -0 0 0.090000004 0 0.82541462 0.56452697 -0.059999999 -0 -0.56452697 0.82541462 0 0 0 0 1
            1 -0 0 0.090000004 0 0.70767548 0.70653763 -0.059999999 -0 -0.70653763 0.70767548 0 0 0 0 1
            1 -0 0 0.090000004 0 0.65998491 0.75127886 -0.059999999 -0 -0.75127886 0.65998491 0 0 0 0 1
            1 -0 0 0.090000004 0 0.70659269 0.7076205 -0.059999999 -0 -0.7076205 0.70659269 0 0 0 0 1
            1 -0 0 0.090000004 0 0.82381381 0.56686049 -0.059999999 -0 -0.56686049 0.82381381 0 0 0 0 1
            1 -0 0 0.090000004 0 0.94682014 0.32176331 -0.059999999 -0 -0.32176331 0.94682014 0 0 0 0 1
            1 -0 0 0.090000004 0 1 1.0409498e-16 -0.059999999 -0 -1.0409498e-16 1 0 0 0 0 1
          </float_array>
          <technique_common>
            <accessor source="#Run-UpperLeg_R-output-array" count="17" stride="16">
              <param name="TRANSFORM" type="float4x4"/>
            </accessor>
          </technique_common>
        </source>
        <source id="Run-UpperLeg_R-interp">
          <Name_array id="Run-UpperLeg_R-interp-array" count="17">LINEAR LINEAR LINEAR LINEAR LINEAR LINEAR LINEAR LINEAR LINEAR LINEAR LINEAR LINEAR LINEAR LINEAR LINEAR LINEAR LINEAR</Name_array>
          <technique_common>
            <accessor source="#Run-UpperLeg_R-interp-array" count="17" stride="1">
              <param name="INTERPOLATION" type="name"/>
            </accessor>
          </technique_common>
        </source>
        <sampler id="Run-UpperLeg_R-sampler">
          <input semantic="INPUT" source="#Run-UpperLeg_R-input"/>
          <input semantic="OUTPUT" source="#Run-UpperLeg_R-output"/>
          <input semantic="INTERPOLATION" source="#Run-UpperLeg_R-interp"/>
        </sampler>
        <channel source="#Run-UpperLeg_R-sampler" target="UpperLeg_R/matrix"/>
        <source id="Run-LowerLeg_R-input">
          <float_array id="Run-LowerLeg_R-input-array" count="17">
            0 0.041666668 0.083333336 0.125 0.16666667 0.20833333 0.25 0.29166666
            0.33333334 0.375 0.41666666 0.45833334 0.5 0.54166669 0.58333331 0.625
            0.66666669
          </float_array>
          <technique_common>
            <accessor source="#Run-LowerLeg_R-input-array" count="17" stride="1">
              <param name="TIME" type="float"/>
            </accessor>
          </technique_common>
        </source>
        <source id="Run-LowerLeg_R-output">
          <float_array id="Run-LowerLeg_R-output-array" count="272">
            1 0 0 0 0 1 0 -0.36000001 0 0 1 0 0 0 0 1
            1 0 0 0 0 0.9204261 -0.39091661 -0.36000001 0 0.39091661 0.9204261 0 0 0 0 1
            1 0 0 0 0 0.7370032 -0.67588925 -0.36000001 0 0.67588925 0.7370032 0 0 0 0 1
            1 0 0 0 0 0.56543417 -0.82479343 -0.36000001 0 0.82479343 0.56543417 0 0 0 0 1
            1 0 0 0 0 0.49757137 -0.86742304 -0.36000001 0 0.86742304 0.49757137 0 0 0 0 1
            1 0 0 0 0 0.56491397 -0.82514981 -0.36000001 0 0.82514981 0.56491397 0 0 0 0 1
            1 0 0 0 0 0.7362151 -0.67674761 -0.36000001 0 0.67674761 0.7362151 0 0 0 0 1
            1 0 0 0 0 0.91982981 -0.39231763 -0.36000001 0 0.39231763 0.91982981 0 0 0 0 1
            1 0 0 0 0 0.99999864 -0.0016485105 -0.36000001 0 0.0016485105 0.99999864 0 0 0 0 1
            1 0 0 0 0 1 0 -0.36000001 0 0 1 0 0 0 0 1
            1 0 0 0 0 1 0 -0.36000001 0 0 1 0 0 0 0 1
            1 0 0 0 0 1 0 -0.36000001 0 0 1 0 0 0 0 1
            1 0 0 0 0 1 0 -0.36000001 0 0 1 0 0 0 0 1
            1 0 0 0 0 1 0 -0.36000001 0 0 1 0 0 0 0 1
            1 0 0 0 0 1 0 -0.36000001 0 0 1 0 0 0 0 1
            1 0 0 0 0 1 0 -0.36000001 0 0 1 0 0 0 0 1
            1 0 0 0 0 1 0 -0.36000001 0 0 1 0 0 0 0 1
          </float_array>
          <technique_common>
            <accessor source="#Run-LowerLeg_R-output-array" count="17" stride="16">
              <param name="TRANSFORM" type="float4x4"/>
            </accessor>
          </technique_common>
        </source>
        <source id="Run-LowerLeg_R-interp">
          <Name_array id="Run-LowerLeg_R-interp-array" count="17">LINEAR LINEAR LINEAR LINEAR LINEAR LINEAR LINEAR LINEAR LINEAR LINEAR LINEAR LINEAR LINEAR LINEAR LINEAR LINEAR LINEAR</Name_array>
          <technique_common>
            <accessor source="#Run-LowerLeg_R-interp-array" count="17" stride="1">
              <param name="INTERPOLATION" type="name"/>
            </accessor>
          </technique_common>
        </source>
        <sampler id="Run-LowerLeg_R-sampler">
          <input semantic="INPUT" source="#Run-LowerLeg_R-input"/>
          <input semantic="OUTPUT" source="#Run-LowerLeg_R-output"/>
          <input semantic="INTERPOLATION" source="#Run-LowerLeg_R-interp"/>
        </sampler>
        <channel source="#Run-LowerLeg_R-sampler" target="LowerLeg_R/matrix"/>
        <source id="Run-Foot_R-input">
          <float_array id="Run-Foot_R-input-array" count="17">
            0 0.041666668 0.083333336 0.125 0.16666667 0.20833333 0.25 0.29166666
            0.33333334 0.375 0.41666666 0.45833334 0.5 0.54166669 0.58333331 0.625
            0.66666669
          </float_array>
          <technique_common>
            <accessor source="#Run-Foot_R-input-array" count="17" stride="1">
              <param name="TIME" type="float"/>
            </accessor>
          </technique_common>
        </source>
        <source id="Run-Foot_R-output">
          <float_array id="Run-Foot_R-output-array" count="272">
            1 0 0 0 0 1 0 -0.34 0 0 1 0.059999999 0 0 0 1
            1 0 0 0 0 1 0 -0.34 0 0 1 0.059999999 0 0 0 1
            1 0 0 0 0 1 0 -0.34 0 0 1 0.059999999 0 0 0 1
            1 0 0 0 0 1 0 -0.34 0 0 1 0.059999999 0 0 0 1
            1 0 0 0 0 1 0 -0.34 0 0 1 0.059999999 0 0 0 1
            1 0 0 0 0 1 0 -0.34 0 0 1 0.059999999 0 0 0 1
            1 0 0 0 0 1 0 -0.34 0 0 1 0.059999999 0 0 0 1
            1 0 0 0 0 1 0 -0.34 0 0 1 0.059999999 0 0 0 1
            1 0 0 0 0 1 0 -0.34 0 0 1 0.059999999 0 0 0 1
            1 -0 0 0 0 0.99836695 0.057126535 -0.34 -0 -0.057126535 0.99836695 0.059999999 0 0 0 1
            1 -0 0 0 0 0.99440231 0.10566006 -0.34 -0 -0.10566006 0.99440231 0.059999999 0 0 0 1
            1 -0 0 0 0 0.99043004 0.13801572 -0.34 -0 -0.13801572 0.99043004 0.059999999 0 0 0 1
            1 -0 0 0 0 0.98877114 0.14943772 -0.34 -0 -0.14943772 0.98877114 0.059999999 0 0 0 1
            1 -0 0 0 0 0.9903927 0.13828337 -0.34 -0 -0.13828337 0.9903927 0.059999999 0 0 0 1
            1 -0 0 0 0 0.99434942 0.10615663 -0.34 -0 -0.10615663 0.99434942 0.059999999 0 0 0 1
            1 -0 0 0 0 0.99832945 0.057778024 -0.34 -0 -0.057778024 0.99832945 0.059999999 0 0 0 1
            1 0 0 0 0 1 0 -0.34 0 0 1 0.059999999 0 0 0 1
          </float_array>
          <technique_common>
            <accessor source="#Run-Foot_R-output-array" count="17" stride="16">
              <param name="TRANSFORM" type="float4x4"/>
            </accessor>
          </technique_common>
        </source>
        <source id="Run-Foot_R-interp">
          <Name_array id="Run-Foot_R-interp-array" count="17">LINEAR LINEAR LINEAR LINEAR LINEAR LINEAR LINEAR LINEAR LINEAR LINEAR LINEAR LINEAR LINEAR LINEAR LINEAR LINEAR LINEAR</Name_array>
          <technique_common>
            <accessor source="#Run-Foot_R-interp-array" count="17" stride="1">
              <param name="INTERPOLATION" type="name"/>
            </accessor>
          </technique_common>
        </source>
        <sampler id="Run-Foot_R-sampler">
          <input semantic="INPUT" source="#Run-Foot_R-input"/>
          <input semantic="OUTPUT" source="#Run-Foot_R-output"/>
          <input semantic="INTERPOLATION" source="#Run-Foot_R-interp"/>
        </sampler>
        <channel source="#Run-Foot_R-sampler" target="Foot_R/matrix"/>
      </animation>
      <animation id="Wave" name="Wave">
        <source id="Wave-Root-input">
          <float_array id="Wave-Root-input-array" count="49">
            0 0.041666668 0.083333336 0.125 0.16666667 0.20833333 0.25 0.29166666
            0.33333334 0.375 0.41666666 0.45833334 0.5 0.54166669 0.58333331 0.625
            0.66666669 0.70833331 0.75 0.79166669 0.83333331 0.875 0.91666669 0.95833331
            1 1.0416666 1.0833334 1.125 1.1666666 1.2083334 1.25 1.2916666
            1.3333334 1.375 1.4166666 1.4583334 1.5 1.5416666 1.5833334 1.625
            1.6666666 1.7083334 1.75 1.7916666 1.8333334 1.875 1.9166666 1.9583334
            2
          </float_array>
          <technique_common>
            <accessor source="#Wave-Root-input-array" count="49" stride="1">
              <param name="TIME" type="float"/>
            </accessor>
          </technique_common>
        </source>
        <source id="Wave-Root-output">
          <float_array id="Wave-Root-output-array" count="784">
            1 0 0 0 0 1 0 0 0 0 1 0 0 0 0 1
            1 0 0 0 0 1 0 0 0 0 1 0 0 0 0 1
            1 0 0 0 0 1 0 0 0 0 1 0 0 0 0 1
            1 0 0 0 0 1 0 0 0 0 1 0 0 0 0 1
            1 0 0 0 0 1 0 0 0 0 1 0 0 0 0 1
            1 0 0 0 0 1 0 0 0 0 1 0 0 0 0 1
            1 0 0 0 0 1 0 0 0 0 1 0 0 0 0 1
            1 0 0 0 0 1 0 0 0 0 1 0 0 0 0 1
            1 0 0 0 0 1 0 0 0 0 1 0 0 0 0 1
            1 0 0 0 0 1 0 0 0 0 1 0 0 0 0 1
            1 0 0 0 0 1 0 0 0 0 1 0 0 0 0 1
            1 0 0 0 0 1 0 0 0 0 1 0 0 0 0 1
            1 0 0 0 0 1 0 0 0 0 1 0 0 0 0 1
            1 0 0 0 0 1 0 0 0 0 1 0 0 0 0 1
            1 0 0 0 0 1 0 0 0 0 1 0 0 0 0 1
            1 0 0 0 0 1 0 0 0 0 1 0 0 0 0 1
            1 0 0 0 0 1 0 0 0 0 1 0 0 0 0 1
            1 0 0 0 0 1 0 0 0 0 1 0 0 0 0 1
            1 0 0 0 0 1 0 0 0 0 1 0 0 0 0 1
            1 0 0 0 0 1 0 0 0 0 1 0 0 0 0 1
            1 0 0 0 0 1 0 0 0 0 1 0 0 0 0 1
            1 0 0 0 0 1 0 0 0 0 1 0 0 0 0 1
            1 0 0 0 0 1 0 0 0 0 1 0 0 0 0 1
            1 0 0 0 0 1 0 0 0 0 1 0 0 0 0 1
            1 0 0 0 0 1 0 0 0 0 1 0 0 0 0 1
            1 0 0 0 0 1 0 0 0 0 1 0 0 0 0 1
            1 0 0 0 0 1 0 0 0 0 1 0 0 0 0 1
            1 0 0 0 0 1 0 0 0 0 1 0 0 0 0 1
            1 0 0 0 0 1 0 0 0 0 1 0 0 0 0 1
            1 0 0 0 0 1 0 0 0 0 1 0 0 0 0 1
            1 0 0 0 0 1 0 0 0 0 1 0 0 0 0 1
            1 0 0 0 0 1 0 0 0 0 1 0 0 0 0 1
            1 0 0 0 0 1 0 0 0 0 1 0 0 0 0 1
            1 0 0 0 0 1 0 0 0 0 1 0 0 0 0 1
            1 0 0 0 0 1 0 0 0 0 1 0 0 0 0 1
            1 0 0 0 0 1 0 0 0 0 1 0 0 0 0 1
            1 0 0 0 0 1 0 0 0 0 1 0 0 0 0 1
            1 0 0 0 0 1 0 0 0 0 1 0 0 0 0 1
            1 0 0 0 0 1 0 0 0 0 1 0 0 0 0 1
            1 0 0 0 0 1 0 0 0 0 1 0 0 0 0 1
            1 0 0 0 0 1 0 0 0 0 1 0 0 0 0 1
            1 0 0 0 0 1 0 0 0 0 1 0 0 0 0 1
            1 0 0 0 0 1 0 0 0 0 1 0 0 0 0 1
            1 0 0 0 0 1 0 0 0 0 1 0 0 0 0 1
            1 0 0 0 0 1 0 0 0 0 1 0 0 0 0 1
            1 0 0 0 0 1 0 0 0 0 1 0 0 0 0 1
            1 0 0 0 0 1 0 0 0 0 1 0 0 0 0 1
            1 0 0 0 0 1 0 0 0 0 1 0 0 0 0 1
            1 0 0 0 0 1 0 0 0 0 1 0 0 0 0 1
          </float_array>
          <technique_common>
            <accessor source="#Wave-Root-output-array" count="49" stride="16">
              <param name="TRANSFORM" type="float4x4"/>
            </accessor>
          </technique_common>
        </source>
        <source id="Wave-Root-interp">
          <Name_array id="Wave-Root-interp-array" count="49">LINEAR LINEAR LINEAR LINEAR LINEAR LINEAR LINEAR LINEAR LINEAR LINEAR LINEAR LINEAR LINEAR LINEAR LINEAR LINEAR LINEAR LINEAR LINEAR LINEAR LINEAR LINEAR LINEAR LINEAR LINEAR LINEAR LINEAR LINEAR LINEAR LINEAR LINEAR LINEAR LINEAR LINEAR LINEAR LINEAR LINEAR LINEAR LINEAR LINEAR LINEAR LINEAR LINEAR LINEAR LINEAR LINEAR LINEAR LINEAR LINEAR</Name_array>
          <technique_common>
            <accessor source="#Wave-Root-interp-array" count="49" stride="1">
              <param name="INTERPOLATION" type="name"/>
            </accessor>
          </technique_common>
        </source>
        <sampler id="Wave-Root-sampler">
          <input semantic="INPUT" source="#Wave-Root-input"/>
          <input semantic="OUTPUT" source="#Wave-Root-output"/>
          <input semantic="INTERPOLATION" source="#Wave-Root-interp"/>
        </sampler>
        <channel source="#Wave-Root-sampler" target="Root/matrix"/>
        <source id="Wave-Hips-input">
          <float_array id="Wave-Hips-input-array" count="49">
            0 0.041666668 0.083333336 0.125 0.16666667 0.20833333 0.25 0.29166666
            0.33333334 0.375 0.41666666 0.45833334 0.5 0.54166669 0.58333331 0.625
            0.66666669 0.70833331 0.75 0.79166669 0.83333331 0.875 0.91666669 0.95833331
            1 1.0416666 1.0833334 1.125 1.1666666 1.2083334 1.25 1.2916666
            1.3333334 1.375 1.4166666 1.4583334 1.5 1.5416666 1.5833334 1.625
            1.6666666 1.7083334 1.75 1.7916666 1.8333334 1.875 1.9166666 1.9583334
            2
          </float_array>
          <technique_common>
            <accessor source="#Wave-Hips-input-array" count="49" stride="1">
              <param name="TIME" type="float"/>
            </accessor>
          </technique_common>
        </source>
        <source id="Wave-Hips-output">
          <float_array id="Wave-Hips-output-array" count="784">
            1 0 0 0 0 1 0 0.81999999 0 0 1 0 0 0 0 1
            1 0 0 0 0 1 0 0.81999999 0 0 1 0 0 0 0 1
            1 0 0 0 0 1 0 0.81999999 0 0 1 0 0 0 0 1
            1 0 0 0 0 1 0 0.81999999 0 0 1 0 0 0 0 1
            1 0 0 0 0 1 0 0.81999999 0 0 1 0 0 0 0 1
            1 0 0 0 0 1 0 0.81999999 0 0 1 0 0 0 0 1
            1 0 0 0 0 1 0 0.81999999 0 0 1 0 0 0 0 1
            1 0 0 0 0 1 0 0.81999999 0 0 1 0 0 0 0 1
            1 0 0 0 0 1 0 0.81999999 0 0 1 0 0 0 0 1
            1 0 0 0 0 1 0 0.81999999 0 0 1 0 0 0 0 1
            1 0 0 0 0 1 0 0.81999999 0 0 1 0 0 0 0 1
            1 0 0 0 0 1 0 0.81999999 0 0 1 0 0 0 0 1
            1 0 0 0 0 1 0 0.81999999 0 0 1 0 0 0 0 1
            1 0 0 0 0 1 0 0.81999999 0 0 1 0 0 0 0 1
            1 0 0 0 0 1 0 0.81999999 0 0 1 0 0 0 0 1
            1 0 0 0 0 1 0 0.81999999 0 0 1 0 0 0 0 1
            1 0 0 0 0 1 0 0.81999999 0 0 1 0 0 0 0 1
            1 0 0 0 0 1 0 0.81999999 0 0 1 0 0 0 0 1
            1 0 0 0 0 1 0 0.81999999 0 0 1 0 0 0 0 1
            1 0 0 0 0 1 0 0.81999999 0 0 1 0 0 0 0 1
            1 0 0 0 0 1 0 0.81999999 0 0 1 0 0 0 0 1
            1 0 0 0 0 1 0 0.81999999 0 0 1 0 0 0 0 1
            1 0 0 0 0 1 0 0.81999999 0 0 1 0 0 0 0 1
            1 0 0 0 0 1 0 0.81999999 0 0 1 0 0 0 0 1
            1 0 0 0 0 1 0 0.81999999 0 0 1 0 0 0 0 1
            1 0 0 0 0 1 0 0.81999999 0 0 1 0 0 0 0 1
            1 0 0 0 0 1 0 0.81999999 0 0 1 0 0 0 0 1
            1 0 0 0 0 1 0 0.81999999 0 0 1 0 0 0 0 1
            1 0 0 0 0 1 0 0.81999999 0 0 1 0 0 0 0 1
            1 0 0 0 0 1 0 0.81999999 0 0 1 0 0 0 0 1
            1 0 0 0 0 1 0 0.81999999 0 0 1 0 0 0 0 1
            1 0 0 0 0 1 0 0.81999999 0 0 1 0 0 0 0 1
            1 0 0 0 0 1 0 0.81999999 0 0 1 0 0 0 0 1
            1 0 0 0 0 1 0 0.81999999 0 0 1 0 0 0 0 1
            1 0 0 0 0 1 0 0.81999999 0 0 1 0 0 0 0 1
            1 0 0 0 0 1 0 0.81999999 0 0 1 0 0 0 0 1
            1 0 0 0 0 1 0 0.81999999 0 0 1 0 0 0 0 1
            1 0 0 0 0 1 0 0.81999999 0 0 1 0 0 0 0 1
            1 0 0 0 0 1 0 0.81999999 0 0 1 0 0 0 0 1
            1 0 0 0 0 1 0 0.81999999 0 0 1 0 0 0 0 1
            1 0 0 0 0 1 0 0.81999999 0 0 1 0 0 0 0 1
            1 0 0 0 0 1 0 0.81999999 0 0 1 0 0 0 0 1
            1 0 0 0 0 1 0 0.81999999 0 0 1 0 0 0 0 1
            1 0 0 0 0 1 0 0.81999999 0 0 1 0 0 0 0 1
            1 0 0 0 0 1 0 0.81999999 0 0 1 0 0 0 0 1
            1 0 0 0 0 1 0 0.81999999 0 0 1 0 0 0 0 1
            1 0 0 0 0 1 0 0.81999999 0 0 1 0 0 0 0 1
            1 0 0 0 0 1 0 0.81999999 0 0 1 0 0 0 0 1
            1 0 0 0 0 1 0 0.81999999 0 0 1 0 0 0 0 1
          </float_array>
          <technique_common>
            <accessor source="#Wave-Hips-output-array" count="49" stride="16">
              <param name="TRANSFORM" type="float4x4"/>
            </accessor>
          </technique_common>
        </source>
        <source id="Wave-Hips-interp">
          <Name_array id="Wave-Hips-interp-array" count="49">LINEAR LINEAR LINEAR LINEAR LINEAR LINEAR LINEAR LINEAR LINEAR LINEAR LINEAR LINEAR LINEAR LINEAR LINEAR LINEAR LINEAR LINEAR LINEAR LINEAR LINEAR LINEAR LINEAR LINEAR LINEAR LINEAR LINEAR LINEAR LINEAR LINEAR LINEAR LINEAR LINEAR LINEAR LINEAR LINEAR LINEAR LINEAR LINEAR LINEAR LINEAR LINEAR LINEAR LINEAR LINEAR LINEAR LINEAR LINEAR LINEAR</Name_array>
          <technique_common>
            <accessor source="#Wave-Hips-interp-array" count="49" stride="1">
              <param name="INTERPOLATION" type="name"/>
            </accessor>
          </technique_common>
        </source>
        <sampler id="Wave-Hips-sampler">
          <input semantic="INPUT" source="#Wave-Hips-input"/>
          <input semantic="OUTPUT" source="#Wave-Hips-output"/>
          <input semantic="INTERPOLATION" source="#Wave-Hips-interp"/>
        </sampler>
        <channel source="#Wave-Hips-sampler" target="Hips/matrix"/>
        <source id="Wave-Spine-input">
          <float_array id="Wave-Spine-input-array" count="49">
            0 0.041666668 0.083333336 0.125 0.16666667 0.20833333 0.25 0.29166666
            0.33333334 0.375 0.41666666 0.45833334 0.5 0.54166669 0.58333331 0.625
            0.66666669 0.70833331 0.75 0.79166669 0.83333331 0.875 0.91666669 0.95833331
            1 1.0416666 1.0833334 1.125 1.1666666 1.2083334 1.25 1.2916666
            1.3333334 1.375 1.4166666 1.4583334 1.5 1.5416666 1.5833334 1.625
            1.6666666 1.7083334 1.75 1.7916666 1.8333334 1.875 1.9166666 1.9583334
            2
          </float_array>
          <technique_common>
            <accessor source="#Wave-Spine-input-array" count="49" stride="1">
              <param name="TIME" type="float"/>
            </accessor>
          </technique_common>
        </source>
        <source id="Wave-Spine-output">
          <float_array id="Wave-Spine-output-array" count="784">
            1 0 0 0 0 0.99980001 -0.019998666 0.12 0 0.019998666 0.99980001 0 0 0 0 1
            0.9999875 -9.9992915e-05 -0.004998979 0 5.7863e-13 0.99980001 -0.019998667 0.12 0.004999979 0.019998417 0.99978751 0 0 0 0 1
            0.99995 -0.00019998334 -0.009997834 0 -5.5108121e-12 0.99980001 -0.019998667 0.12 0.0099998339 0.019997667 0.99975002 0 0 0 0 1
            0.9998875 -0.00029996875 -0.014996438 0 9.5387066e-13 0.99980001 -0.019998667 0.12 0.014999438 0.019996417 0.99968753 0 0 0 0 1
            0.99980001 -0.00039994666 -0.019994667 0 8.6480288e-12 0.99980001 -0.019998666 0.12 0.019998666 0.019994667 0.99960005 0 0 0 0 1
            0.99968752 -0.00049991456 -0.024992395 0 2.9365841e-11 0.99980001 -0.019998665 0.12 0.024997395 0.019992416 0.99948759 0 0 0 0 1
            0.99955003 -0.00059986998 -0.029989501 0 1.0192562e-11 0.99980001 -0.019998666 0.12 0.0299955 0.019989667 0.99935013 0 0 0 0 1
            0.99938756 -0.00069981046 -0.034985858 0 -1.8231126e-11 0.99980001 -0.019998667 0.12 0.034992856 0.019986419 0.99918769 0 0 0 0 1
            0.99920011 -0.00079973338 -0.039981338 0 -1.9748168e-11 0.99980001 -0.019998667 0.12 0.039989336 0.01998267 0.99900027 0 0 0 0 1
            0.99898767 -0.00089963629 -0.044975815 0 7.4856787e-14 0.99980001 -0.019998667 0.12 0.044984812 0.019978422 0.99878788 0 0 0 0 1
            0.99875026 -0.00099951676 -0.049969174 0 1.7478237e-11 0.99980001 -0.019998666 0.12 0.04997917 0.019973673 0.99855052 0 0 0 0 1
            0.99848788 -0.0010993722 -0.05496128 0 1.705372e-12 0.99980001 -0.019998668 0.12 0.054972274 0.019968427 0.99828819 0 0 0 0 1
            0.99820054 -0.0011992002 -0.059952014 0 1.7455704e-11 0.99980001 -0.019998667 0.12 0.059964006 0.019962681 0.99800091 0 0 0 0 1
            0.99788824 -0.0012989981 -0.064941245 0 4.013246e-11 0.99980001 -0.019998666 0.12 0.064954235 0.019956434 0.99768867 0 0 0 0 1
            0.997551 -0.0013987636 -0.069928856 0 6.2068338e-11 0.99980001 -0.019998666 0.12 0.069942844 0.019949689 0.9973515 0 0 0 0 1
            0.99718882 -0.0014984942 -0.074914718 0 3.388626e-11 0.99980001 -0.019998667 0.12 0.074929704 0.019942447 0.99698939 0 0 0 0 1
            0.99680171 -0.0015981873 -0.079898708 0 3.6590452e-11 0.99980001 -0.019998667 0.12 0.07991469 0.019934706 0.99660235 0 0 0 0 1
            0.99680171 -0.0015981873 -0.079898708 0 3.6590452e-11 0.99980001 -0.019998667 0.12 0.07991469 0.019934706 0.99660235 0 0 0 0 1
            0.99680171 -0.0015981873 -0.079898708 0 3.6590452e-11 0.99980001 -0.019998667 0.12 0.07991469 0.019934706 0.99660235 0 0 0 0 1
            0.99680171 -0.0015981873 -0.079898708 0 3.6590452e-11 0.99980001 -0.019998667 0.12 0.07991469 0.019934706 0.99660235 0 0 0 0 1
            0.99680171 -0.0015981873 -0.079898708 0 3.6590452e-11 0.99980001 -0.019998667 0.12 0.07991469 0.019934706 0.99660235 0 0 0 0 1
            0.99680171 -0.0015981873 -0.079898708 0 3.6590452e-11 0.99980001 -0.019998667 0.12 0.07991469 0.019934706 0.99660235 0 0 0 0 1
            0.99680171 -0.0015981873 -0.079898708 0 3.6590452e-11 0.99980001 -0.019998667 0.12 0.07991469 0.019934706 0.99660235 0 0 0 0 1
            0.99680171 -0.0015981873 -0.079898708 0 3.6590452e-11 0.99980001 -0.019998667 0.12 0.07991469 0.019934706 0.99660235 0 0 0 0 1
            0.99680171 -0.0015981873 -0.079898708 0 3.6590452e-11 0.99980001 -0.019998667 0.12 0.07991469 0.019934706 0.99660235 0 0 0 0 1
            0.99680171 -0.0015981873 -0.079898708 0 3.6590452e-11 0.99980001 -0.019998667 0.12 0.07991469 0.019934706 0.99660235 0 0 0 0 1
            0.99680171 -0.0015981873 -0.079898708 0 3.6590452e-11 0.99980001 -0.019998667 0.12 0.07991469 0.019934706 0.99660235 0 0 0 0 1
            0.99680171 -0.0015981873 -0.079898708 0 3.6590452e-11 0.99980001 -0.019998667 0.12 0.07991469 0.019934706 0.99660235 0 0 0 0 1
            0.99680171 -0.0015981873 -0.079898708 0 3.6590452e-11 0.99980001 -0.019998667 0.12 0.07991469 0.019934706 0.99660235 0 0 0 0 1
            0.99680171 -0.0015981873 -0.079898708 0 3.6590452e-11 0.99980001 -0.019998667 0.12 0.07991469 0.019934706 0.99660235 0 0 0 0 1
            0.99680171 -0.0015981873 -0.079898708 0 3.6590452e-11 0.99980001 -0.019998667 0.12 0.07991469 0.019934706 0.99660235 0 0 0 0 1
            0.99680171 -0.0015981873 -0.079898708 0 3.6590452e-11 0.99980001 -0.019998667 0.12 0.07991469 0.019934706 0.99660235 0 0 0 0 1
            0.99680171 -0.0015981873 -0.079898708 0 3.6590452e-11 0.99980001 -0.019998667 0.12 0.07991469 0.019934706 0.99660235 0 0 0 0 1
            0.99680171 -0.0015981873 -0.079898708 0 3.6590452e-11 0.99980001 -0.019998667 0.12 0.07991469 0.019934706 0.99660235 0 0 0 0 1
            0.99680171 -0.0015981873 -0.079898708 0 3.6590452e-11 0.99980001 -0.019998667 0.12 0.07991469 0.019934706 0.99660235 0 0 0 0 1
            0.99680171 -0.0015981873 -0.079898708 0 3.6590452e-11 0.99980001 -0.019998667 0.12 0.07991469 0.019934706 0.99660235 0 0 0 0 1
            0.99680171 -0.0015981873 -0.079898708 0 3.6590452e-11 0.99980001 -0.019998667 0.12 0.07991469 0.019934706 0.99660235 0 0 0 0 1
            0.99680171 -0.0015981873 -0.079898708 0 3.6590452e-11 0.99980001 -0.019998667 0.12 0.07991469 0.019934706 0.99660235 0 0 0 0 1
            0.99680171 -0.0015981873 -0.079898708 0 3.6590452e-11 0.99980001 -0.019998667 0.12 0.07991469 0.019934706 0.99660235 0 0 0 0 1
            0.99680171 -0.0015981873 -0.079898708 0 3.6590452e-11 0.99980001 -0.019998667 0.12 0.07991469 0.019934706 0.99660235 0 0 0 0 1
            0.99680171 -0.0015981873 -0.079898708 0 3.6590452e-11 0.99980001 -0.019998667 0.12 0.07991469 0.019934706 0.99660235 0 0 0 0 1
            0.99697683 -0.0015538841 -0.077683846 0 -1.212113e-11 0.99980001 -0.019998666 0.12 0.077699385 0.019938207 0.99677744 0 0 0 0 1
            0.9977786 -0.001332257 -0.066603969 0 -1.1640091e-11 0.99980001 -0.019998667 0.12 0.066617292 0.019954242 0.99757905 0 0 0 0 1
            0.99845719 -0.0011104656 -0.055515879 0 -3.7602287e-11 0.99980001 -0.019998667 0.12 0.055526984 0.019967813 0.9982575 0 0 0 0 1
            0.99901251 -0.000888537 -0.044420927 0 7.2625395e-12 0.99980001 -0.019998666 0.12 0.044429813 0.019978918 0.99881271 0 0 0 0 1
            0.9994445 -0.00066649879 -0.033320496 0 -5.1415071e-12 0.99980001 -0.019998667 0.12 0.033327161 0.019987557 0.99924461 0 0 0 0 1
            0.9997531 -0.00044437822 -0.022215949 0 9.2408681e-12 0.99980001 -0.019998665 0.12 0.022220393 0.019993728 0.99955315 0 0 0 0 1
            0.99993827 -0.00022220285 -0.011108661 0 -5.8457234e-12 0.99980001 -0.019998668 0.12 0.011110883 0.019997433 0.99973829 0 0 0 0 1
            1 0 0 0 0 0.99980001 -0.019998666 0.12 0 0.019998666 0.99980001 0 0 0 0 1
          </float_array>
          <technique_common>
            <accessor source="#Wave-Spine-output-array" count="49" stride="16">
              <param name="TRANSFORM" type="float4x4"/>
            </accessor>
          </technique_common>
        </source>
        <source id="Wave-Spine-interp">
          <Name_array id="Wave-Spine-interp-array" count="49">LINEAR LINEAR LINEAR LINEAR LINEAR LINEAR LINEAR LINEAR LINEAR LINEAR LINEAR LINEAR LINEAR LINEAR LINEAR LINEAR LINEAR LINEAR LINEAR LINEAR LINEAR LINEAR LINEAR LINEAR LINEAR LINEAR LINEAR LINEAR LINEAR LINEAR LINEAR LINEAR LINEAR LINEAR LINEAR LINEAR LINEAR LINEAR LINEAR LINEAR LINEAR LINEAR LINEAR LINEAR LINEAR LINEAR LINEAR LINEAR LINEAR</Name_array>
          <technique_common>
            <accessor source="#Wave-Spine-interp-array" count="49" stride="1">
              <param name="INTERPOLATION" type="name"/>
            </accessor>
          </technique_common>
        </source>
        <sampler id="Wave-Spine-sampler">
          <input semantic="INPUT" source="#Wave-Spine-input"/>
          <input semantic="OUTPUT" source="#Wave-Spine-output"/>
          <input semantic="INTERPOLATION" source="#Wave-Spine-interp"/>
        </sampler>
        <channel source="#Wave-Spine-sampler" target="Spine/matrix"/>
        <source id="Wave-Chest-input">
          <float_array id="Wave-Chest-input-array" count="49">
            0 0.041666668 0.083333336 0.125 0.16666667 0.20833333 0.25 0.29166666
            0.33333334 0.375 0.41666666 0.45833334 0.5 0.54166669 0.58333331 0.625
            0.66666669 0.70833331 0.75 0.79166669 0.83333331 0.875 0.91666669 0.95833331
            1 1.0416666 1.0833334 1.125 1.1666666 1.2083334 1.25 1.2916666
            1.3333334 1.375 1.4166666 1.4583334 1.5 1.5416666 1.5833334 1.625
            1.6666666 1.7083334 1.75 1.7916666 1.8333334 1.875 1.9166666 1.9583334
            2
          </float_array>
          <technique_common>
            <accessor source="#Wave-Chest-input-array" count="49" stride="1">
              <param name="TIME" type="float"/>
            </accessor>
          </technique_common>
        </source>
        <source id="Wave-Chest-output">
          <float_array id="Wave-Chest-output-array" count="784">
            1 0 0 0 0 1 0 0.2 0 0 1 0 0 0 0 1
            0.99999297 -0 -0.0037499911 0 0 1 -0 0.2 0.0037499911 0 0.99999297 0 0 0 0 1
            0.99997188 -0 -0.0074999299 0 0 1 -0 0.2 0.0074999299 0 0.99997188 0 0 0 0 1
            0.99993672 -0 -0.011249763 0 0 1 -0 0.2 0.011249763 0 0.99993672 0 0 0 0 1
            0.9998875 -0 -0.014999437 0 0 1 -0 0.2 0.014999437 0 0.9998875 0 0 0 0 1
            0.99982422 -0 -0.018748901 0 0 1 -0 0.2 0.018748901 0 0.99982422 0 0 0 0 1
            0.99974689 -0 -0.022498103 0 0 1 -0 0.2 0.022498103 0 0.99974689 0 0 0 0 1
            0.99965549 -0 -0.026246986 0 0 1 -0 0.2 0.026246986 0 0.99965549 0 0 0 0 1
            0.99955003 -0 -0.029995499 0 0 1 -0 0.2 0.029995499 0 0.99955003 0 0 0 0 1
            0.99943052 -0 -0.033743595 0 0 1 -0 0.2 0.033743595 0 0.99943052 0 0 0 0 1
            0.99929696 -0 -0.037491212 0 0 1 -0 0.2 0.037491212 0 0.99929696 0 0 0 0 1
            0.99914934 -0 -0.041238304 0 0 1 -0 0.2 0.041238304 0 0.99914934 0 0 0 0 1
            0.99898767 -0 -0.044984814 0 0 1 -0 0.2 0.044984814 0 0.99898767 0 0 0 0 1
            0.99881195 -0 -0.048730695 0 0 1 -0 0.2 0.048730695 0 0.99881195 0 0 0 0 1
            0.99862219 -0 -0.052475886 0 0 1 -0 0.2 0.052475886 0 0.99862219 0 0 0 0 1
            0.99841839 -0 -0.056220342 0 0 1 -0 0.2 0.056220342 0 0.99841839 0 0 0 0 1
            0.99820054 -0 -0.059964008 0 0 1 -0 0.2 0.059964008 0 0.99820054 0 0 0 0 1
            0.99820054 -0 -0.059964008 0 0 1 -0 0.2 0.059964008 0 0.99820054 0 0 0 0 1
            0.99820054 -0 -0.059964008 0 0 1 -0 0.2 0.059964008 0 0.99820054 0 0 0 0 1
            0.99820054 -0 -0.059964008 0 0 1 -0 0.2 0.059964008 0 0.99820054 0 0 0 0 1
            0.99820054 -0 -0.059964008 0 0 1 -0 0.2 0.059964008 0 0.99820054 0 0 0 0 1
            0.99820054 -0 -0.059964008 0 0 1 -0 0.2 0.059964008 0 0.99820054 0 0 0 0 1
            0.99820054 -0 -0.059964008 0 0 1 -0 0.2 0.059964008 0 0.99820054 0 0 0 0 1
            0.99820054 -0 -0.059964008 0 0 1 -0 0.2 0.059964008 0 0.99820054 0 0 0 0 1
            0.99820054 -0 -0.059964008 0 0 1 -0 0.2 0.059964008 0 0.99820054 0 0 0 0 1
            0.99820054 -0 -0.059964008 0 0 1 -0 0.2 0.059964008 0 0.99820054 0 0 0 0 1
            0.99820054 -0 -0.059964008 0 0 1 -0 0.2 0.059964008 0 0.99820054 0 0 0 0 1
            0.99820054 -0 -0.059964008 0 0 1 -0 0.2 0.059964008 0 0.99820054 0 0 0 0 1
            0.99820054 -0 -0.059964008 0 0 1 -0 0.2 0.059964008 0 0.99820054 0 0 0 0 1
            0.99820054 -0 -0.059964008 0 0 1 -0 0.2 0.059964008 0 0.99820054 0 0 0 0 1
            0.99820054 -0 -0.059964008 0 0 1 -0 0.2 0.059964008 0 0.99820054 0 0 0 0 1
            0.99820054 -0 -0.059964008 0 0 1 -0 0.2 0.059964008 0 0.99820054 0 0 0 0 1
            0.99820054 -0 -0.059964008 0 0 1 -0 0.2 0.059964008 0 0.99820054 0 0 0 0 1
            0.99820054 -0 -0.059964008 0 0 1 -0 0.2 0.059964008 0 0.99820054 0 0 0 0 1
            0.99820054 -0 -0.059964008 0 0 1 -0 0.2 0.059964008 0 0.99820054 0 0 0 0 1
            0.99820054 -0 -0.059964008 0 0 1 -0 0.2 0.059964008 0 0.99820054 0 0 0 0 1
            0.99820054 -0 -0.059964008 0 0 1 -0 0.2 0.059964008 0 0.99820054 0 0 0 0 1
            0.99820054 -0 -0.059964008 0 0 1 -0 0.2 0.059964008 0 0.99820054 0 0 0 0 1
            0.99820054 -0 -0.059964008 0 0 1 -0 0.2 0.059964008 0 0.99820054 0 0 0 0 1
            0.99820054 -0 -0.059964008 0 0 1 -0 0.2 0.059964008 0 0.99820054 0 0 0 0 1
            0.99820054 -0 -0.059964008 0 0 1 -0 0.2 0.059964008 0 0.99820054 0 0 0 0 1
            0.99829909 -0 -0.058300258 0 0 1 -0 0.2 0.058300258 0 0.99829909 0 0 0 0 1
            0.99875026 -0 -0.049979171 0 0 1 -0 0.2 0.049979171 0 0.99875026 0 0 0 0 1
            0.99913207 -0 -0.041654613 0 0 1 -0 0.2 0.041654613 0 0.99913207 0 0 0 0 1
            0.9994445 -0 -0.03332716 0 0 1 -0 0.2 0.03332716 0 0.9994445 0 0 0 0 1
            0.99968752 -0 -0.024997396 0 0 1 -0 0.2 0.024997396 0 0.99968752 0 0 0 0 1
            0.99986111 -0 -0.016665896 0 0 1 -0 0.2 0.016665896 0 0.99986111 0 0 0 0 1
            0.99996528 -0 -0.0083332374 0 0 1 -0 0.2 0.0083332374 0 0.99996528 0 0 0 0 1
            1 0 0 0 0 1 0 0.2 0 0 1 0 0 0 0 1
          </float_array>
          <technique_common>
            <accessor source="#Wave-Chest-output-array" count="49" stride="16">
              <param name="TRANSFORM" type="float4x4"/>
            </accessor>
          </technique_common>
        </source>
        <source id="Wave-Chest-interp">
          <Name_array id="Wave-Chest-interp-array" count="49">LINEAR LINEAR LINEAR LINEAR LINEAR LINEAR LINEAR LINEAR LINEAR LINEAR LINEAR LINEAR LINEAR LINEAR LINEAR LINEAR LINEAR LINEAR LINEAR LINEAR LINEAR LINEAR LINEAR LINEAR LINEAR LINEAR LINEAR LINEAR LINEAR LINEAR LINEAR LINEAR LINEAR LINEAR LINEAR LINEAR LINEAR LINEAR LINEAR LINEAR LINEAR LINEAR LINEAR LINEAR LINEAR LINEAR LINEAR LINEAR LINEAR</Name_array>
          <technique_common>
            <accessor source="#Wave-Chest-interp-array" count="49" stride="1">
              <param name="INTERPOLATION" type="name"/>
            </accessor>
          </technique_common>
        </source>
        <sampler id="Wave-Chest-sampler">
          <input semantic="INPUT" source="#Wave-Chest-input"/>
          <input semantic="OUTPUT" source="#Wave-Chest-output"/>
          <input semantic="INTERPOLATION" source="#Wave-Chest-interp"/>
        </sampler>
        <channel source="#Wave-Chest-sampler" target="Chest/matrix"/>
        <source id="Wave-Neck-input">
          <float_array id="Wave-Neck-input-array" count="49">
            0 0.041666668 0.083333336 0.125 0.16666667 0.20833333 0.25 0.29166666
            0.33333334 0.375 0.41666666 0.45833334 0.5 0.54166669 0.58333331 0.625
            0.66666669 0.70833331 0.75 0.79166669 0.83333331 0.875 0.91666669 0.95833331
            1 1.0416666 1.0833334 1.125 1.1666666 1.2083334 1.25 1.2916666
            1.3333334 1.375 1.4166666 1.4583334 1.5 1.5416666 1.5833334 1.625
            1.6666666 1.7083334 1.75 1.7916666 1.8333334 1.875 1.9166666 1.9583334
            2
          </float_array>
          <technique_common>
            <accessor source="#Wave-Neck-input-array" count="49" stride="1">
              <param name="TIME" type="float"/>
            </accessor>
          </technique_common>
        </source>
        <source id="Wave-Neck-output">
          <float_array id="Wave-Neck-output-array" count="784">
            1 0 0 0 0 1 0 0.18000001 0 0 1 0 0 0 0 1
            1 0 0 0 0 1 0 0.18000001 0 0 1 0 0 0 0 1
            1 0 0 0 0 1 0 0.18000001 0 0 1 0 0 0 0 1
            1 0 0 0 0 1 0 0.18000001 0 0 1 0 0 0 0 1
            1 0 0 0 0 1 0 0.18000001 0 0 1 0 0 0 0 1
            1 0 0 0 0 1 0 0.18000001 0 0 1 0 0 0 0 1
            1 0 0 0 0 1 0 0.18000001 0 0 1 0 0 0 0 1
            1 0 0 0 0 1 0 0.18000001 0 0 1 0 0 0 0 1
            1 0 0 0 0 1 0 0.18000001 0 0 1 0 0 0 0 1
            1 0 0 0 0 1 0 0.18000001 0 0 1 0 0 0 0 1
            1 0 0 0 0 1 0 0.18000001 0 0 1 0 0 0 0 1
            1 0 0 0 0 1 0 0.18000001 0 0 1 0 0 0 0 1
            1 0 0 0 0 1 0 0.18000001 0 0 1 0 0 0 0 1
            1 0 0 0 0 1 0 0.18000001 0 0 1 0 0 0 0 1
            1 0 0 0 0 1 0 0.18000001 0 0 1 0 0 0 0 1
            1 0 0 0 0 1 0 0.18000001 0 0 1 0 0 0 0 1
            1 0 0 0 0 1 0 0.18000001 0 0 1 0 0 0 0 1
            1 0 0 0 0 1 0 0.18000001 0 0 1 0 0 0 0 1
            1 0 0 0 0 1 0 0.18000001 0 0 1 0 0 0 0 1
            1 0 0 0 0 1 0 0.18000001 0 0 1 0 0 0 0 1
            1 0 0 0 0 1 0 0.18000001 0 0 1 0 0 0 0 1
            1 0 0 0 0 1 0 0.18000001 0 0 1 0 0 0 0 1
            1 0 0 0 0 1 0 0.18000001 0 0 1 0 0 0 0 1
            1 0 0 0 0 1 0 0.18000001 0 0 1 0 0 0 0 1
            1 0 0 0 0 1 0 0.18000001 0 0 1 0 0 0 0 1
            1 0 0 0 0 1 0 0.18000001 0 0 1 0 0 0 0 1
            1 0 0 0 0 1 0 0.18000001 0 0 1 0 0 0 0 1
            1 0 0 0 0 1 0 0.18000001 0 0 1 0 0 0 0 1
            1 0 0 0 0 1 0 0.18000001 0 0 1 0 0 0 0 1
            1 0 0 0 0 1 0 0.18000001 0 0 1 0 0 0 0 1
            1 0 0 0 0 1 0 0.18000001 0 0 1 0 0 0 0 1
            1 0 0 0 0 1 0 0.18000001 0 0 1 0 0 0 0 1
            1 0 0 0 0 1 0 0.18000001 0 0 1 0 0 0 0 1
            1 0 0 0 0 1 0 0.18000001 0 0 1 0 0 0 0 1
            1 0 0 0 0 1 0 0.18000001 0 0 1 0 0 0 0 1
            1 0 0 0 0 1 0 0.18000001 0 0 1 0 0 0 0 1
            1 0 0 0 0 1 0 0.18000001 0 0 1 0 0 0 0 1
            1 0 0 0 0 1 0 0.18000001 0 0 1 0 0 0 0 1
            1 0 0 0 0 1 0 0.18000001 0 0 1 0 0 0 0 1
            1 0 0 0 0 1 0 0.18000001 0 0 1 0 0 0 0 1
            1 0 0 0 0 1 0 0.18000001 0 0 1 0 0 0 0 1
            1 0 0 0 0 1 0 0.18000001 0 0 1 0 0 0 0 1
            1 0 0 0 0 1 0 0.18000001 0 0 1 0 0 0 0 1
            1 0 0 0 0 1 0 0.18000001 0 0 1 0 0 0 0 1
            1 0 0 0 0 1 0 0.18000001 0 0 1 0 0 0 0 1
            1 0 0 0 0 1 0 0.18000001 0 0 1 0 0 0 0 1
            1 0 0 0 0 1 0 0.18000001 0 0 1 0 0 0 0 1
            1 0 0 0 0 1 0 0.18000001 0 0 1 0 0 0 0 1
            1 0 0 0 0 1 0 0.18000001 0 0 1 0 0 0 0 1
          </float_array>
          <technique_common>
            <accessor source="#Wave-Neck-output-array" count="49" stride="16">
              <param name="TRANSFORM" type="float4x4"/>
            </accessor>
          </technique_common>
        </source>
        <source id="Wave-Neck-interp">
          <Name_array id="Wave-Neck-interp-array" count="49">LINEAR LINEAR LINEAR LINEAR LINEAR LINEAR LINEAR LINEAR LINEAR LINEAR LINEAR LINEAR LINEAR LINEAR LINEAR LINEAR LINEAR LINEAR LINEAR LINEAR LINEAR LINEAR LINEAR LINEAR LINEAR LINEAR LINEAR LINEAR LINEAR LINEAR LINEAR LINEAR LINEAR LINEAR LINEAR LINEAR LINEAR LINEAR LINEAR LINEAR LINEAR LINEAR LINEAR LINEAR LINEAR LINEAR LINEAR LINEAR LINEAR</Name_array>
          <technique_common>
            <accessor source="#Wave-Neck-interp-array" count="49" stride="1">
              <param name="INTERPOLATION" type="name"/>
            </accessor>
          </technique_common>
        </source>
        <sampler id="Wave-Neck-sampler">
          <input semantic="INPUT" source="#Wave-Neck-input"/>
          <input semantic="OUTPUT" source="#Wave-Neck-output"/>
          <input semantic="INTERPOLATION" source="#Wave-Neck-interp"/>
        </sampler>
        <channel source="#Wave-Neck-sampler" target="Neck/matrix"/>
        <source id="Wave-Head-input">
          <float_array id="Wave-Head-input-array" count="49">
            0 0.041666668 0.083333336 0.125 0.16666667 0.20833333 0.25 0.29166666
            0.33333334 0.375 0.41666666 0.45833334 0.5 0.54166669 0.58333331 0.625
            0.66666669 0.70833331 0.75 0.79166669 0.83333331 0.875 0.91666669 0.95833331
            1 1.0416666 1.0833334 1.125 1.1666666 1.2083334 1.25 1.2916666
            1.3333334 1.375 1.4166666 1.4583334 1.5 1.5416666 1.5833334 1.625
            1.6666666 1.7083334 1.75 1.7916666 1.8333334 1.875 1.9166666 1.9583334
            2
          </float_array>
          <technique_common>
            <accessor source="#Wave-Head-input-array" count="49" stride="1">
              <param name="TIME" type="float"/>
            </accessor>
          </technique_common>
        </source>
        <source id="Wave-Head-output">
          <float_array id="Wave-Head-output-array" count="784">
            1 0 0 0 0 0.99875026 -0.049979171 0.1 0 0.049979171 0.99875026 0 0 0 0 1
            0.99986543 -0.0057746133 -0.015354748 0 0.0049993686 0.99873387 -0.05005657 0.1 0.015624364 0.04997307 0.99862835 0 0 0 0 1
            0.99946178 -0.011548853 -0.030704523 0 0.009994951 0.99868471 -0.050288723 0.1 0.031244914 0.049954767 0.99826263 0 0 0 0 1
            0.99878919 -0.017322345 -0.046044349 0 0.014982962 0.99860278 -0.050675507 0.1 0.046857833 0.049924268 0.9976532 0 0 0 0 1
            0.99784791 -0.023094714 -0.061369268 0 0.019959619 0.99848809 -0.051216716 0.1 0.062459318 0.049881586 0.99680021 0 0 0 0 1
            0.99663826 -0.028865588 -0.076674309 0 0.024921148 0.99834066 -0.051912049 0.1 0.078045553 0.049826722 0.99570387 0 0 0 0 1
            0.9951607 -0.034634596 -0.09195452 0 0.029863782 0.99816052 -0.052761131 0.1 0.093612732 0.049759694 0.99436443 0 0 0 0 1
            0.99341574 -0.040401362 -0.10720496 0 0.034783757 0.99794768 -0.053763503 0.1 0.10915706 0.049680519 0.99278224 0 0 0 0 1
            0.99140402 -0.046165511 -0.12242068 0 0.039677322 0.99770219 -0.054918617 0.1 0.12467473 0.049589213 0.99095768 0 0 0 0 1
            0.98912625 -0.05192668 -0.13759679 0 0.044540748 0.99742407 -0.056225854 0.1 0.14016198 0.049485804 0.98889119 0 0 0 0 1
            0.98658327 -0.057684496 -0.15272836 0 0.049370312 0.99711337 -0.057684496 0.1 0.15561499 0.049370312 0.98658327 0 0 0 0 1
            0.98377598 -0.063438587 -0.16781052 0 0.054162304 0.99677013 -0.059293753 0.1 0.17103003 0.049242765 0.98403449 0 0 0 0 1
            0.98070539 -0.069188586 -0.18283838 0 0.058913038 0.99639441 -0.061052754 0.1 0.18640329 0.049103201 0.98124548 0 0 0 0 1
            0.97737261 -0.074934121 -0.19780712 0 0.06361884 0.99598625 -0.062960537 0.1 0.20173107 0.048951645 0.97821691 0 0 0 0 1
            0.97377884 -0.080674834 -0.2127119 0 0.068276072 0.99554572 -0.065016072 0.1 0.21700958 0.048788142 0.97494952 0 0 0 0 1
            0.96992535 -0.086410352 -0.22754792 0 0.072881103 0.99507289 -0.067218232 0.1 0.23223512 0.048612723 0.97144411 0 0 0 0 1
            0.96581356 -0.092140318 -0.24231041 0 0.077430339 0.99456782 -0.069565825 0.1 0.24740395 0.048425439 0.96770154 0 0 0 0 1
            0.96581356 -0.092140318 -0.24231041 0 0.077430339 0.99456782 -0.069565825 0.1 0.24740395 0.048425439 0.96770154 0 0 0 0 1
            0.96581356 -0.092140318 -0.24231041 0 0.077430339 0.99456782 -0.069565825 0.1 0.24740395 0.048425439 0.96770154 0 0 0 0 1
            0.96581356 -0.092140318 -0.24231041 0 0.077430339 0.99456782 -0.069565825 0.1 0.24740395 0.048425439 0.96770154 0 0 0 0 1
            0.96581356 -0.092140318 -0.24231041 0 0.077430339 0.99456782 -0.069565825 0.1 0.24740395 0.048425439 0.96770154 0 0 0 0 1
            0.96581356 -0.092140318 -0.24231041 0 0.077430339 0.99456782 -0.069565825 0.1 0.24740395 0.048425439 0.96770154 0 0 0 0 1
            0.96581356 -0.092140318 -0.24231041 0 0.077430339 0.99456782 -0.069565825 0.1 0.24740395 0.048425439 0.96770154 0 0 0 0 1
            0.96581356 -0.092140318 -0.24231041 0 0.077430339 0.99456782 -0.069565825 0.1 0.24740395 0.048425439 0.96770154 0 0 0 0 1
            0.96581356 -0.092140318 -0.24231041 0 0.077430339 0.99456782 -0.069565825 0.1 0.24740395 0.048425439 0.96770154 0 0 0 0 1
            0.96581356 -0.092140318 -0.24231041 0 0.077430339 0.99456782 -0.069565825 0.1 0.24740395 0.048425439 0.96770154 0 0 0 0 1
            0.96581356 -0.092140318 -0.24231041 0 0.077430339 0.99456782 -0.069565825 0.1 0.24740395 0.048425439 0.96770154 0 0 0 0 1
            0.96581356 -0.092140318 -0.24231041 0 0.077430339 0.99456782 -0.069565825 0.1 0.24740395 0.048425439 0.96770154 0 0 0 0 1
            0.96581356 -0.092140318 -0.24231041 0 0.077430339 0.99456782 -0.069565825 0.1 0.24740395 0.048425439 0.96770154 0 0 0 0 1
            0.96581356 -0.092140318 -0.24231041 0 0.077430339 0.99456782 -0.069565825 0.1 0.24740395 0.048425439 0.96770154 0 0 0 0 1
            0.96581356 -0.092140318 -0.24231041 0 0.077430339 0.99456782 -0.069565825 0.1 0.24740395 0.048425439 0.96770154 0 0 0 0 1
            0.96581356 -0.092140318 -0.24231041 0 0.077430339 0.99456782 -0.069565825 0.1 0.24740395 0.048425439 0.96770154 0 0 0 0 1
            0.96581356 -0.092140318 -0.24231041 0 0.077430339 0.99456782 -0.069565825 0.1 0.24740395 0.048425439 0.96770154 0 0 0 0 1
            0.96581356 -0.092140318 -0.24231041 0 0.077430339 0.99456782 -0.069565825 0.1 0.24740395 0.048425439 0.96770154 0 0 0 0 1
            0.96581356 -0.092140318 -0.24231041 0 0.077430339 0.99456782 -0.069565825 0.1 0.24740395 0.048425439 0.96770154 0 0 0 0 1
            0.96581356 -0.092140318 -0.24231041 0 0.077430339 0.99456782 -0.069565825 0.1 0.24740395 0.048425439 0.96770154 0 0 0 0 1
            0.96581356 -0.092140318 -0.24231041 0 0.077430339 0.99456782 -0.069565825 0.1 0.24740395 0.048425439 0.96770154 0 0 0 0 1
            0.96581356 -0.092140318 -0.24231041 0 0.077430339 0.99456782 -0.069565825 0.1 0.24740395 0.048425439 0.96770154 0 0 0 0 1
            0.96581356 -0.092140318 -0.24231041 0 0.077430339 0.99456782 -0.069565825 0.1 0.24740395 0.048425439 0.96770154 0 0 0 0 1
            0.96581356 -0.092140318 -0.24231041 0 0.077430339 0.99456782 -0.069565825 0.1 0.24740395 0.048425439 0.96770154 0 0 0 0 1
            0.96581356 -0.092140318 -0.24231041 0 0.077430339 0.99456782 -0.069565825 0.1 0.24740395 0.048425439 0.96770154 0 0 0 0 1
            0.96767282 -0.089594377 -0.23575869 0 0.075415576 0.99479627 -0.068504574 0.1 0.24066949 0.048510137 0.96939412 0 0 0 0 1
            0.97620362 -0.07684825 -0.20278272 0 0.065176831 0.995843 -0.063629354 0.1 0.20682956 0.048898471 0.97715427 0 0 0 0 1
            0.98344779 -0.064077686 -0.16948305 0 0.054692269 0.99672999 -0.059481822 0.1 0.17274029 0.049227853 0.98373645 0 0 0 0 1
            0.98939245 -0.051286712 -0.13591267 0 0.044001974 0.99745658 -0.056073116 0.1 0.13844279 0.049497892 0.98913273 0 0 0 0 1
            0.99402706 -0.038479377 -0.10212509 0 0.033146513 0.99802226 -0.05341238 0.1 0.10397839 0.04970826 0.99333659 0 0 0 0 1
            0.9973434 -0.025659753 -0.068174257 0 0.022166835 0.99842661 -0.051506743 0.1 0.069388643 0.049858703 0.99634298 0 0 0 0 1
            0.99933555 -0.012831928 -0.034114406 0 0.011104185 0.99866933 -0.050361319 0.1 0.034715244 0.049949044 0.99814826 0 0 0 0 1
            1 0 0 0 0 0.99875026 -0.049979171 0.1 0 0.049979171 0.99875026 0 0 0 0 1
          </float_array>
          <technique_common>
            <accessor source="#Wave-Head-output-array" count="49" stride="16">
              <param name="TRANSFORM" type="float4x4"/>
            </accessor>
          </technique_common>
        </source>
        <source id="Wave-Head-interp">
          <Name_array id="Wave-Head-interp-array" count="49">LINEAR LINEAR LINEAR LINEAR LINEAR LINEAR LINEAR LINEAR LINEAR LINEAR LINEAR LINEAR LINEAR LINEAR LINEAR LINEAR LINEAR LINEAR LINEAR LINEAR LINEAR LINEAR LINEAR LINEAR LINEAR LINEAR LINEAR LINEAR LINEAR LINEAR LINEAR LINEAR LINEAR LINEAR LINEAR LINEAR LINEAR LINEAR LINEAR LINEAR LINEAR LINEAR LINEAR LINEAR LINEAR LINEAR LINEAR LINEAR LINEAR</Name_array>
          <technique_common>
            <accessor source="#Wave-Head-interp-array" count="49" stride="1">
              <param name="INTERPOLATION" type="name"/>
            </accessor>
          </technique_common>
        </source>
        <sampler id="Wave-Head-sampler">
          <input semantic="INPUT" source="#Wave-Head-input"/>
          <input semantic="OUTPUT" source="#Wave-Head-output"/>
          <input semantic="INTERPOLATION" source="#Wave-Head-interp"/>
        </sampler>
        <channel source="#Wave-Head-sampler" target="Head/matrix"/>
        <source id="Wave-UpperArm_L-input">
          <float_array id="Wave-UpperArm_L-input-array" count="49">
            0 0.041666668 0.083333336 0.125 0.16666667 0.20833333 0.25 0.29166666
            0.33333334 0.375 0.41666666 0.45833334 0.5 0.54166669 0.58333331 0.625
            0.66666669 0.70833331 0.75 0.79166669 0.83333331 0.875 0.91666669 0.95833331
            1 1.0416666 1.0833334 1.125 1.1666666 1.2083334 1.25 1.2916666
            1.3333334 1.375 1.4166666 1.4583334 1.5 1.5416666 1.5833334 1.625
            1.6666666 1.7083334 1.75 1.7916666 1.8333334 1.875 1.9166666 1.9583334
            2
          </float_array>
          <technique_common>
            <accessor source="#Wave-UpperArm_L-input-array" count="49" stride="1">
              <param name="TIME" type="float"/>
            </accessor>
          </technique_common>
        </source>
        <source id="Wave-UpperArm_L-output">
          <float_array id="Wave-UpperArm_L-output-array" count="784">
            0.99820054 -0.059964008 0 -0.2 0.059964008 0.99820054 0 0.1 0 0 1 0 0 0 0 1
            0.99820054 -0.059962729 0.00039134087 -0.2 0.059964006 0.99817928 -0.0065145194 0.1 4.2979524e-12 0.0065262631 0.9999787 0 0 0 0 1
            0.99820054 -0.059958983 0.00077596965 -0.2 0.059964004 0.99811696 -0.012917304 0.1 -2.2896961e-11 0.012940591 0.99991627 0 0 0 0 1
            0.99820054 -0.059953033 0.0011472916 -0.2 0.059964009 0.99801782 -0.019098575 0.1 3.6532313e-11 0.019133004 0.99981695 0 0 0 0 1
            0.99820054 -0.059945266 0.001498944 -0.2 0.059964004 0.99788862 -0.024952413 0.1 -5.4384918e-11 0.024997395 0.99968752 0 0 0 0 1
            0.99820054 -0.059936232 0.0018249069 -0.2 0.059964007 0.99773817 -0.030378608 0.1 3.2910493e-11 0.030433372 0.9995368 0 0 0 0 1
            0.99820054 -0.05992653 0.002119606 -0.2 0.059964004 0.99757673 -0.035284366 0.1 -3.1523395e-13 0.035347973 0.99937507 0 0 0 0 1
            0.99820054 -0.059916836 0.0023780086 -0.2 0.059964007 0.9974153 -0.039585904 0.1 -4.4625417e-11 0.039657265 0.99921334 0 0 0 0 1
            0.99820054 -0.059907796 0.0025957061 -0.2 0.059964004 0.99726487 -0.043209843 0.1 -9.7184152e-11 0.043287738 0.99906265 0 0 0 0 1
            0.99820054 -0.059900038 0.0027689909 -0.2 0.059964005 0.99713571 -0.046094456 0.1 6.1441393e-11 0.046177551 0.99893325 0 0 0 0 1
            0.99820054 -0.059894083 0.0028949132 -0.2 0.059964003 0.9970366 -0.048190643 0.1 -4.3879273e-11 0.048277517 0.99883396 0 0 0 0 1
            0.99820054 -0.059890343 0.0029713329 -0.2 0.059964005 0.9969743 -0.049462775 0.1 -5.5605977e-11 0.049551941 0.99877155 0 0 0 0 1
            0.99820054 -0.059889064 0.002996951 -0.2 0.059964003 0.99695305 -0.049889232 0.1 -4.3163977e-11 0.049979168 0.99875026 0 0 0 0 1
            0.99820054 -0.059890343 0.0029713329 -0.2 0.059964005 0.9969743 -0.049462775 0.1 -5.5605977e-11 0.049551941 0.99877155 0 0 0 0 1
            0.99820054 -0.059894083 0.0028949132 -0.2 0.059964003 0.9970366 -0.048190643 0.1 -4.3879273e-11 0.048277517 0.99883396 0 0 0 0 1
            0.99820054 -0.059900038 0.0027689909 -0.2 0.059964005 0.99713571 -0.046094456 0.1 6.1441393e-11 0.046177551 0.99893325 0 0 0 0 1
            0.99820054 -0.059907796 0.0025957061 -0.2 0.059964004 0.99726487 -0.043209843 0.1 -9.7184152e-11 0.043287738 0.99906265 0 0 0 0 1
            0.99820054 -0.059916836 0.0023780086 -0.2 0.059964007 0.9974153 -0.039585904 0.1 -4.4625417e-11 0.039657265 0.99921334 0 0 0 0 1
            0.99820054 -0.05992653 0.002119606 -0.2 0.059964004 0.99757673 -0.035284366 0.1 -3.1523395e-13 0.035347973 0.99937507 0 0 0 0 1
            0.99820054 -0.059936232 0.0018249069 -0.2 0.059964007 0.99773817 -0.030378608 0.1 3.2910493e-11 0.030433372 0.9995368 0 0 0 0 1
            0.99820054 -0.059945266 0.001498944 -0.2 0.059964004 0.99788862 -0.024952413 0.1 -5.4384918e-11 0.024997395 0.99968752 0 0 0 0 1
            0.99820054 -0.059953033 0.0011472916 -0.2 0.059964009 0.99801782 -0.019098575 0.1 3.6532313e-11 0.019133004 0.99981695 0 0 0 0 1
            0.99820054 -0.059958983 0.00077596965 -0.2 0.059964004 0.99811696 -0.012917304 0.1 -2.2896961e-11 0.012940591 0.99991627 0 0 0 0 1
            0.99820054 -0.059962729 0.00039134087 -0.2 0.059964006 0.99817928 -0.0065145194 0.1 4.2979524e-12 0.0065262631 0.9999787 0 0 0 0 1
            0.99820054 -0.059964008 3.6717365e-19 -0.2 0.059964008 0.99820054 -6.1122156e-18 0.1 4.147175e-27 6.1232341e-18 1 0 0 0 0 1
            0.99820054 -0.059962729 -0.00039134087 -0.2 0.059964006 0.99817928 0.0065145194 0.1 -4.2979524e-12 -0.0065262631 0.9999787 0 0 0 0 1
            0.99820054 -0.059958983 -0.00077596965 -0.2 0.059964004 0.99811696 0.012917304 0.1 2.2896961e-11 -0.012940591 0.99991627 0 0 0 0 1
            0.99820054 -0.059953033 -0.0011472916 -0.2 0.059964009 0.99801782 0.019098575 0.1 -3.6532313e-11 -0.019133004 0.99981695 0 0 0 0 1
            0.99820054 -0.059945266 -0.001498944 -0.2 0.059964004 0.99788862 0.024952413 0.1 5.4384918e-11 -0.024997395 0.99968752 0 0 0 0 1
            0.99820054 -0.059936232 -0.0018249069 -0.2 0.059964007 0.99773817 0.030378608 0.1 -3.2910493e-11 -0.030433372 0.9995368 0 0 0 0 1
            0.99820054 -0.05992653 -0.002119606 -0.2 0.059964004 0.99757673 0.035284366 0.1 3.1523395e-13 -0.035347973 0.99937507 0 0 0 0 1
            0.99820054 -0.059916836 -0.0023780086 -0.2 0.059964007 0.9974153 0.039585904 0.1 4.4625417e-11 -0.039657265 0.99921334 0 0 0 0 1
            0.99820054 -0.059907796 -0.0025957061 -0.2 0.059964004 0.99726487 0.043209843 0.1 9.7184152e-11 -0.043287738 0.99906265 0 0 0 0 1
            0.99820054 -0.059900038 -0.0027689909 -0.2 0.059964005 0.99713571 0.046094456 0.1 -6.1441393e-11 -0.046177551 0.99893325 0 0 0 0 1
            0.99820054 -0.059894083 -0.0028949132 -0.2 0.059964003 0.9970366 0.048190643 0.1 4.3879273e-11 -0.048277517 0.99883396 0 0 0 0 1
            0.99820054 -0.059890343 -0.0029713329 -0.2 0.059964005 0.9969743 0.049462775 0.1 5.5605977e-11 -0.049551941 0.99877155 0 0 0 0 1
            0.99820054 -0.059889064 -0.002996951 -0.2 0.059964003 0.99695305 0.049889232 0.1 4.3163977e-11 -0.049979168 0.99875026 0 0 0 0 1
            0.99820054 -0.059890343 -0.0029713329 -0.2 0.059964005 0.9969743 0.049462775 0.1 5.5605977e-11 -0.049551941 0.99877155 0 0 0 0 1
            0.99820054 -0.059894083 -0.0028949132 -0.2 0.059964003 0.9970366 0.048190643 0.1 4.3879273e-11 -0.048277517 0.99883396 0 0 0 0 1
            0.99820054 -0.059900038 -0.0027689909 -0.2 0.059964005 0.99713571 0.046094456 0.1 -6.1441393e-11 -0.046177551 0.99893325 0 0 0 0 1
            0.99820054 -0.059907796 -0.0025957061 -0.2 0.059964004 0.99726487 0.043209843 0.1 9.7184152e-11 -0.043287738 0.99906265 0 0 0 0 1
            0.99820054 -0.059916836 -0.0023780086 -0.2 0.059964007 0.9974153 0.039585904 0.1 4.4625417e-11 -0.039657265 0.99921334 0 0 0 0 1
            0.99820054 -0.05992653 -0.002119606 -0.2 0.059964004 0.99757673 0.035284366 0.1 3.1523395e-13 -0.035347973 0.99937507 0 0 0 0 1
            0.99820054 -0.059936232 -0.0018249069 -0.2 0.059964007 0.99773817 0.030378608 0.1 -3.2910493e-11 -0.030433372 0.9995368 0 0 0 0 1
            0.99820054 -0.059945266 -0.001498944 -0.2 0.059964004 0.99788862 0.024952413 0.1 5.4384918e-11 -0.024997395 0.99968752 0 0 0 0 1
            0.99820054 -0.059953033 -0.0011472916 -0.2 0.059964009 0.99801782 0.019098575 0.1 -3.6532313e-11 -0.019133004 0.99981695 0 0 0 0 1
            0.99820054 -0.059958983 -0.00077596965 -0.2 0.059964004 0.99811696 0.012917304 0.1 2.2896961e-11 -0.012940591 0.99991627 0 0 0 0 1
            0.99820054 -0.059962729 -0.00039134087 -0.2 0.059964006 0.99817928 0.0065145194 0.1 -4.2979524e-12 -0.0065262631 0.9999787 0 0 0 0 1
            0.99820054 -0.059964008 0 -0.2 0.059964008 0.99820054 0 0.1 0 0 1 0 0 0 0 1
          </float_array>
          <technique_common>
            <accessor source="#Wave-UpperArm_L-output-array" count="49" stride="16">
              <param name="TRANSFORM" type="float4x4"/>
            </accessor>
          </technique_common>
        </source>
        <source id="Wave-UpperArm_L-interp">
          <Name_array id="Wave-UpperArm_L-interp-array" count="49">LINEAR LINEAR LINEAR LINEAR LINEAR LINEAR LINEAR LINEAR LINEAR LINEAR LINEAR LINEAR LINEAR LINEAR LINEAR LINEAR LINEAR LINEAR LINEAR LINEAR LINEAR LINEAR LINEAR LINEAR LINEAR LINEAR LINEAR LINEAR LINEAR LINEAR LINEAR LINEAR LINEAR LINEAR LINEAR LINEAR LINEAR LINEAR LINEAR LINEAR LINEAR LINEAR LINEAR LINEAR LINEAR LINEAR LINEAR LINEAR LINEAR</Name_array>
          <technique_common>
            <accessor source="#Wave-UpperArm_L-interp-array" count="49" stride="1">
              <param name="INTERPOLATION" type="name"/>
            </accessor>
          </technique_common>
        </source>
        <sampler id="Wave-UpperArm_L-sampler">
          <input semantic="INPUT" source="#Wave-UpperArm_L-input"/>
          <input semantic="OUTPUT" source="#Wave-UpperArm_L-output"/>
          <input semantic="INTERPOLATION" source="#Wave-UpperArm_L-interp"/>
        </sampler>
        <channel source="#Wave-UpperArm_L-sampler" target="UpperArm_L/matrix"/>
        <source id="Wave-LowerArm_L-input">
          <float_array id="Wave-LowerArm_L-input-array" count="49">
            0 0.041666668 0.083333336 0.125 0.16666667 0.20833333 0.25 0.29166666
            0.33333334 0.375 0.41666666 0.45833334 0.5 0.54166669 0.58333331 0.625
            0.66666669 0.70833331 0.75 0.79166669 0.83333331 0.875 0.91666669 0.95833331
            1 1.0416666 1.0833334 1.125 1.1666666 1.2083334 1.25 1.2916666
            1.3333334 1.375 1.4166666 1.4583334 1.5 1.5416666 1.5833334 1.625
            1.6666666 1.7083334 1.75 1.7916666 1.8333334 1.875 1.9166666 1.9583334
            2
          </float_array>
          <technique_common>
            <accessor source="#Wave-LowerArm_L-input-array" count="49" stride="1">
              <param name="TIME" type="float"/>
            </accessor>
          </technique_common>
        </source>
        <source id="Wave-LowerArm_L-output">
          <float_array id="Wave-LowerArm_L-output-array" count="784">
            1 0 0 0 0 0.99680171 -0.079914693 -0.23999999 0 0.079914693 0.99680171 0 0 0 0 1
            1 0 0 0 0 0.99680171 -0.079914693 -0.23999999 0 0.079914693 0.99680171 0 0 0 0 1
            1 0 0 0 0 0.99680171 -0.079914693 -0.23999999 0 0.079914693 0.99680171 0 0 0 0 1
            1 0 0 0 0 0.99680171 -0.079914693 -0.23999999 0 0.079914693 0.99680171 0 0 0 0 1
            1 0 0 0 0 0.99680171 -0.079914693 -0.23999999 0 0.079914693 0.99680171 0 0 0 0 1
            1 0 0 0 0 0.99680171 -0.079914693 -0.23999999 0 0.079914693 0.99680171 0 0 0 0 1
            1 0 0 0 0 0.99680171 -0.079914693 -0.23999999 0 0.079914693 0.99680171 0 0 0 0 1
            1 0 0 0 0 0.99680171 -0.079914693 -0.23999999 0 0.079914693 0.99680171 0 0 0 0 1
            1 0 0 0 0 0.99680171 -0.079914693 -0.23999999 0 0.079914693 0.99680171 0 0 0 0 1
            1 0 0 0 0 0.99680171 -0.079914693 -0.23999999 0 0.079914693 0.99680171 0 0 0 0 1
            1 0 0 0 0 0.99680171 -0.079914693 -0.23999999 0 0.079914693 0.99680171 0 0 0 0 1
            1 0 0 0 0 0.99680171 -0.079914693 -0.23999999 0 0.079914693 0.99680171 0 0 0 0 1
            1 0 0 0 0 0.99680171 -0.079914693 -0.23999999 0 0.079914693 0.99680171 0 0 0 0 1
            1 0 0 0 0 0.99680171 -0.079914693 -0.23999999 0 0.079914693 0.99680171 0 0 0 0 1
            1 0 0 0 0 0.99680171 -0.079914693 -0.23999999 0 0.079914693 0.99680171 0 0 0 0 1
            1 0 0 0 0 0.99680171 -0.079914693 -0.23999999 0 0.079914693 0.99680171 0 0 0 0 1
            1 0 0 0 0 0.99680171 -0.079914693 -0.23999999 0 0.079914693 0.99680171 0 0 0 0 1
            1 0 0 0 0 0.99680171 -0.079914693 -0.23999999 0 0.079914693 0.99680171 0 0 0 0 1
            1 0 0 0 0 0.99680171 -0.079914693 -0.23999999 0 0.079914693 0.99680171 0 0 0 0 1
            1 0 0 0 0 0.99680171 -0.079914693 -0.23999999 0 0.079914693 0.99680171 0 0 0 0 1
            1 0 0 0 0 0.99680171 -0.079914693 -0.23999999 0 0.079914693 0.99680171 0 0 0 0 1
            1 0 0 0 0 0.99680171 -0.079914693 -0.23999999 0 0.079914693 0.99680171 0 0 0 0 1
            1 0 0 0 0 0.99680171 -0.079914693 -0.23999999 0 0.079914693 0.99680171 0 0 0 0 1
            1 0 0 0 0 0.99680171 -0.079914693 -0.23999999 0 0.079914693 0.99680171 0 0 0 0 1
            1 0 0 0 0 0.99680171 -0.079914693 -0.23999999 0 0.079914693 0.99680171 0 0 0 0 1
            1 0 0 0 0 0.99680171 -0.079914693 -0.23999999 0 0.079914693 0.99680171 0 0 0 0 1
            1 0 0 0 0 0.99680171 -0.079914693 -0.23999999 0 0.079914693 0.99680171 0 0 0 0 1
            1 0 0 0 0 0.99680171 -0.079914693 -0.23999999 0 0.079914693 0.99680171 0 0 0 0 1
            1 0 0 0 0 0.99680171 -0.079914693 -0.23999999 0 0.079914693 0.99680171 0 0 0 0 1
            1 0 0 0 0 0.99680171 -0.079914693 -0.23999999 0 0.079914693 0.99680171 0 0 0 0 1
            1 0 0 0 0 0.99680171 -0.079914693 -0.23999999 0 0.079914693 0.99680171 0 0 0 0 1
            1 0 0 0 0 0.99680171 -0.079914693 -0.23999999 0 0.079914693 0.99680171 0 0 0 0 1
            1 0 0 0 0 0.99680171 -0.079914693 -0.23999999 0 0.079914693 0.99680171 0 0 0 0 1
            1 0 0 0 0 0.99680171 -0.079914693 -0.23999999 0 0.079914693 0.99680171 0 0 0 0 1
            1 0 0 0 0 0.99680171 -0.079914693 -0.23999999 0 0.079914693 0.99680171 0 0 0 0 1
            1 0 0 0 0 0.99680171 -0.079914693 -0.23999999 0 0.079914693 0.99680171 0 0 0 0 1
            1 0 0 0 0 0.99680171 -0.079914693 -0.23999999 0 0.079914693 0.99680171 0 0 0 0 1
            1 0 0 0 0 0.99680171 -0.079914693 -0.23999999 0 0.079914693 0.99680171 0 0 0 0 1
            1 0 0 0 0 0.99680171 -0.079914693 -0.23999999 0 0.079914693 0.99680171 0 0 0 0 1
            1 0 0 0 0 0.99680171 -0.079914693 -0.23999999 0 0.079914693 0.99680171 0 0 0 0 1
            1 0 0 0 0 0.99680171 -0.079914693 -0.23999999 0 0.079914693 0.99680171 0 0 0 0 1
            1 0 0 0 0 0.99680171 -0.079914693 -0.23999999 0 0.079914693 0.99680171 0 0 0 0 1
            1 0 0 0 0 0.99680171 -0.079914693 -0.23999999 0 0.079914693 0.99680171 0 0 0 0 1
            1 0 0 0 0 0.99680171 -0.079914693 -0.23999999 0 0.079914693 0.99680171 0 0 0 0 1
            1 0 0 0 0 0.99680171 -0.079914693 -0.23999999 0 0.079914693 0.99680171 0 0 0 0 1
            1 0 0 0 0 0.99680171 -0.079914693 -0.23999999 0 0.079914693 0.99680171 0 0 0 0 1
            1 0 0 0 0 0.99680171 -0.079914693 -0.23999999 0 0.079914693 0.99680171 0 0 0 0 1
            1 0 0 0 0 0.99680171 -0.079914693 -0.23999999 0 0.079914693 0.99680171 0 0 0 0 1
            1 0 0 0 0 0.99680171 -0.079914693 -0.23999999 0 0.079914693 0.99680171 0 0 0 0 1
          </float_array>
          <technique_common>
            <accessor source="#Wave-LowerArm_L-output-array" count="49" stride="16">
              <param name="TRANSFORM" type="float4x4"/>
            </accessor>
          </technique_common>
        </source>
        <source id="Wave-LowerArm_L-interp">
          <Name_array id="Wave-LowerArm_L-interp-array" count="49">LINEAR LINEAR LINEAR LINEAR LINEAR LINEAR LINEAR LINEAR LINEAR LINEAR LINEAR LINEAR LINEAR LINEAR LINEAR LINEAR LINEAR LINEAR LINEAR LINEAR LINEAR LINEAR LINEAR LINEAR LINEAR LINEAR LINEAR LINEAR LINEAR LINEAR LINEAR LINEAR LINEAR LINEAR LINEAR LINEAR LINEAR LINEAR LINEAR LINEAR LINEAR LINEAR LINEAR LINEAR LINEAR LINEAR LINEAR LINEAR LINEAR</Name_array>
          <technique_common>
            <accessor source="#Wave-LowerArm_L-interp-array" count="49" stride="1">
              <param name="INTERPOLATION" type="name"/>
            </accessor>
          </technique_common>
        </source>
        <sampler id="Wave-LowerArm_L-sampler">
          <input semantic="INPUT" source="#Wave-LowerArm_L-input"/>
          <input semantic="OUTPUT" source="#Wave-LowerArm_L-output"/>
          <input semantic="INTERPOLATION" source="#Wave-LowerArm_L-interp"/>
        </sampler>
        <channel source="#Wave-LowerArm_L-sampler" target="LowerArm_L/matrix"/>
        <source id="Wave-Hand_L-input">
          <float_array id="Wave-Hand_L-input-array" count="49">
            0 0.041666668 0.083333336 0.125 0.16666667 0.20833333 0.25 0.29166666
            0.33333334 0.375 0.41666666 0.45833334 0.5 0.54166669 0.58333331 0.625
            0.66666669 0.70833331 0.75 0.79166669 0.83333331 0.875 0.91666669 0.95833331
            1 1.0416666 1.0833334 1.125 1.1666666 1.2083334 1.25 1.2916666
            1.3333334 1.375 1.4166666 1.4583334 1.5 1.5416666 1.5833334 1.625
            1.6666666 1.7083334 1.75 1.7916666 1.8333334 1.875 1.9166666 1.9583334
            2
          </float_array>
          <technique_common>
            <accessor source="#Wave-Hand_L-input-array" count="49" stride="1">
              <param name="TIME" type="float"/>
            </accessor>
          </technique_common>
        </source>
        <source id="Wave-Hand_L-output">
          <float_array id="Wave-Hand_L-output-array" count="784">
            1 0 0 0 0 1 0 -0.22 0 0 1 0 0 0 0 1
            1 0 0 0 0 1 0 -0.22 0 0 1 0 0 0 0 1
            1 0 0 0 0 1 0 -0.22 0 0 1 0 0 0 0 1
            1 0 0 0 0 1 0 -0.22 0 0 1 0 0 0 0 1
            1 0 0 0 0 1 0 -0.22 0 0 1 0 0 0 0 1
            1 0 0 0 0 1 0 -0.22 0 0 1 0 0 0 0 1
            1 0 0 0 0 1 0 -0.22 0 0 1 0 0 0 0 1
            1 0 0 0 0 1 0 -0.22 0 0 1 0 0 0 0 1
            1 0 0 0 0 1 0 -0.22 0 0 1 0 0 0 0 1
            1 0 0 0 0 1 0 -0.22 0 0 1 0 0 0 0 1
            1 0 0 0 0 1 0 -0.22 0 0 1 0 0 0 0 1
            1 0 0 0 0 1 0 -0.22 0 0 1 0 0 0 0 1
            1 0 0 0 0 1 0 -0.22 0 0 1 0 0 0 0 1
            1 0 0 0 0 1 0 -0.22 0 0 1 0 0 0 0 1
            1 0 0 0 0 1 0 -0.22 0 0 1 0 0 0 0 1
            1 0 0 0 0 1 0 -0.22 0 0 1 0 0 0 0 1
            1 0 0 0 0 1 0 -0.22 0 0 1 0 0 0 0 1
            1 0 0 0 0 1 0 -0.22 0 0 1 0 0 0 0 1
            1 0 0 0 0 1 0 -0.22 0 0 1 0 0 0 0 1
            1 0 0 0 0 1 0 -0.22 0 0 1 0 0 0 0 1
            1 0 0 0 0 1 0 -0.22 0 0 1 0 0 0 0 1
            1 0 0 0 0 1 0 -0.22 0 0 1 0 0 0 0 1
            1 0 0 0 0 1 0 -0.22 0 0 1 0 0 0 0 1
            1 0 0 0 0 1 0 -0.22 0 0 1 0 0 0 0 1
            1 0 0 0 0 1 0 -0.22 0 0 1 0 0 0 0 1
            1 0 0 0 0 1 0 -0.22 0 0 1 0 0 0 0 1
            1 0 0 0 0 1 0 -0.22 0 0 1 0 0 0 0 1
            1 0 0 0 0 1 0 -0.22 0 0 1 0 0 0 0 1
            1 0 0 0 0 1 0 -0.22 0 0 1 0 0 0 0 1
            1 0 0 0 0 1 0 -0.22 0 0 1 0 0 0 0 1
            1 0 0 0 0 1 0 -0.22 0 0 1 0 0 0 0 1
            1 0 0 0 0 1 0 -0.22 0 0 1 0 0 0 0 1
            1 0 0 0 0 1 0 -0.22 0 0 1 0 0 0 0 1
            1 0 0 0 0 1 0 -0.22 0 0 1 0 0 0 0 1
            1 0 0 0 0 1 0 -0.22 0 0 1 0 0 0 0 1
            1 0 0 0 0 1 0 -0.22 0 0 1 0 0 0 0 1
            1 0 0 0 0 1 0 -0.22 0 0 1 0 0 0 0 1
            1 0 0 0 0 1 0 -0.22 0 0 1 0 0 0 0 1
            1 0 0 0 0 1 0 -0.22 0 0 1 0 0 0 0 1
            1 0 0 0 0 1 0 -0.22 0 0 1 0 0 0 0 1
            1 0 0 0 0 1 0 -0.22 0 0 1 0 0 0 0 1
            1 0 0 0 0 1 0 -0.22 0 0 1 0 0 0 0 1
            1 0 0 0 0 1 0 -0.22 0 0 1 0 0 0 0 1
            1 0 0 0 0 1 0 -0.22 0 0 1 0 0 0 0 1
            1 0 0 0 0 1 0 -0.22 0 0 1 0 0 0 0 1
            1 0 0 0 0 1 0 -0.22 0 0 1 0 0 0 0 1
            1 0 0 0 0 1 0 -0.22 0 0 1 0 0 0 0 1
            1 0 0 0 0 1 0 -0.22 0 0 1 0 0 0 0 1
            1 0 0 0 0 1 0 -0.22 0 0 1 0 0 0 0 1
          </float_array>
          <technique_common>
            <accessor source="#Wave-Hand_L-output-array" count="49" stride="16">
              <param name="TRANSFORM" type="float4x4"/>
            </accessor>
          </technique_common>
        </source>
        <source id="Wave-Hand_L-interp">
          <Name_array id="Wave-Hand_L-interp-array" count="49">LINEAR LINEAR LINEAR LINEAR LINEAR LINEAR LINEAR LINEAR LINEAR LINEAR LINEAR LINEAR LINEAR LINEAR LINEAR LINEAR LINEAR LINEAR LINEAR LINEAR LINEAR LINEAR LINEAR LINEAR LINEAR LINEAR LINEAR LINEAR LINEAR LINEAR LINEAR LINEAR LINEAR LINEAR LINEAR LINEAR LINEAR LINEAR LINEAR LINEAR LINEAR LINEAR LINEAR LINEAR LINEAR LINEAR LINEAR LINEAR LINEAR</Name_array>
          <technique_common>
            <accessor source="#Wave-Hand_L-interp-array" count="49" stride="1">
              <param name="INTERPOLATION" type="name"/>
            </accessor>
          </technique_common>
        </source>
        <sampler id="Wave-Hand_L-sampler">
          <input semantic="INPUT" source="#Wave-Hand_L-input"/>
          <input semantic="OUTPUT" source="#Wave-Hand_L-output"/>
          <input semantic="INTERPOLATION" source="#Wave-Hand_L-interp"/>
        </sampler>
        <channel source="#Wave-Hand_L-sampler" target="Hand_L/matrix"/>
        <source id="Wave-UpperArm_R-input">
          <float_array id="Wave-UpperArm_R-input-array" count="49">
            0 0.041666668 0.083333336 0.125 0.16666667 0.20833333 0.25 0.29166666
            0.33333334 0.375 0.41666666 0.45833334 0.5 0.54166669 0.58333331 0.625
            0.66666669 0.70833331 0.75 0.79166669 0.83333331 0.875 0.91666669 0.95833331
            1 1.0416666 1.0833334 1.125 1.1666666 1.2083334 1.25 1.2916666
            1.3333334 1.375 1.4166666 1.4583334 1.5 1.5416666 1.5833334 1.625
            1.6666666 1.7083334 1.75 1.7916666 1.8333334 1.875 1.9166666 1.9583334
            2
          </float_array>
          <technique_common>
            <accessor source="#Wave-UpperArm_R-input-array" count="49" stride="1">
              <param name="TIME" type="float"/>
            </accessor>
          </technique_common>
        </source>
        <source id="Wave-UpperArm_R-output">
          <float_array id="Wave-UpperArm_R-output-array" count="784">
            1 0 0 0.2 0 1 0 0.1 0 0 1 0 0 0 0 1
            0.99586836 -0.090606652 0.0060542203 0.2 0.090498453 0.99576419 0.016238915 0.1 -0.0074999295 -0.015623924 0.99984981 0 0 0 0 1
            0.98350848 -0.18063221 0.0091143462 0.2 0.18023896 0.98305441 0.033435564 0.1 -0.014999438 -0.031241401 0.99939932 0 0 0 0 1
            0.96302527 -0.26925855 0.0090648104 0.2 0.26847006 0.9619279 0.051171666 0.1 -0.022498103 -0.046845978 0.99864873 0 0 0 0 1
            0.93459249 -0.35567223 0.005842552 0.2 0.3544533 0.93252325 0.069016306 0.1 -0.029995499 -0.06243121 0.99759842 0 0 0 0 1
            0.89845136 -0.43907271 -0.00056165714 0.2 0.43746951 0.89506012 0.086532197 0.1 -0.037491209 -0.077990677 0.9962489 0 0 0 0 1
            0.85490831 -0.51868075 -0.010102621 0.2 0.51682507 0.84983803 0.10328204 0.1 -0.044984815 -0.093517963 0.9946008 0 0 0 0 1
            0.80433253 -0.59374638 -0.022680837 0.2 0.59185763 0.79723446 0.11883496 0.1 -0.052475884 -0.10900665 0.99265494 0 0 0 0 1
            0.74715254 -0.66355721 -0.038143401 0.2 0.66194214 0.73770179 0.13277297 0.1 -0.059964004 -0.12445038 0.99041225 0 0 0 0 1
            0.68385255 -0.72744595 -0.056285593 0.2 0.72649594 0.67176363 0.14469716 0.1 -0.067448753 -0.13984278 0.98787381 0 0 0 0 1
            0.61496841 -0.78479771 -0.076853226 0.2 0.78498369 0.60001041 0.15423394 0.1 -0.074929707 -0.15517753 0.98504085 0 0 0 0 1
            0.54108261 -0.83505705 -0.099545681 0.2 0.83692221 0.52309378 0.16104071 0.1 -0.082406454 -0.17044832 0.98191474 0 0 0 0 1
            0.4628197 -0.87773405 -0.12401956 0.2 0.88188421 0.44172099 0.16481141 0.1 -0.089878548 -0.18564886 0.97849698 0 0 0 0 1
            0.38084047 -0.91241032 -0.14989312 0.2 0.91950224 0.35664775 0.16528159 0.1 -0.09734559 -0.20077298 0.97478923 0 0 0 0 1
            0.29583622 -0.93874385 -0.17675101 0.2 0.94947164 0.26867104 0.1622328 0.1 -0.10480716 -0.21581441 0.97079328 0 0 0 0 1
            0.2085232 -0.95647317 -0.20414984 0.2 0.97155295 0.17862153 0.15549668 0.1 -0.11226284 -0.23076704 0.96651106 0 0 0 0 1
            0.11963616 -0.96542091 -0.23162394 0.2 0.98557403 0.08735515 0.14495828 0.1 -0.11971221 -0.24562479 0.96194462 0 0 0 0 1
            0.11963616 -0.96542091 -0.23162394 0.2 0.98557403 0.08735515 0.14495828 0.1 -0.11971221 -0.24562479 0.96194462 0 0 0 0 1
            0.11963616 -0.96542091 -0.23162394 0.2 0.98557403 0.08735515 0.14495828 0.1 -0.11971221 -0.24562479 0.96194462 0 0 0 0 1
            0.11963616 -0.96542091 -0.23162394 0.2 0.98557403 0.08735515 0.14495828 0.1 -0.11971221 -0.24562479 0.96194462 0 0 0 0 1
            0.11963616 -0.96542091 -0.23162394 0.2 0.98557403 0.08735515 0.14495828 0.1 -0.11971221 -0.24562479 0.96194462 0 0 0 0 1
            0.11963616 -0.96542091 -0.23162394 0.2 0.98557403 0.08735515 0.14495828 0.1 -0.11971221 -0.24562479 0.96194462 0 0 0 0 1
            0.11963616 -0.96542091 -0.23162394 0.2 0.98557403 0.08735515 0.14495828 0.1 -0.11971221 -0.24562479 0.96194462 0 0 0 0 1
            0.11963616 -0.96542091 -0.23162394 0.2 0.98557403 0.08735515 0.14495828 0.1 -0.11971221 -0.24562479 0.96194462 0 0 0 0 1
            0.11963616 -0.96542091 -0.23162394 0.2 0.98557403 0.08735515 0.14495828 0.1 -0.11971221 -0.24562479 0.96194462 0 0 0 0 1
            0.11963616 -0.96542091 -0.23162394 0.2 0.98557403 0.08735515 0.14495828 0.1 -0.11971221 -0.24562479 0.96194462 0 0 0 0 1
            0.11963616 -0.96542091 -0.23162394 0.2 0.98557403 0.08735515 0.14495828 0.1 -0.11971221 -0.24562479 0.96194462 0 0 0 0 1
            0.11963616 -0.96542091 -0.23162394 0.2 0.98557403 0.08735515 0.14495828 0.1 -0.11971221 -0.24562479 0.96194462 0 0 0 0 1
            0.11963616 -0.96542091 -0.23162394 0.2 0.98557403 0.08735515 0.14495828 0.1 -0.11971221 -0.24562479 0.96194462 0 0 0 0 1
            0.11963616 -0.96542091 -0.23162394 0.2 0.98557403 0.08735515 0.14495828 0.1 -0.11971221 -0.24562479 0.96194462 0 0 0 0 1
            0.11963616 -0.96542091 -0.23162394 0.2 0.98557403 0.08735515 0.14495828 0.1 -0.11971221 -0.24562479 0.96194462 0 0 0 0 1
            0.11963616 -0.96542091 -0.23162394 0.2 0.98557403 0.08735515 0.14495828 0.1 -0.11971221 -0.24562479 0.96194462 0 0 0 0 1
            0.11963616 -0.96542091 -0.23162394 0.2 0.98557403 0.08735515 0.14495828 0.1 -0.11971221 -0.24562479 0.96194462 0 0 0 0 1
            0.11963616 -0.96542091 -0.23162394 0.2 0.98557403 0.08735515 0.14495828 0.1 -0.11971221 -0.24562479 0.96194462 0 0 0 0 1
            0.11963616 -0.96542091 -0.23162394 0.2 0.98557403 0.08735515 0.14495828 0.1 -0.11971221 -0.24562479 0.96194462 0 0 0 0 1
            0.11963616 -0.96542091 -0.23162394 0.2 0.98557403 0.08735515 0.14495828 0.1 -0.11971221 -0.24562479 0.96194462 0 0 0 0 1
            0.11963616 -0.96542091 -0.23162394 0.2 0.98557403 0.08735515 0.14495828 0.1 -0.11971221 -0.24562479 0.96194462 0 0 0 0 1
            0.11963616 -0.96542091 -0.23162394 0.2 0.98557403 0.08735515 0.14495828 0.1 -0.11971221 -0.24562479 0.96194462 0 0 0 0 1
            0.11963616 -0.96542091 -0.23162394 0.2 0.98557403 0.08735515 0.14495828 0.1 -0.11971221 -0.24562479 0.96194462 0 0 0 0 1
            0.11963616 -0.96542091 -0.23162394 0.2 0.98557403 0.08735515 0.14495828 0.1 -0.11971221 -0.24562479 0.96194462 0 0 0 0 1
            0.11963616 -0.96542091 -0.23162394 0.2 0.98557403 0.08735515 0.14495828 0.1 -0.11971221 -0.24562479 0.96194462 0 0 0 0 1
            0.1592883 -0.9625361 -0.21943447 0.2 0.98034574 0.12801272 0.15011654 0.1 -0.11640219 -0.23903346 0.9640091 0 0 0 0 1
            0.35280685 -0.92212976 -0.15875776 0.2 0.9303551 0.32760432 0.16466571 0.1 -0.099833423 -0.20579628 0.97348918 0 0 0 0 1
            0.53259113 -0.84018163 -0.10218369 0.2 0.84226973 0.51425903 0.16161482 0.1 -0.08323692 -0.17214085 0.98154936 0 0 0 0 1
            0.69117186 -0.72065927 -0.054144964 0.2 0.7196135 0.6793886 0.14348358 0.1 -0.0666173 -0.13813526 0.98817042 0 0 0 0 1
            0.82194726 -0.56927405 -0.018158983 0.2 0.56736653 0.81556272 0.11380979 0.1 -0.04997917 -0.10384844 0.99333659 0 0 0 0 1
            0.91946468 -0.39315802 0.0033876423 0.2 0.39175759 0.91685186 0.076867807 0.1 -0.033327161 -0.069350098 0.99703554 0 0 0 0 1
            0.97965363 -0.20047664 0.0093751273 0.2 0.20000256 0.9790834 0.037345314 0.1 -0.016665894 -0.034710423 0.99925844 0 0 0 0 1
            1 0 0 0.2 0 1 0 0.1 0 0 1 0 0 0 0 1
          </float_array>
          <technique_common>
            <accessor source="#Wave-UpperArm_R-output-array" count="49" stride="16">
              <param name="TRANSFORM" type="float4x4"/>
            </accessor>
          </technique_common>
        </source>
        <source id="Wave-UpperArm_R-interp">
          <Name_array id="Wave-UpperArm_R-interp-array" count="49">LINEAR LINEAR LINEAR LINEAR LINEAR LINEAR LINEAR LINEAR LINEAR LINEAR LINEAR LINEAR LINEAR LINEAR LINEAR LINEAR LINEAR LINEAR LINEAR LINEAR LINEAR LINEAR LINEAR LINEAR LINEAR LINEAR LINEAR LINEAR LINEAR LINEAR LINEAR LINEAR LINEAR LINEAR LINEAR LINEAR LINEAR LINEAR LINEAR LINEAR LINEAR LINEAR LINEAR LINEAR LINEAR LINEAR LINEAR LINEAR LINEAR</Name_array>
          <technique_common>
            <accessor source="#Wave-UpperArm_R-interp-array" count="49" stride="1">
              <param name="INTERPOLATION" type="name"/>
            </accessor>
          </technique_common>
        </source>
        <sampler id="Wave-UpperArm_R-sampler">
          <input semantic="INPUT" source="#Wave-UpperArm_R-input"/>
          <input semantic="OUTPUT" source="#Wave-UpperArm_R-output"/>
          <input semantic="INTERPOLATION" source="#Wave-UpperArm_R-interp"/>
        </sampler>
        <channel source="#Wave-UpperArm_R-sampler" target="UpperArm_R/matrix"/>
        <source id="Wave-LowerArm_R-input">
          <float_array id="Wave-LowerArm_R-input-array" count="49">
            0 0.041666668 0.083333336 0.125 0.16666667 0.20833333 0.25 0.29166666
            0.33333334 0.375 0.41666666 0.45833334 0.5 0.54166669 0.58333331 0.625
            0.66666669 0.70833331 0.75 0.79166669 0.83333331 0.875 0.91666669 0.95833331
            1 1.0416666 1.0833334 1.125 1.1666666 1.2083334 1.25 1.2916666
            1.3333334 1.375 1.4166666 1.4583334 1.5 1.5416666 1.5833334 1.625
            1.6666666 1.7083334 1.75 1.7916666 1.8333334 1.875 1.9166666 1.9583334
            2
          </float_array>
          <technique_common>
            <accessor source="#Wave-LowerArm_R-input-array" count="49" stride="1">
              <param name="TIME" type="float"/>
            </accessor>
          </technique_common>
        </source>
        <source id="Wave-LowerArm_R-output">
          <float_array id="Wave-LowerArm_R-output-array" count="784">
            1 0 0 0 0 0.98877108 -0.14943813 -0.23999999 0 0.14943813 0.98877108 0 0 0 0 1
            0.9998523 -0.016993666 0.0025683415 0 0.017186653 0.98862503 -0.14941607 -0.23999999 5.4598606e-11 0.14943814 0.98877108 0 0 0 0 1
            0.99822806 -0.058835909 0.0088921781 0 0.059504076 0.98701904 -0.14917334 -0.23999999 1.2983457e-10 0.14943814 0.98877108 0 0 0 0 1
            0.99468733 -0.10178638 0.015383507 0 0.10294231 0.98351806 -0.14864422 -0.23999999 9.1548964e-11 0.14943813 0.98877108 0 0 0 0 1
            0.99291853 -0.11746331 0.017752843 0 0.11879728 0.98176913 -0.14837989 -0.23999999 1.1110557e-12 0.14943813 0.98877108 0 0 0 0 1
            0.99630964 -0.084867964 0.012826538 0 0.085831762 0.98512216 -0.14888665 -0.23999999 -1.8080071e-10 0.14943813 0.98877108 0 0 0 0 1
            1 -2.4974716e-17 3.7745591e-18 0 2.525834e-17 0.98877108 -0.14943813 -0.23999999 -4.4206902e-27 0.14943813 0.98877108 0 0 0 0 1
            0.99277118 0.11867473 -0.017935932 0 -0.12002246 0.98162343 -0.14835788 -0.23999999 -7.1284091e-10 0.14943814 0.98877108 0 0 0 0 1
            0.97177442 0.23326299 -0.035254252 0 -0.23591203 0.96086244 -0.14522015 -0.23999999 1.1912401e-09 0.14943812 0.98877108 0 0 0 0 1
            0.95252405 0.30104457 -0.045498436 0 -0.30446336 0.94182823 -0.14234341 -0.23999999 6.2778446e-11 0.14943813 0.98877108 0 0 0 0 1
            0.95601476 0.2900249 -0.043832977 0 -0.29331855 0.94527975 -0.14286506 -0.23999999 -5.4501479e-10 0.14943814 0.98877108 0 0 0 0 1
            0.98218086 0.18582784 -0.028085131 0 -0.18793818 0.97115203 -0.14677528 -0.23999999 -7.0231501e-10 0.14943814 0.98877108 0 0 0 0 1
            1 9.9898863e-17 -1.5098237e-17 0 -1.0103336e-16 0.98877108 -0.14943813 -0.23999999 1.7682761e-26 0.14943813 0.98877108 0 0 0 0 1
            0.97514152 -0.21909484 0.033112947 0 0.22158298 0.96419173 -0.14572333 -0.23999999 1.200597e-09 0.14943814 0.98877108 0 0 0 0 1
            0.91439932 -0.40026777 0.060494554 0 0.40481338 0.90413161 -0.13664612 -0.23999999 3.7635696e-10 0.14943813 0.98877108 0 0 0 0 1
            0.8699847 -0.48754197 0.073684763 0 0.49307872 0.86021571 -0.13000889 -0.23999999 1.3307809e-09 0.14943814 0.98877108 0 0 0 0 1
            0.88869102 -0.45335803 0.06851836 0 0.45850656 0.87871198 -0.13280432 -0.23999999 1.7253953e-10 0.14943812 0.98877108 0 0 0 0 1
            0.9624252 -0.26849776 0.040579468 0 0.27154694 0.9516182 -0.14382303 -0.23999999 9.6513618e-10 0.14943814 0.98877108 0 0 0 0 1
            1 -1.9979773e-16 3.0196473e-17 0 2.0206672e-16 0.98877108 -0.14943813 -0.23999999 -3.5365522e-26 0.14943813 0.98877108 0 0 0 0 1
            0.9624252 0.26849776 -0.040579468 0 -0.27154694 0.9516182 -0.14382303 -0.23999999 -9.6513618e-10 0.14943814 0.98877108 0 0 0 0 1
            0.88869102 0.45335803 -0.06851836 0 -0.45850656 0.87871198 -0.13280432 -0.23999999 -1.7253953e-10 0.14943812 0.98877108 0 0 0 0 1
            0.85252452 0.51681802 -0.078109401 0 -0.52268723 0.84295159 -0.12739967 -0.23999999 6.7684081e-11 0.14943813 0.98877108 0 0 0 0 1
            0.88869102 0.45335803 -0.06851836 0 -0.45850656 0.87871198 -0.13280432 -0.23999999 -1.7253953e-10 0.14943812 0.98877108 0 0 0 0 1
            0.9624252 0.26849776 -0.040579468 0 -0.27154694 0.9516182 -0.14382303 -0.23999999 -9.6513618e-10 0.14943814 0.98877108 0 0 0 0 1
            1 2.6639698e-16 -4.0261965e-17 0 -2.694223e-16 0.98877108 -0.14943813 -0.23999999 -6.1397026e-25 0.14943813 0.98877108 0 0 0 0 1
            0.9624252 -0.26849776 0.040579468 0 0.27154694 0.9516182 -0.14382303 -0.23999999 9.6513618e-10 0.14943814 0.98877108 0 0 0 0 1
            0.88869102 -0.45335803 0.06851836 0 0.45850656 0.87871198 -0.13280432 -0.23999999 1.7253953e-10 0.14943812 0.98877108 0 0 0 0 1
            0.85252452 -0.51681802 0.078109401 0 0.52268723 0.84295159 -0.12739967 -0.23999999 -6.7684081e-11 0.14943813 0.98877108 0 0 0 0 1
            0.88869102 -0.45335803 0.06851836 0 0.45850656 0.87871198 -0.13280432 -0.23999999 1.7253953e-10 0.14943812 0.98877108 0 0 0 0 1
            0.9624252 -0.26849776 0.040579468 0 0.27154694 0.9516182 -0.14382303 -0.23999999 9.6513618e-10 0.14943814 0.98877108 0 0 0 0 1
            1 -3.3299622e-16 5.0327456e-17 0 3.3677787e-16 0.98877108 -0.14943813 -0.23999999 2.7161961e-25 0.14943813 0.98877108 0 0 0 0 1
            0.9624252 0.26849776 -0.040579468 0 -0.27154694 0.9516182 -0.14382303 -0.23999999 -9.6513618e-10 0.14943814 0.98877108 0 0 0 0 1
            0.88869102 0.45335803 -0.06851836 0 -0.45850656 0.87871198 -0.13280432 -0.23999999 -1.7253953e-10 0.14943812 0.98877108 0 0 0 0 1
            0.85252452 0.51681802 -0.078109401 0 -0.52268723 0.84295159 -0.12739967 -0.23999999 6.7684081e-11 0.14943813 0.98877108 0 0 0 0 1
            0.88869102 0.45335803 -0.06851836 0 -0.45850656 0.87871198 -0.13280432 -0.23999999 -1.7253953e-10 0.14943812 0.98877108 0 0 0 0 1
            0.9624252 0.26849776 -0.040579468 0 -0.27154694 0.9516182 -0.14382303 -0.23999999 -9.6513618e-10 0.14943814 0.98877108 0 0 0 0 1
            1 3.9959545e-16 -6.0392946e-17 0 -4.0413344e-16 0.98877108 -0.14943813 -0.23999999 7.0731044e-26 0.14943813 0.98877108 0 0 0 0 1
            0.9624252 -0.26849776 0.040579468 0 0.27154694 0.9516182 -0.14382303 -0.23999999 9.6513618e-10 0.14943814 0.98877108 0 0 0 0 1
            0.88869102 -0.45335803 0.06851836 0 0.45850656 0.87871198 -0.13280432 -0.23999999 1.7253953e-10 0.14943812 0.98877108 0 0 0 0 1
            0.85252452 -0.51681802 0.078109401 0 0.52268723 0.84295159 -0.12739967 -0.23999999 -6.7684081e-11 0.14943813 0.98877108 0 0 0 0 1
            0.88869102 -0.45335803 0.06851836 0 0.45850656 0.87871198 -0.13280432 -0.23999999 1.7253953e-10 0.14943812 0.98877108 0 0 0 0 1
            0.96447141 -0.26122069 0.039479644 0 0.26418723 0.95364144 -0.1441288 -0.23999999 7.9709346e-10 0.14943813 0.98877108 0 0 0 0 1
            1 -3.8849559e-16 5.8715367e-17 0 3.9290752e-16 0.98877108 -0.14943813 -0.23999999 -1.5521624e-24 0.14943813 0.98877108 0 0 0 0 1
            0.98182016 0.18768214 -0.028365381 0 -0.18981354 0.97079537 -0.14672138 -0.23999999 -1.6040534e-09 0.14943814 0.98877108 0 0 0 0 1
            0.96519225 0.25860462 -0.039084264 0 -0.26154145 0.95435418 -0.14423652 -0.23999999 -5.8440432e-10 0.14943813 0.98877108 0 0 0 0 1
            0.97385604 0.22461523 -0.033947271 0 -0.22716606 0.96292068 -0.14553123 -0.23999999 1.651268e-10 0.14943813 0.98877108 0 0 0 0 1
            0.99125987 0.13044238 -0.019714438 0 -0.13192374 0.98012909 -0.14813202 -0.23999999 2.1854342e-10 0.14943813 0.98877108 0 0 0 0 1
            0.99927068 0.037756378 -0.0057063185 0 -0.038185156 0.98804995 -0.14932914 -0.23999999 3.5565368e-10 0.14943812 0.98877108 0 0 0 0 1
            1 0 0 0 0 0.98877108 -0.14943813 -0.23999999 0 0.14943813 0.98877108 0 0 0 0 1
          </float_array>
          <technique_common>
            <accessor source="#Wave-LowerArm_R-output-array" count="49" stride="16">
              <param name="TRANSFORM" type="float4x4"/>
            </accessor>
          </technique_common>
        </source>
        <source id="Wave-LowerArm_R-interp">
          <Name_array id="Wave-LowerArm_R-interp-array" count="49">LINEAR LINEAR LINEAR LINEAR LINEAR LINEAR LINEAR LINEAR LINEAR LINEAR LINEAR LINEAR LINEAR LINEAR LINEAR LINEAR LINEAR LINEAR LINEAR LINEAR LINEAR LINEAR LINEAR LINEAR LINEAR LINEAR LINEAR LINEAR LINEAR LINEAR LINEAR LINEAR LINEAR LINEAR LINEAR LINEAR LINEAR LINEAR LINEAR LINEAR LINEAR LINEAR LINEAR LINEAR LINEAR LINEAR LINEAR LINEAR LINEAR</Name_array>
          <technique_common>
            <accessor source="#Wave-LowerArm_R-interp-array" count="49" stride="1">
              <param name="INTERPOLATION" type="name"/>
            </accessor>
          </technique_common>
        </source>
        <sampler id="Wave-LowerArm_R-sampler">
          <input semantic="INPUT" source="#Wave-LowerArm_R-input"/>
          <input semantic="OUTPUT" source="#Wave-LowerArm_R-output"/>
          <input semantic="INTERPOLATION" source="#Wave-LowerArm_R-interp"/>
        </sampler>
        <channel source="#Wave-LowerArm_R-sampler" target="LowerArm_R/matrix"/>
        <source id="Wave-Hand_R-input">
          <float_array id="Wave-Hand_R-input-array" count="49">
            0 0.041666668 0.083333336 0.125 0.16666667 0.20833333 0.25 0.29166666
            0.33333334 0.375 0.41666666 0.45833334 0.5 0.54166669 0.58333331 0.625
            0.66666669 0.70833331 0.75 0.79166669 0.83333331 0.875 0.91666669 0.95833331
            1 1.0416666 1.0833334 1.125 1.1666666 1.2083334 1.25 1.2916666
            1.3333334 1.375 1.4166666 1.4583334 1.5 1.5416666 1.5833334 1.625
            1.6666666 1.7083334 1.75 1.7916666 1.8333334 1.875 1.9166666 1.9583334
            2
          </float_array>
          <technique_common>
            <accessor source="#Wave-Hand_R-input-array" count="49" stride="1">
              <param name="TIME" type="float"/>
            </accessor>
          </technique_common>
        </source>
        <source id="Wave-Hand_R-output">
          <float_array id="Wave-Hand_R-output-array" count="784">
            1 0 0 0 0 1 0 -0.22 0 0 1 0 0 0 0 1
            0.99992188 -0.012499674 0 0 0.012499674 0.99992188 0 -0.22 0 0 1 0 0 0 0 1
            0.99906265 -0.043287739 0 0 0.043287739 0.99906265 0 -0.22 0 0 1 0 0 0 0 1
            0.99718882 -0.074929703 0 0 0.074929703 0.99718882 0 -0.22 0 0 1 0 0 0 0 1
            0.99625234 -0.086494326 0 0 0.086494326 0.99625234 0 -0.22 0 0 1 0 0 0 0 1
            0.99804751 -0.062459315 0 0 0.062459315 0.99804751 0 -0.22 0 0 1 0 0 0 0 1
            1 -1.8369703e-17 0 0 1.8369703e-17 1 0 -0.22 0 0 1 0 0 0 0 1
            0.99617432 0.08738839 0 0 -0.08738839 0.99617432 -0 -0.22 -0 0 1 0 0 0 0 1
            0.98503746 0.17234035 0 0 -0.17234035 0.98503746 -0 -0.22 -0 0 1 0 0 0 0 1
            0.97479411 0.22310636 0 0 -0.22310636 0.97479411 -0 -0.22 -0 0 1 0 0 0 0 1
            0.97665391 0.21481886 0 0 -0.21481886 0.97665391 -0 -0.22 -0 0 1 0 0 0 0 1
            0.99056176 0.13706714 0 0 -0.13706714 0.99056176 -0 -0.22 -0 0 1 0 0 0 0 1
            1 7.3478811e-17 0 0 -7.3478811e-17 1 -0 -0.22 -0 0 1 0 0 0 0 1
            0.9868259 -0.16178577 0 0 0.16178577 0.9868259 0 -0.22 0 0 1 0 0 0 0 1
            0.95441313 -0.29848881 0 0 0.29848881 0.95441313 0 -0.22 0 0 1 0 0 0 0 1
            0.93050763 -0.36627252 0 0 0.36627252 0.93050763 0 -0.22 0 0 1 0 0 0 0 1
            0.94059761 -0.3395234 0 0 0.3395234 0.94059761 0 -0.22 0 0 1 0 0 0 0 1
            0.98006658 -0.19866932 0 0 0.19866932 0.98006658 0 -0.22 0 0 1 0 0 0 0 1
            1 -1.4695762e-16 0 0 1.4695762e-16 1 0 -0.22 0 0 1 0 0 0 0 1
            0.98006658 0.19866932 0 0 -0.19866932 0.98006658 -0 -0.22 -0 0 1 0 0 0 0 1
            0.94059761 0.3395234 0 0 -0.3395234 0.94059761 -0 -0.22 -0 0 1 0 0 0 0 1
            0.921061 0.38941833 0 0 -0.38941833 0.921061 -0 -0.22 -0 0 1 0 0 0 0 1
            0.94059761 0.3395234 0 0 -0.3395234 0.94059761 -0 -0.22 -0 0 1 0 0 0 0 1
            0.98006658 0.19866932 0 0 -0.19866932 0.98006658 -0 -0.22 -0 0 1 0 0 0 0 1
            1 1.9594348e-16 0 0 -1.9594348e-16 1 -0 -0.22 -0 0 1 0 0 0 0 1
            0.98006658 -0.19866932 0 0 0.19866932 0.98006658 0 -0.22 0 0 1 0 0 0 0 1
            0.94059761 -0.3395234 0 0 0.3395234 0.94059761 0 -0.22 0 0 1 0 0 0 0 1
            0.921061 -0.38941833 0 0 0.38941833 0.921061 0 -0.22 0 0 1 0 0 0 0 1
            0.94059761 -0.3395234 0 0 0.3395234 0.94059761 0 -0.22 0 0 1 0 0 0 0 1
            0.98006658 -0.19866932 0 0 0.19866932 0.98006658 0 -0.22 0 0 1 0 0 0 0 1
            1 -2.4492937e-16 0 0 2.4492937e-16 1 0 -0.22 0 0 1 0 0 0 0 1
            0.98006658 0.19866932 0 0 -0.19866932 0.98006658 -0 -0.22 -0 0 1 0 0 0 0 1
            0.94059761 0.3395234 0 0 -0.3395234 0.94059761 -0 -0.22 -0 0 1 0 0 0 0 1
            0.921061 0.38941833 0 0 -0.38941833 0.921061 -0 -0.22 -0 0 1 0 0 0 0 1
            0.94059761 0.3395234 0 0 -0.3395234 0.94059761 -0 -0.22 -0 0 1 0 0 0 0 1
            0.98006658 0.19866932 0 0 -0.19866932 0.98006658 -0 -0.22 -0 0 1 0 0 0 0 1
            1 2.9391524e-16 0 0 -2.9391524e-16 1 -0 -0.22 -0 0 1 0 0 0 0 1
            0.98006658 -0.19866932 0 0 0.19866932 0.98006658 0 -0.22 0 0 1 0 0 0 0 1
            0.94059761 -0.3395234 0 0 0.3395234 0.94059761 0 -0.22 0 0 1 0 0 0 0 1
            0.921061 -0.38941833 0 0 0.38941833 0.921061 0 -0.22 0 0 1 0 0 0 0 1
            0.94059761 -0.3395234 0 0 0.3395234 0.94059761 0 -0.22 0 0 1 0 0 0 0 1
            0.98115517 -0.19322148 0 0 0.19322148 0.98115517 0 -0.22 0 0 1 0 0 0 0 1
            1 -2.8575093e-16 0 0 2.8575093e-16 1 0 -0.22 0 0 1 0 0 0 0 1
            0.99037043 0.13844279 0 0 -0.13844279 0.99037043 -0 -0.22 -0 0 1 0 0 0 0 1
            0.98153857 0.19126431 0 0 -0.19126431 0.98153857 -0 -0.22 -0 0 1 0 0 0 0 1
            0.98614323 0.16589614 0 0 -0.16589614 0.98614323 -0 -0.22 -0 0 1 0 0 0 0 1
            0.99537394 0.096076618 0 0 -0.096076618 0.99537394 -0 -0.22 -0 0 1 0 0 0 0 1
            0.99961422 0.027774205 0 0 -0.027774205 0.99961422 -0 -0.22 -0 0 1 0 0 0 0 1
            1 0 0 0 0 1 0 -0.22 0 0 1 0 0 0 0 1
          </float_array>
          <technique_common>
            <accessor source="#Wave-Hand_R-output-array" count="49" stride="16">
              <param name="TRANSFORM" type="float4x4"/>
            </accessor>
          </technique_common>
        </source>
        <source id="Wave-Hand_R-interp">
          <Name_array id="Wave-Hand_R-interp-array" count="49">LINEAR LINEAR LINEAR LINEAR LINEAR LINEAR LINEAR LINEAR LINEAR LINEAR LINEAR LINEAR LINEAR LINEAR LINEAR LINEAR LINEAR LINEAR LINEAR LINEAR LINEAR LINEAR LINEAR LINEAR LINEAR LINEAR LINEAR LINEAR LINEAR LINEAR LINEAR LINEAR LINEAR LINEAR LINEAR LINEAR LINEAR LINEAR LINEAR LINEAR LINEAR LINEAR LINEAR LINEAR LINEAR LINEAR LINEAR LINEAR LINEAR</Name_array>
          <technique_common>
            <accessor source="#Wave-Hand_R-interp-array" count="49" stride="1">
              <param name="INTERPOLATION" type="name"/>
            </accessor>
          </technique_common>
        </source>
        <sampler id="Wave-Hand_R-sampler">
          <input semantic="INPUT" source="#Wave-Hand_R-input"/>
          <input semantic="OUTPUT" source="#Wave-Hand_R-output"/>
          <input semantic="INTERPOLATION" source="#Wave-Hand_R-interp"/>
        </sampler>
        <channel source="#Wave-Hand_R-sampler" target="Hand_R/matrix"/>
        <source id="Wave-UpperLeg_L-input">
          <float_array id="Wave-UpperLeg_L-input-array" count="49">
            0 0.041666668 0.083333336 0.125 0.16666667 0.20833333 0.25 0.29166666
            0.33333334 0.375 0.41666666 0.45833334 0.5 0.54166669 0.58333331 0.625
            0.66666669 0.70833331 0.75 0.79166669 0.83333331 0.875 0.91666669 0.95833331
            1 1.0416666 1.0833334 1.125 1.1666666 1.2083334 1.25 1.2916666
            1.3333334 1.375 1.4166666 1.4583334 1.5 1.5416666 1.5833334 1.625
            1.6666666 1.7083334 1.75 1.7916666 1.8333334 1.875 1.9166666 1.9583334
            2
          </float_array>
          <technique_common>
            <accessor source="#Wave-UpperLeg_L-input-array" count="49" stride="1">
              <param name="TIME" type="float"/>
            </accessor>
          </technique_common>
        </source>
        <source id="Wave-UpperLeg_L-output">
          <float_array id="Wave-UpperLeg_L-output-array" count="784">
            1 0 0 -0.090000004 0 1 0 -0.059999999 0 0 1 0 0 0 0 1
            1 0 0 -0.090000004 0 1 0 -0.059999999 0 0 1 0 0 0 0 1
            1 0 0 -0.090000004 0 1 0 -0.059999999 0 0 1 0 0 0 0 1
            1 0 0 -0.090000004 0 1 0 -0.059999999 0 0 1 0 0 0 0 1
            1 0 0 -0.090000004 0 1 0 -0.059999999 0 0 1 0 0 0 0 1
            1 0 0 -0.090000004 0 1 0 -0.059999999 0 0 1 0 0 0 0 1
            1 0 0 -0.090000004 0 1 0 -0.059999999 0 0 1 0 0 0 0 1
            1 0 0 -0.090000004 0 1 0 -0.059999999 0 0 1 0 0 0 0 1
            1 0 0 -0.090000004 0 1 0 -0.059999999 0 0 1 0 0 0 0 1
            1 0 0 -0.090000004 0 1 0 -0.059999999 0 0 1 0 0 0 0 1
            1 0 0 -0.090000004 0 1 0 -0.059999999 0 0 1 0 0 0 0 1
            1 0 0 -0.090000004 0 1 0 -0.059999999 0 0 1 0 0 0 0 1
            1 0 0 -0.090000004 0 1 0 -0.059999999 0 0 1 0 0 0 0 1
            1 0 0 -0.090000004 0 1 0 -0.059999999 0 0 1 0 0 0 0 1
            1 0 0 -0.090000004 0 1 0 -0.059999999 0 0 1 0 0 0 0 1
            1 0 0 -0.090000004 0 1 0 -0.059999999 0 0 1 0 0 0 0 1
            1 0 0 -0.090000004 0 1 0 -0.059999999 0 0 1 0 0 0 0 1
            1 0 0 -0.090000004 0 1 0 -0.059999999 0 0 1 0 0 0 0 1
            1 0 0 -0.090000004 0 1 0 -0.059999999 0 0 1 0 0 0 0 1
            1 0 0 -0.090000004 0 1 0 -0.059999999 0 0 1 0 0 0 0 1
            1 0 0 -0.090000004 0 1 0 -0.059999999 0 0 1 0 0 0 0 1
            1 0 0 -0.090000004 0 1 0 -0.059999999 0 0 1 0 0 0 0 1
            1 0 0 -0.090000004 0 1 0 -0.059999999 0 0 1 0 0 0 0 1
            1 0 0 -0.090000004 0 1 0 -0.059999999 0 0 1 0 0 0 0 1
            1 0 0 -0.090000004 0 1 0 -0.059999999 0 0 1 0 0 0 0 1
            1 0 0 -0.090000004 0 1 0 -0.059999999 0 0 1 0 0 0 0 1
            1 0 0 -0.090000004 0 1 0 -0.059999999 0 0 1 0 0 0 0 1
            1 0 0 -0.090000004 0 1 0 -0.059999999 0 0 1 0 0 0 0 1
            1 0 0 -0.090000004 0 1 0 -0.059999999 0 0 1 0 0 0 0 1
            1 0 0 -0.090000004 0 1 0 -0.059999999 0 0 1 0 0 0 0 1
            1 0 0 -0.090000004 0 1 0 -0.059999999 0 0 1 0 0 0 0 1
            1 0 0 -0.090000004 0 1 0 -0.059999999 0 0 1 0 0 0 0 1
            1 0 0 -0.090000004 0 1 0 -0.059999999 0 0 1 0 0 0 0 1
            1 0 0 -0.090000004 0 1 0 -0.059999999 0 0 1 0 0 0 0 1
            1 0 0 -0.090000004 0 1 0 -0.059999999 0 0 1 0 0 0 0 1
            1 0 0 -0.090000004 0 1 0 -0.059999999 0 0 1 0 0 0 0 1
            1 0 0 -0.090000004 0 1 0 -0.059999999 0 0 1 0 0 0 0 1
            1 0 0 -0.090000004 0 1 0 -0.059999999 0 0 1 0 0 0 0 1
            1 0 0 -0.090000004 0 1 0 -0.059999999 0 0 1 0 0 0 0 1
            1 0 0 -0.090000004 0 1 0 -0.059999999 0 0 1 0 0 0 0 1
            1 0 0 -0.090000004 0 1 0 -0.059999999 0 0 1 0 0 0 0 1
            1 0 0 -0.090000004 0 1 0 -0.059999999 0 0 1 0 0 0 0 1
            1 0 0 -0.090000004 0 1 0 -0.059999999 0 0 1 0 0 0 0 1
            1 0 0 -0.090000004 0 1 0 -0.059999999 0 0 1 0 0 0 0 1
            1 0 0 -0.090000004 0 1 0 -0.059999999 0 0 1 0 0 0 0 1
            1 0 0 -0.090000004 0 1 0 -0.059999999 0 0 1 0 0 0 0 1
            1 0 0 -0.090000004 0 1 0 -0.059999999 0 0 1 0 0 0 0 1
            1 0 0 -0.090000004 0 1 0 -0.059999999 0 0 1 0 0 0 0 1
            1 0 0 -0.090000004 0 1 0 -0.059999999 0 0 1 0 0 0 0 1
          </float_array>
          <technique_common>
            <accessor source="#Wave-UpperLeg_L-output-array" count="49" stride="16">
              <param name="TRANSFORM" type="float4x4"/>
            </accessor>
          </technique_common>
        </source>
        <source id="Wave-UpperLeg_L-interp">
          <Name_array id="Wave-UpperLeg_L-interp-array" count="49">LINEAR LINEAR LINEAR LINEAR LINEAR LINEAR LINEAR LINEAR LINEAR LINEAR LINEAR LINEAR LINEAR LINEAR LINEAR LINEAR LINEAR LINEAR LINEAR LINEAR LINEAR LINEAR LINEAR LINEAR LINEAR LINEAR LINEAR LINEAR LINEAR LINEAR LINEAR LINEAR LINEAR LINEAR LINEAR LINEAR LINEAR LINEAR LINEAR LINEAR LINEAR LINEAR LINEAR LINEAR LINEAR LINEAR LINEAR LINEAR LINEAR</Name_array>
          <technique_common>
            <accessor source="#Wave-UpperLeg_L-interp-array" count="49" stride="1">
              <param name="INTERPOLATION" type="name"/>
            </accessor>
          </technique_common>
        </source>
        <sampler id="Wave-UpperLeg_L-sampler">
          <input semantic="INPUT" source="#Wave-UpperLeg_L-input"/>
          <input semantic="OUTPUT" source="#Wave-UpperLeg_L-output"/>
          <input semantic="INTERPOLATION" source="#Wave-UpperLeg_L-interp"/>
        </sampler>
        <channel source="#Wave-UpperLeg_L-sampler" target="UpperLeg_L/matrix"/>
        <source id="Wave-LowerLeg_L-input">
          <float_array id="Wave-LowerLeg_L-input-array" count="49">
            0 0.041666668 0.083333336 0.125 0.16666667 0.20833333 0.25 0.29166666
            0.33333334 0.375 0.41666666 0.45833334 0.5 0.54166669 0.58333331 0.625
            0.66666669 0.70833331 0.75 0.79166669 0.83333331 0.875 0.91666669 0.95833331
            1 1.0416666 1.0833334 1.125 1.1666666 1.2083334 1.25 1.2916666
            1.3333334 1.375 1.4166666 1.4583334 1.5 1.5416666 1.5833334 1.625
            1.6666666 1.7083334 1.75 1.7916666 1.8333334 1.875 1.9166666 1.9583334
            2
          </float_array>
          <technique_common>
            <accessor source="#Wave-LowerLeg_L-input-array" count="49" stride="1">
              <param name="TIME" type="float"/>
            </accessor>
          </technique_common>
        </source>
        <source id="Wave-LowerLeg_L-output">
          <float_array id="Wave-LowerLeg_L-output-array" count="784">
            1 0 0 0 0 1 0 -0.36000001 0 0 1 0 0 0 0 1
            1 0 0 0 0 1 0 -0.36000001 0 0 1 0 0 0 0 1
            1 0 0 0 0 1 0 -0.36000001 0 0 1 0 0 0 0 1
            1 0 0 0 0 1 0 -0.36000001 0 0 1 0 0 0 0 1
            1 0 0 0 0 1 0 -0.36000001 0 0 1 0 0 0 0 1
            1 0 0 0 0 1 0 -0.36000001 0 0 1 0 0 0 0 1
            1 0 0 0 0 1 0 -0.36000001 0 0 1 0 0 0 0 1
            1 0 0 0 0 1 0 -0.36000001 0 0 1 0 0 0 0 1
            1 0 0 0 0 1 0 -0.36000001 0 0 1 0 0 0 0 1
            1 0 0 0 0 1 0 -0.36000001 0 0 1 0 0 0 0 1
            1 0 0 0 0 1 0 -0.36000001 0 0 1 0 0 0 0 1
            1 0 0 0 0 1 0 -0.36000001 0 0 1 0 0 0 0 1
            1 0 0 0 0 1 0 -0.36000001 0 0 1 0 0 0 0 1
            1 0 0 0 0 1 0 -0.36000001 0 0 1 0 0 0 0 1
            1 0 0 0 0 1 0 -0.36000001 0 0 1 0 0 0 0 1
            1 0 0 0 0 1 0 -0.36000001 0 0 1 0 0 0 0 1
            1 0 0 0 0 1 0 -0.36000001 0 0 1 0 0 0 0 1
            1 0 0 0 0 1 0 -0.36000001 0 0 1 0 0 0 0 1
            1 0 0 0 0 1 0 -0.36000001 0 0 1 0 0 0 0 1
            1 0 0 0 0 1 0 -0.36000001 0 0 1 0 0 0 0 1
            1 0 0 0 0 1 0 -0.36000001 0 0 1 0 0 0 0 1
            1 0 0 0 0 1 0 -0.36000001 0 0 1 0 0 0 0 1
            1 0 0 0 0 1 0 -0.36000001 0 0 1 0 0 0 0 1
            1 0 0 0 0 1 0 -0.36000001 0 0 1 0 0 0 0 1
            1 0 0 0 0 1 0 -0.36000001 0 0 1 0 0 0 0 1
            1 0 0 0 0 1 0 -0.36000001 0 0 1 0 0 0 0 1
            1 0 0 0 0 1 0 -0.36000001 0 0 1 0 0 0 0 1
            1 0 0 0 0 1 0 -0.36000001 0 0 1 0 0 0 0 1
            1 0 0 0 0 1 0 -0.36000001 0 0 1 0 0 0 0 1
            1 0 0 0 0 1 0 -0.36000001 0 0 1 0 0 0 0 1
            1 0 0 0 0 1 0 -0.36000001 0 0 1 0 0 0 0 1
            1 0 0 0 0 1 0 -0.36000001 0 0 1 0 0 0 0 1
            1 0 0 0 0 1 0 -0.36000001 0 0 1 0 0 0 0 1
            1 0 0 0 0 1 0 -0.36000001 0 0 1 0 0 0 0 1
            1 0 0 0 0 1 0 -0.36000001 0 0 1 0 0 0 0 1
            1 0 0 0 0 1 0 -0.36000001 0 0 1 0 0 0 0 1
            1 0 0 0 0 1 0 -0.36000001 0 0 1 0 0 0 0 1
            1 0 0 0 0 1 0 -0.36000001 0 0 1 0 0 0 0 1
            1 0 0 0 0 1 0 -0.36000001 0 0 1 0 0 0 0 1
            1 0 0 0 0 1 0 -0.36000001 0 0 1 0 0 0 0 1
            1 0 0 0 0 1 0 -0.36000001 0 0 1 0 0 0 0 1
            1 0 0 0 0 1 0 -0.36000001 0 0 1 0 0 0 0 1
            1 0 0 0 0 1 0 -0.36000001 0 0 1 0 0 0 0 1
            1 0 0 0 0 1 0 -0.36000001 0 0 1 0 0 0 0 1
            1 0 0 0 0 1 0 -0.36000001 0 0 1 0 0 0 0 1
            1 0 0 0 0 1 0 -0.36000001 0 0 1 0 0 0 0 1
            1 0 0 0 0 1 0 -0.36000001 0 0 1 0 0 0 0 1
            1 0 0 0 0 1 0 -0.36000001 0 0 1 0 0 0 0 1
            1 0 0 0 0 1 0 -0.36000001 0 0 1 0 0 0 0 1
          </float_array>
          <technique_common>
            <accessor source="#Wave-LowerLeg_L-output-array" count="49" stride="16">
              <param name="TRANSFORM" type="float4x4"/>
            </accessor>
          </technique_common>
        </source>
        <source id="Wave-LowerLeg_L-interp">
          <Name_array id="Wave-LowerLeg_L-interp-array" count="49">LINEAR LINEAR LINEAR LINEAR LINEAR LINEAR LINEAR LINEAR LINEAR LINEAR LINEAR LINEAR LINEAR LINEAR LINEAR LINEAR LINEAR LINEAR LINEAR LINEAR LINEAR LINEAR LINEAR LINEAR LINEAR LINEAR LINEAR LINEAR LINEAR LINEAR LINEAR LINEAR LINEAR LINEAR LINEAR LINEAR LINEAR LINEAR LINEAR LINEAR LINEAR LINEAR LINEAR LINEAR LINEAR LINEAR LINEAR LINEAR LINEAR</Name_array>
          <technique_common>
            <accessor source="#Wave-LowerLeg_L-interp-array" count="49" stride="1">
              <param name="INTERPOLATION" type="name"/>
            </accessor>
          </technique_common>
        </source>
        <sampler id="Wave-LowerLeg_L-sampler">
          <input semantic="INPUT" source="#Wave-LowerLeg_L-input"/>
          <input semantic="OUTPUT" source="#Wave-LowerLeg_L-output"/>
          <input semantic="INTERPOLATION" source="#Wave-LowerLeg_L-interp"/>
        </sampler>
        <channel source="#Wave-LowerLeg_L-sampler" target="LowerLeg_L/matrix"/>
        <source id="Wave-Foot_L-input">
          <float_array id="Wave-Foot_L-input-array" count="49">
            0 0.041666668 0.083333336 0.125 0.16666667 0.20833333 0.25 0.29166666
            0.33333334 0.375 0.41666666 0.45833334 0.5 0.54166669 0.58333331 0.625
            0.66666669 0.70833331 0.75 0.79166669 0.83333331 0.875 0.91666669 0.95833331
            1 1.0416666 1.0833334 1.125 1.1666666 1.2083334 1.25 1.2916666
            1.3333334 1.375 1.4166666 1.4583334 1.5 1.5416666 1.5833334 1.625
            1.6666666 1.7083334 1.75 1.7916666 1.8333334 1.875 1.9166666 1.9583334
            2
          </float_array>
          <technique_common>
            <accessor source="#Wave-Foot_L-input-array" count="49" stride="1">
              <param name="TIME" type="float"/>
            </accessor>
          </technique_common>
        </source>
        <source id="Wave-Foot_L-output">
          <float_array id="Wave-Foot_L-output-array" count="784">
            1 0 0 0 0 1 0 -0.34 0 0 1 0.059999999 0 0 0 1
            1 0 0 0 0 1 0 -0.34 0 0 1 0.059999999 0 0 0 1
            1 0 0 0 0 1 0 -0.34 0 0 1 0.059999999 0 0 0 1
            1 0 0 0 0 1 0 -0.34 0 0 1 0.059999999 0 0 0 1
            1 0 0 0 0 1 0 -0.34 0 0 1 0.059999999 0 0 0 1
            1 0 0 0 0 1 0 -0.34 0 0 1 0.059999999 0 0 0 1
            1 0 0 0 0 1 0 -0.34 0 0 1 0.059999999 0 0 0 1
            1 0 0 0 0 1 0 -0.34 0 0 1 0.059999999 0 0 0 1
            1 0 0 0 0 1 0 -0.34 0 0 1 0.059999999 0 0 0 1
            1 0 0 0 0 1 0 -0.34 0 0 1 0.059999999 0 0 0 1
            1 0 0 0 0 1 0 -0.34 0 0 1 0.059999999 0 0 0 1
            1 0 0 0 0 1 0 -0.34 0 0 1 0.059999999 0 0 0 1
            1 0 0 0 0 1 0 -0.34 0 0 1 0.059999999 0 0 0 1
            1 0 0 0 0 1 0 -0.34 0 0 1 0.059999999 0 0 0 1
            1 0 0 0 0 1 0 -0.34 0 0 1 0.059999999 0 0 0 1
            1 0 0 0 0 1 0 -0.34 0 0 1 0.059999999 0 0 0 1
            1 0 0 0 0 1 0 -0.34 0 0 1 0.059999999 0 0 0 1
            1 0 0 0 0 1 0 -0.34 0 0 1 0.059999999 0 0 0 1
            1 0 0 0 0 1 0 -0.34 0 0 1 0.059999999 0 0 0 1
            1 0 0 0 0 1 0 -0.34 0 0 1 0.059999999 0 0 0 1
            1 0 0 0 0 1 0 -0.34 0 0 1 0.059999999 0 0 0 1
            1 0 0 0 0 1 0 -0.34 0 0 1 0.059999999 0 0 0 1
            1 0 0 0 0 1 0 -0.34 0 0 1 0.059999999 0 0 0 1
            1 0 0 0 0 1 0 -0.34 0 0 1 0.059999999 0 0 0 1
            1 0 0 0 0 1 0 -0.34 0 0 1 0.059999999 0 0 0 1
            1 0 0 0 0 1 0 -0.34 0 0 1 0.059999999 0 0 0 1
            1 0 0 0 0 1 0 -0.34 0 0 1 0.059999999 0 0 0 1
            1 0 0 0 0 1 0 -0.34 0 0 1 0.059999999 0 0 0 1
            1 0 0 0 0 1 0 -0.34 0 0 1 0.059999999 0 0 0 1
            1 0 0 0 0 1 0 -0.34 0 0 1 0.059999999 0 0 0 1
            1 0 0 0 0 1 0 -0.34 0 0 1 0.059999999 0 0 0 1
            1 0 0 0 0 1 0 -0.34 0 0 1 0.059999999 0 0 0 1
            1 0 0 0 0 1 0 -0.34 0 0 1 0.059999999 0 0 0 1
            1 0 0 0 0 1 0 -0.34 0 0 1 0.059999999 0 0 0 1
            1 0 0 0 0 1 0 -0.34 0 0 1 0.059999999 0 0 0 1
            1 0 0 0 0 1 0 -0.34 0 0 1 0.059999999 0 0 0 1
            1 0 0 0 0 1 0 -0.34 0 0 1 0.059999999 0 0 0 1
            1 0 0 0 0 1 0 -0.34 0 0 1 0.059999999 0 0 0 1
            1 0 0 0 0 1 0 -0.34 0 0 1 0.059999999 0 0 0 1
            1 0 0 0 0 1 0 -0.34 0 0 1 0.059999999 0 0 0 1
            1 0 0 0 0 1 0 -0.34 0 0 1 0.059999999 0 0 0 1
            1 0 0 0 0 1 0 -0.34 0 0 1 0.059999999 0 0 0 1
            1 0 0 0 0 1 0 -0.34 0 0 1 0.059999999 0 0 0 1
            1 0 0 0 0 1 0 -0.34 0 0 1 0.059999999 0 0 0 1
            1 0 0 0 0 1 0 -0.34 0 0 1 0.059999999 0 0 0 1
            1 0 0 0 0 1 0 -0.34 0 0 1 0.059999999 0 0 0 1
            1 0 0 0 0 1 0 -0.34 0 0 1 0.059999999 0 0 0 1
            1 0 0 0 0 1 0 -0.34 0 0 1 0.059999999 0 0 0 1
            1 0 0 0 0 1 0 -0.34 0 0 1 0.059999999 0 0 0 1
          </float_array>
          <technique_common>
            <accessor source="#Wave-Foot_L-output-array" count="49" stride="16">
              <param name="TRANSFORM" type="float4x4"/>
            </accessor>
          </technique_common>
        </source>
        <source id="Wave-Foot_L-interp">
          <Name_array id="Wave-Foot_L-interp-array" count="49">LINEAR LINEAR LINEAR LINEAR LINEAR LINEAR LINEAR LINEAR LINEAR LINEAR LINEAR LINEAR LINEAR LINEAR LINEAR LINEAR LINEAR LINEAR LINEAR LINEAR LINEAR LINEAR LINEAR LINEAR LINEAR LINEAR LINEAR LINEAR LINEAR LINEAR LINEAR LINEAR LINEAR LINEAR LINEAR LINEAR LINEAR LINEAR LINEAR LINEAR LINEAR LINEAR LINEAR LINEAR LINEAR LINEAR LINEAR LINEAR LINEAR</Name_array>
          <technique_common>
            <accessor source="#Wave-Foot_L-interp-array" count="49" stride="1">
              <param name="INTERPOLATION" type="name"/>
            </accessor>
          </technique_common>
        </source>
        <sampler id="Wave-Foot_L-sampler">
          <input semantic="INPUT" source="#Wave-Foot_L-input"/>
          <input semantic="OUTPUT" source="#Wave-Foot_L-output"/>
          <input semantic="INTERPOLATION" source="#Wave-Foot_L-interp"/>
        </sampler>
        <channel source="#Wave-Foot_L-sampler" target="Foot_L/matrix"/>
        <source id="Wave-UpperLeg_R-input">
          <float_array id="Wave-UpperLeg_R-input-array" count="49">
            0 0.041666668 0.083333336 0.125 0.16666667 0.20833333 0.25 0.29166666
            0.33333334 0.375 0.41666666 0.45833334 0.5 0.54166669 0.58333331 0.625
            0.66666669 0.70833331 0.75 0.79166669 0.83333331 0.875 0.91666669 0.95833331
            1 1.0416666 1.0833334 1.125 1.1666666 1.2083334 1.25 1.2916666
            1.3333334 1.375 1.4166666 1.4583334 1.5 1.5416666 1.5833334 1.625
            1.6666666 1.7083334 1.75 1.7916666 1.8333334 1.875 1.9166666 1.9583334
            2
          </float_array>
          <technique_common>
            <accessor source="#Wave-UpperLeg_R-input-array" count="49" stride="1">
              <param name="TIME" type="float"/>
            </accessor>
          </technique_common>
        </source>
        <source id="Wave-UpperLeg_R-output">
          <float_array id="Wave-UpperLeg_R-output-array" count="784">
            1 0 0 0.090000004 0 1 0 -0.059999999 0 0 1 0 0 0 0 1
            1 0 0 0.090000004 0 1 0 -0.059999999 0 0 1 0 0 0 0 1
            1 0 0 0.090000004 0 1 0 -0.059999999 0 0 1 0 0 0 0 1
            1 0 0 0.090000004 0 1 0 -0.059999999 0 0 1 0 0 0 0 1
            1 0 0 0.090000004 0 1 0 -0.059999999 0 0 1 0 0 0 0 1
            1 0 0 0.090000004 0 1 0 -0.059999999 0 0 1 0 0 0 0 1
            1 0 0 0.090000004 0 1 0 -0.059999999 0 0 1 0 0 0 0 1
            1 0 0 0.090000004 0 1 0 -0.059999999 0 0 1 0 0 0 0 1
            1 0 0 0.090000004 0 1 0 -0.059999999 0 0 1 0 0 0 0 1
            1 0 0 0.090000004 0 1 0 -0.059999999 0 0 1 0 0 0 0 1
            1 0 0 0.090000004 0 1 0 -0.059999999 0 0 1 0 0 0 0 1
            1 0 0 0.090000004 0 1 0 -0.059999999 0 0 1 0 0 0 0 1
            1 0 0 0.090000004 0 1 0 -0.059999999 0 0 1 0 0 0 0 1
            1 0 0 0.090000004 0 1 0 -0.059999999 0 0 1 0 0 0 0 1
            1 0 0 0.090000004 0 1 0 -0.059999999 0 0 1 0 0 0 0 1
            1 0 0 0.090000004 0 1 0 -0.059999999 0 0 1 0 0 0 0 1
            1 0 0 0.090000004 0 1 0 -0.059999999 0 0 1 0 0 0 0 1
            1 0 0 0.090000004 0 1 0 -0.059999999 0 0 1 0 0 0 0 1
            1 0 0 0.090000004 0 1 0 -0.059999999 0 0 1 0 0 0 0 1
            1 0 0 0.090000004 0 1 0 -0.059999999 0 0 1 0 0 0 0 1
            1 0 0 0.090000004 0 1 0 -0.059999999 0 0 1 0 0 0 0 1
            1 0 0 0.090000004 0 1 0 -0.059999999 0 0 1 0 0 0 0 1
            1 0 0 0.090000004 0 1 0 -0.059999999 0 0 1 0 0 0 0 1
            1 0 0 0.090000004 0 1 0 -0.059999999 0 0 1 0 0 0 0 1
            1 0 0 0.090000004 0 1 0 -0.059999999 0 0 1 0 0 0 0 1
            1 0 0 0.090000004 0 1 0 -0.059999999 0 0 1 0 0 0 0 1
            1 0 0 0.090000004 0 1 0 -0.059999999 0 0 1 0 0 0 0 1
            1 0 0 0.090000004 0 1 0 -0.059999999 0 0 1 0 0 0 0 1
            1 0 0 0.090000004 0 1 0 -0.059999999 0 0 1 0 0 0 0 1
            1 0 0 0.090000004 0 1 0 -0.059999999 0 0 1 0 0 0 0 1
            1 0 0 0.090000004 0 1 0 -0.059999999 0 0 1 0 0 0 0 1
            1 0 0 0.090000004 0 1 0 -0.059999999 0 0 1 0 0 0 0 1
            1 0 0 0.090000004 0 1 0 -0.059999999 0 0 1 0 0 0 0 1
            1 0 0 0.090000004 0 1 0 -0.059999999 0 0 1 0 0 0 0 1
            1 0 0 0.090000004 0 1 0 -0.059999999 0 0 1 0 0 0 0 1
            1 0 0 0.090000004 0 1 0 -0.059999999 0 0 1 0 0 0 0 1
            1 0 0 0.090000004 0 1 0 -0.059999999 0 0 1 0 0 0 0 1
            1 0 0 0.090000004 0 1 0 -0.059999999 0 0 1 0 0 0 0 1
            1 0 0 0.090000004 0 1 0 -0.059999999 0 0 1 0 0 0 0 1
            1 0 0 0.090000004 0 1 0 -0.059999999 0 0 1 0 0 0 0 1
            1 0 0 0.090000004 0 1 0 -0.059999999 0 0 1 0 0 0 0 1
            1 0 0 0.090000004 0 1 0 -0.059999999 0 0 1 0 0 0 0 1
            1 0 0 0.090000004 0 1 0 -0.059999999 0 0 1 0 0 0 0 1
            1 0 0 0.090000004 0 1 0 -0.059999999 0 0 1 0 0 0 0 1
            1 0 0 0.090000004 0 1 0 -0.059999999 0 0 1 0 0 0 0 1
            1 0 0 0.090000004 0 1 0 -0.059999999 0 0 1 0 0 0 0 1
            1 0 0 0.090000004 0 1 0 -0.059999999 0 0 1 0 0 0 0 1
            1 0 0 0.090000004 0 1 0 -0.059999999 0 0 1 0 0 0 0 1
            1 0 0 0.090000004 0 1 0 -0.059999999 0 0 1 0 0 0 0 1
          </float_array>
          <technique_common>
            <accessor source="#Wave-UpperLeg_R-output-array" count="49" stride="16">
              <param name="TRANSFORM" type="float4x4"/>
            </accessor>
          </technique_common>
        </source>
        <source id="Wave-UpperLeg_R-interp">
          <Name_array id="Wave-UpperLeg_R-interp-array" count="49">LINEAR LINEAR LINEAR LINEAR LINEAR LINEAR LINEAR LINEAR LINEAR LINEAR LINEAR LINEAR LINEAR LINEAR LINEAR LINEAR LINEAR LINEAR LINEAR LINEAR LINEAR LINEAR LINEAR LINEAR LINEAR LINEAR LINEAR LINEAR LINEAR LINEAR LINEAR LINEAR LINEAR LINEAR LINEAR LINEAR LINEAR LINEAR LINEAR LINEAR LINEAR LINEAR LINEAR LINEAR LINEAR LINEAR LINEAR LINEAR LINEAR</Name_array>
          <technique_common>
            <accessor source="#Wave-UpperLeg_R-interp-array" count="49" stride="1">
              <param name="INTERPOLATION" type="name"/>
            </accessor>
          </technique_common>
        </source>
        <sampler id="Wave-UpperLeg_R-sampler">
          <input semantic="INPUT" source="#Wave-UpperLeg_R-input"/>
          <input semantic="OUTPUT" source="#Wave-UpperLeg_R-output"/>
          <input semantic="INTERPOLATION" source="#Wave-UpperLeg_R-interp"/>
        </sampler>
        <channel source="#Wave-UpperLeg_R-sampler" target="UpperLeg_R/matrix"/>
        <source id="Wave-LowerLeg_R-input">
          <float_array id="Wave-LowerLeg_R-input-array" count="49">
            0 0.041666668 0.083333336 0.125 0.16666667 0.20833333 0.25 0.29166666
            0.33333334 0.375 0.41666666 0.45833334 0.5 0.54166669 0.58333331 0.625
            0.66666669 0.70833331 0.75 0.79166669 0.83333331 0.875 0.91666669 0.95833331
            1 1.0416666 1.0833334 1.125 1.1666666 1.2083334 1.25 1.2916666
            1.3333334 1.375 1.4166666 1.4583334 1.5 1.5416666 1.5833334 1.625
            1.6666666 1.7083334 1.75 1.7916666 1.8333334 1.875 1.9166666 1.9583334
            2
          </float_array>
          <technique_common>
            <accessor source="#Wave-LowerLeg_R-input-array" count="49" stride="1">
              <param name="TIME" type="float"/>
            </accessor>
          </technique_common>
        </source>
        <source id="Wave-LowerLeg_R-output">
          <float_array id="Wave-LowerLeg_R-output-array" count="784">
            1 0 0 0 0 1 0 -0.36000001 0 0 1 0 0 0 0 1
            1 0 0 0 0 1 0 -0.36000001 0 0 1 0 0 0 0 1
            1 0 0 0 0 1 0 -0.36000001 0 0 1 0 0 0 0 1
            1 0 0 0 0 1 0 -0.36000001 0 0 1 0 0 0 0 1
            1 0 0 0 0 1 0 -0.36000001 0 0 1 0 0 0 0 1
            1 0 0 0 0 1 0 -0.36000001 0 0 1 0 0 0 0 1
            1 0 0 0 0 1 0 -0.36000001 0 0 1 0 0 0 0 1
            1 0 0 0 0 1 0 -0.36000001 0 0 1 0 0 0 0 1
            1 0 0 0 0 1 0 -0.36000001 0 0 1 0 0 0 0 1
            1 0 0 0 0 1 0 -0.36000001 0 0 1 0 0 0 0 1
            1 0 0 0 0 1 0 -0.36000001 0 0 1 0 0 0 0 1
            1 0 0 0 0 1 0 -0.36000001 0 0 1 0 0 0 0 1
            1 0 0 0 0 1 0 -0.36000001 0 0 1 0 0 0 0 1
            1 0 0 0 0 1 0 -0.36000001 0 0 1 0 0 0 0 1
            1 0 0 0 0 1 0 -0.36000001 0 0 1 0 0 0 0 1
            1 0 0 0 0 1 0 -0.36000001 0 0 1 0 0 0 0 1
            1 0 0 0 0 1 0 -0.36000001 0 0 1 0 0 0 0 1
            1 0 0 0 0 1 0 -0.36000001 0 0 1 0 0 0 0 1
            1 0 0 0 0 1 0 -0.36000001 0 0 1 0 0 0 0 1
            1 0 0 0 0 1 0 -0.36000001 0 0 1 0 0 0 0 1
            1 0 0 0 0 1 0 -0.36000001 0 0 1 0 0 0 0 1
            1 0 0 0 0 1 0 -0.36000001 0 0 1 0 0 0 0 1
            1 0 0 0 0 1 0 -0.36000001 0 0 1 0 0 0 0 1
            1 0 0 0 0 1 0 -0.36000001 0 0 1 0 0 0 0 1
            1 0 0 0 0 1 0 -0.36000001 0 0 1 0 0 0 0 1
            1 0 0 0 0 1 0 -0.36000001 0 0 1 0 0 0 0 1
            1 0 0 0 0 1 0 -0.36000001 0 0 1 0 0 0 0 1
            1 0 0 0 0 1 0 -0.36000001 0 0 1 0 0 0 0 1
            1 0 0 0 0 1 0 -0.36000001 0 0 1 0 0 0 0 1
            1 0 0 0 0 1 0 -0.36000001 0 0 1 0 0 0 0 1
            1 0 0 0 0 1 0 -0.36000001 0 0 1 0 0 0 0 1
            1 0 0 0 0 1 0 -0.36000001 0 0 1 0 0 0 0 1
            1 0 0 0 0 1 0 -0.36000001 0 0 1 0 0 0 0 1
            1 0 0 0 0 1 0 -0.36000001 0 0 1 0 0 0 0 1
            1 0 0 0 0 1 0 -0.36000001 0 0 1 0 0 0 0 1
            1 0 0 0 0 1 0 -0.36000001 0 0 1 0 0 0 0 1
            1 0 0 0 0 1 0 -0.36000001 0 0 1 0 0 0 0 1
            1 0 0 0 0 1 0 -0.36000001 0 0 1 0 0 0 0 1
            1 0 0 0 0 1 0 -0.36000001 0 0 1 0 0 0 0 1
            1 0 0 0 0 1 0 -0.36000001 0 0 1 0 0 0 0 1
            1 0 0 0 0 1 0 -0.36000001 0 0 1 0 0 0 0 1
            1 0 0 0 0 1 0 -0.36000001 0 0 1 0 0 0 0 1
            1 0 0 0 0 1 0 -0.36000001 0 0 1 0 0 0 0 1
            1 0 0 0 0 1 0 -0.36000001 0 0 1 0 0 0 0 1
            1 0 0 0 0 1 0 -0.36000001 0 0 1 0 0 0 0 1
            1 0 0 0 0 1 0 -0.36000001 0 0 1 0 0 0 0 1
            1 0 0 0 0 1 0 -0.36000001 0 0 1 0 0 0 0 1
            1 0 0 0 0 1 0 -0.36000001 0 0 1 0 0 0 0 1
            1 0 0 0 0 1 0 -0.36000001 0 0 1 0 0 0 0 1
          </float_array>
          <technique_common>
            <accessor source="#Wave-LowerLeg_R-output-array" count="49" stride="16">
              <param name="TRANSFORM" type="float4x4"/>
            </accessor>
          </technique_common>
        </source>
        <source id="Wave-LowerLeg_R-interp">
          <Name_array id="Wave-LowerLeg_R-interp-array" count="49">LINEAR LINEAR LINEAR LINEAR LINEAR LINEAR LINEAR LINEAR LINEAR LINEAR LINEAR LINEAR LINEAR LINEAR LINEAR LINEAR LINEAR LINEAR LINEAR LINEAR LINEAR LINEAR LINEAR LINEAR LINEAR LINEAR LINEAR LINEAR LINEAR LINEAR LINEAR LINEAR LINEAR LINEAR LINEAR LINEAR LINEAR LINEAR LINEAR LINEAR LINEAR LINEAR LINEAR LINEAR LINEAR LINEAR LINEAR LINEAR LINEAR</Name_array>
          <technique_common>
            <accessor source="#Wave-LowerLeg_R-interp-array" count="49" stride="1">
              <param name="INTERPOLATION" type="name"/>
            </accessor>
          </technique_common>
        </source>
        <sampler id="Wave-LowerLeg_R-sampler">
          <input semantic="INPUT" source="#Wave-LowerLeg_R-input"/>
          <input semantic="OUTPUT" source="#Wave-LowerLeg_R-output"/>
          <input semantic="INTERPOLATION" source="#Wave-LowerLeg_R-interp"/>
        </sampler>
        <channel source="#Wave-LowerLeg_R-sampler" target="LowerLeg_R/matrix"/>
        <source id="Wave-Foot_R-input">
          <float_array id="Wave-Foot_R-input-array" count="49">
            0 0.041666668 0.083333336 0.125 0.16666667 0.20833333 0.25 0.29166666
            0.33333334 0.375 0.41666666 0.45833334 0.5 0.54166669 0.58333331 0.625
            0.66666669 0.70833331 0.75 0.79166669 0.83333331 0.875 0.91666669 0.95833331
            1 1.0416666 1.0833334 1.125 1.1666666 1.2083334 1.25 1.2916666
            1.3333334 1.375 1.4166666 1.4583334 1.5 1.5416666 1.5833334 1.625
            1.6666666 1.7083334 1.75 1.7916666 1.8333334 1.875 1.9166666 1.9583334
            2
          </float_array>
          <technique_common>
            <accessor source="#Wave-Foot_R-input-array" count="49" stride="1">
              <param name="TIME" type="float"/>
            </accessor>
          </technique_common>
        </source>
        <source id="Wave-Foot_R-output">
          <float_array id="Wave-Foot_R-output-array" count="784">
            1 0 0 0 0 1 0 -0.34 0 0 1 0.059999999 0 0 0 1
            1 0 0 0 0 1 0 -0.34 0 0 1 0.059999999 0 0 0 1
            1 0 0 0 0 1 0 -0.34 0 0 1 0.059999999 0 0 0 1
            1 0 0 0 0 1 0 -0.34 0 0 1 0.059999999 0 0 0 1
            1 0 0 0 0 1 0 -0.34 0 0 1 0.059999999 0 0 0 1
            1 0 0 0 0 1 0 -0.34 0 0 1 0.059999999 0 0 0 1
            1 0 0 0 0 1 0 -0.34 0 0 1 0.059999999 0 0 0 1
            1 0 0 0 0 1 0 -0.34 0 0 1 0.059999999 0 0 0 1
            1 0 0 0 0 1 0 -0.34 0 0 1 0.059999999 0 0 0 1
            1 0 0 0 0 1 0 -0.34 0 0 1 0.059999999 0 0 0 1
            1 0 0 0 0 1 0 -0.34 0 0 1 0.059999999 0 0 0 1
            1 0 0 0 0 1 0 -0.34 0 0 1 0.059999999 0 0 0 1
            1 0 0 0 0 1 0 -0.34 0 0 1 0.059999999 0 0 0 1
            1 0 0 0 0 1 0 -0.34 0 0 1 0.059999999 0 0 0 1
            1 0 0 0 0 1 0 -0.34 0 0 1 0.059999999 0 0 0 1
            1 0 0 0 0 1 0 -0.34 0 0 1 0.059999999 0 0 0 1
            1 0 0 0 0 1 0 -0.34 0 0 1 0.059999999 0 0 0 1
            1 0 0 0 0 1 0 -0.34 0 0 1 0.059999999 0 0 0 1
            1 0 0 0 0 1 0 -0.34 0 0 1 0.059999999 0 0 0 1
            1 0 0 0 0 1 0 -0.34 0 0 1 0.059999999 0 0 0 1
            1 0 0 0 0 1 0 -0.34 0 0 1 0.059999999 0 0 0 1
            1 0 0 0 0 1 0 -0.34 0 0 1 0.059999999 0 0 0 1
            1 0 0 0 0 1 0 -0.34 0 0 1 0.059999999 0 0 0 1
            1 0 0 0 0 1 0 -0.34 0 0 1 0.059999999 0 0 0 1
            1 0 0 0 0 1 0 -0.34 0 0 1 0.059999999 0 0 0 1
            1 0 0 0 0 1 0 -0.34 0 0 1 0.059999999 0 0 0 1
            1 0 0 0 0 1 0 -0.34 0 0 1 0.059999999 0 0 0 1
            1 0 0 0 0 1 0 -0.34 0 0 1 0.059999999 0 0 0 1
            1 0 0 0 0 1 0 -0.34 0 0 1 0.059999999 0 0 0 1
            1 0 0 0 0 1 0 -0.34 0 0 1 0.059999999 0 0 0 1
            1 0 0 0 0 1 0 -0.34 0 0 1 0.059999999 0 0 0 1
            1 0 0 0 0 1 0 -0.34 0 0 1 0.059999999 0 0 0 1
            1 0 0 0 0 1 0 -0.34 0 0 1 0.059999999 0 0 0 1
            1 0 0 0 0 1 0 -0.34 0 0 1 0.059999999 0 0 0 1
            1 0 0 0 0 1 0 -0.34 0 0 1 0.059999999 0 0 0 1
            1 0 0 0 0 1 0 -0.34 0 0 1 0.059999999 0 0 0 1
            1 0 0 0 0 1 0 -0.34 0 0 1 0.059999999 0 0 0 1
            1 0 0 0 0 1 0 -0.34 0 0 1 0.059999999 0 0 0 1
            1 0 0 0 0 1 0 -0.34 0 0 1 0.059999999 0 0 0 1
            1 0 0 0 0 1 0 -0.34 0 0 1 0.059999999 0 0 0 1
            1 0 0 0 0 1 0 -0.34 0 0 1 0.059999999 0 0 0 1
            1 0 0 0 0 1 0 -0.34 0 0 1 0.059999999 0 0 0 1
            1 0 0 0 0 1 0 -0.34 0 0 1 0.059999999 0 0 0 1
            1 0 0 0 0 1 0 -0.34 0 0 1 0.059999999 0 0 0 1
            1 0 0 0 0 1 0 -0.34 0 0 1 0.059999999 0 0 0 1
            1 0 0 0 0 1 0 -0.34 0 0 1 0.059999999 0 0 0 1
            1 0 0 0 0 1 0 -0.34 0 0 1 0.059999999 0 0 0 1
            1 0 0 0 0 1 0 -0.34 0 0 1 0.059999999 0 0 0 1
            1 0 0 0 0 1 0 -0.34 0 0 1 0.059999999 0 0 0 1
          </float_array>
          <technique_common>
            <accessor source="#Wave-Foot_R-output-array" count="49" stride="16">
              <param name="TRANSFORM" type="float4x4"/>
            </accessor>
          </technique_common>
        </source>
        <source id="Wave-Foot_R-interp">
          <Name_array id="Wave-Foot_R-interp-array" count="49">LINEAR LINEAR LINEAR LINEAR LINEAR LINEAR LINEAR LINEAR LINEAR LINEAR LINEAR LINEAR LINEAR LINEAR LINEAR LINEAR LINEAR LINEAR LINEAR LINEAR LINEAR LINEAR LINEAR LINEAR LINEAR LINEAR LINEAR LINEAR LINEAR LINEAR LINEAR LINEAR LINEAR LINEAR LINEAR LINEAR LINEAR LINEAR LINEAR LINEAR LINEAR LINEAR LINEAR LINEAR LINEAR LINEAR LINEAR LINEAR LINEAR</Name_array>
          <technique_common>
            <accessor source="#Wave-Foot_R-interp-array" count="49" stride="1">
              <param name="INTERPOLATION" type="name"/>
            </accessor>
          </technique_common>
        </source>
        <sampler id="Wave-Foot_R-sampler">
          <input semantic="INPUT" source="#Wave-Foot_R-input"/>
          <input semantic="OUTPUT" source="#Wave-Foot_R-output"/>
          <input semantic="INTERPOLATION" source="#Wave-Foot_R-interp"/>
        </sampler>
        <channel source="#Wave-Foot_R-sampler" target="Foot_R/matrix"/>
      </animation>
  </library_animations>
  <library_visual_scenes>
    <visual_scene id="StarterCharacter" name="StarterCharacter">
        <node id="Root" name="Root" sid="Root" type="JOINT">
          <matrix sid="matrix">1 0 0 0 0 1 0 0 0 0 1 0 0 0 0 1</matrix>
          <node id="Hips" name="Hips" sid="Hips" type="JOINT">
            <matrix sid="matrix">1 0 0 0 0 1 0 0.82 0 0 1 0 0 0 0 1</matrix>
            <node id="Spine" name="Spine" sid="Spine" type="JOINT">
              <matrix sid="matrix">1 0 0 0 0 1 0 0.12 0 0 1 0 0 0 0 1</matrix>
              <node id="Chest" name="Chest" sid="Chest" type="JOINT">
                <matrix sid="matrix">1 0 0 0 0 1 0 0.2 0 0 1 0 0 0 0 1</matrix>
                <node id="Neck" name="Neck" sid="Neck" type="JOINT">
                  <matrix sid="matrix">1 0 0 0 0 1 0 0.18 0 0 1 0 0 0 0 1</matrix>
                  <node id="Head" name="Head" sid="Head" type="JOINT">
                    <matrix sid="matrix">1 0 0 0 0 1 0 0.1 0 0 1 0 0 0 0 1</matrix>
                  </node>
                </node>
                <node id="UpperArm_L" name="UpperArm_L" sid="UpperArm_L" type="JOINT">
                  <matrix sid="matrix">1 0 0 -0.2 0 1 0 0.1 0 0 1 0 0 0 0 1</matrix>
                  <node id="LowerArm_L" name="LowerArm_L" sid="LowerArm_L" type="JOINT">
                    <matrix sid="matrix">1 0 0 0 0 1 0 -0.24 0 0 1 0 0 0 0 1</matrix>
                    <node id="Hand_L" name="Hand_L" sid="Hand_L" type="JOINT">
                      <matrix sid="matrix">1 0 0 0 0 1 0 -0.22 0 0 1 0 0 0 0 1</matrix>
                    </node>
                  </node>
                </node>
                <node id="UpperArm_R" name="UpperArm_R" sid="UpperArm_R" type="JOINT">
                  <matrix sid="matrix">1 0 0 0.2 0 1 0 0.1 0 0 1 0 0 0 0 1</matrix>
                  <node id="LowerArm_R" name="LowerArm_R" sid="LowerArm_R" type="JOINT">
                    <matrix sid="matrix">1 0 0 0 0 1 0 -0.24 0 0 1 0 0 0 0 1</matrix>
                    <node id="Hand_R" name="Hand_R" sid="Hand_R" type="JOINT">
                      <matrix sid="matrix">1 0 0 0 0 1 0 -0.22 0 0 1 0 0 0 0 1</matrix>
                    </node>
                  </node>
                </node>
              </node>
            </node>
            <node id="UpperLeg_L" name="UpperLeg_L" sid="UpperLeg_L" type="JOINT">
              <matrix sid="matrix">1 0 0 -0.09 0 1 0 -0.06 0 0 1 0 0 0 0 1</matrix>
              <node id="LowerLeg_L" name="LowerLeg_L" sid="LowerLeg_L" type="JOINT">
                <matrix sid="matrix">1 0 0 0 0 1 0 -0.36 0 0 1 0 0 0 0 1</matrix>
                <node id="Foot_L" name="Foot_L" sid="Foot_L" type="JOINT">
                  <matrix sid="matrix">1 0 0 0 0 1 0 -0.34 0 0 1 0.06 0 0 0 1</matrix>
                </node>
              </node>
            </node>
            <node id="UpperLeg_R" name="UpperLeg_R" sid="UpperLeg_R" type="JOINT">
              <matrix sid="matrix">1 0 0 0.09 0 1 0 -0.06 0 0 1 0 0 0 0 1</matrix>
              <node id="LowerLeg_R" name="LowerLeg_R" sid="LowerLeg_R" type="JOINT">
                <matrix sid="matrix">1 0 0 0 0 1 0 -0.36 0 0 1 0 0 0 0 1</matrix>
                <node id="Foot_R" name="Foot_R" sid="Foot_R" type="JOINT">
                  <matrix sid="matrix">1 0 0 0 0 1 0 -0.34 0 0 1 0.06 0 0 0 1</matrix>
                </node>
              </node>
            </node>
          </node>
        </node>
        <node id="StarterCharacter_Mesh" name="StarterCharacter_Mesh" sid="StarterCharacter_Mesh">
          <matrix sid="matrix">1 0 0 0 0 1 0 0 0 0 1 0 0 0 0 1</matrix>
          <instance_controller url="#StarterCharacter-skin">
            <skeleton>#Root</skeleton>
            <bind_material>
              <technique_common>
                <instance_material symbol="mat" target="#StarterCharacter-mat">
                  <bind_vertex_input semantic="UVSET0" input_semantic="TEXCOORD" input_set="0"/>
                </instance_material>
              </technique_common>
            </bind_material>
          </instance_controller>
        </node>
    </visual_scene>
  </library_visual_scenes>
  <scene>
    <instance_visual_scene url="#StarterCharacter"/>
  </scene>
</COLLADA>
